image_path,label_fingers,x0,x4,x8,x12,x16,x20,y0,y4,y8,y12,y16,y20,z0,z4,z8,z12,z16,z20
dataset/0_46_jpg.rf.3197f91537ba5de6d9e1b123bb52e2fd.jpg,0,0.7553867101669312,0.501471996307373,0.6095478534698486,0.6092660427093506,0.6123751401901245,0.5937030911445618,0.43698394298553467,0.2769320607185364,0.28816553950309753,0.3344556391239166,0.3872458338737488,0.4378651976585388,-8.937769280237262e-07,-0.051434312015771866,-0.09628729522228241,-0.05879167467355728,-0.013131100684404373,-0.004290211480110884
dataset/1_22_jpg.rf.3bf1a8b0ae29b2c882339f74e32809d2.jpg,1,0.6218152642250061,0.4573560059070587,0.42898136377334595,0.5015888810157776,0.5093130469322205,0.44928404688835144,0.9057022333145142,0.6211643218994141,0.28683578968048096,0.6814379096031189,0.7619014382362366,0.7874292135238647,3.1996432880987413e-07,-0.2505323588848114,-0.19621993601322174,-0.2039242833852768,-0.1538442224264145,-0.12925490736961365
dataset/4_98_jpg.rf.1bd36cd06b31b0366e558e3d08d41544.jpg,4,0.39463937282562256,0.47323882579803467,0.35156476497650146,0.5463190674781799,0.7478768825531006,0.8664032220840454,0.7750592231750488,0.5240236520767212,0.15596473217010498,0.13762176036834717,0.2207391858100891,0.3707208037376404,6.971009725020849e-07,-0.12686128914356232,-0.1268010437488556,-0.13363896310329437,-0.18304362893104553,-0.18439598381519318
dataset/5_135_jpg.rf.e1dba2387500d1eff838c057a6a1efad.jpg,5,0.7552658915519714,0.8109043836593628,0.5400291681289673,0.3472491502761841,0.3209724724292755,0.30888834595680237,0.8679733276367188,0.445256769657135,0.16854265332221985,0.2894606590270996,0.38972634077072144,0.5913822650909424,1.1321019428578438e-06,-0.27376917004585266,-0.30357614159584045,-0.27061229944229126,-0.232742577791214,-0.2014632225036621
dataset/1_100_jpg.rf.fb7f8c0b12b096555afb6e8132aba9f9.jpg,1,0.6884188652038574,0.4684036672115326,0.3597250282764435,0.5221520066261292,0.5496426224708557,0.5018852949142456,0.8920672535896301,0.6280838847160339,0.30183470249176025,0.6705173850059509,0.7567251920700073,0.7947666645050049,2.815316406667989e-07,-0.2285953015089035,-0.18348881602287292,-0.17968270182609558,-0.1368991881608963,-0.12303867936134338
dataset/4_164_jpg.rf.5c20b09de797f8ca01408e3f5346de7b.jpg,4,0.6454110145568848,0.5766133666038513,0.7175519466400146,0.5142202973365784,0.3165457248687744,0.1855325996875763,0.9205435514450073,0.7007838487625122,0.29806268215179443,0.2766043245792389,0.36536920070648193,0.5066522359848022,1.432669364476169e-06,-0.17908844351768494,-0.20324279367923737,-0.1829543262720108,-0.19913142919540405,-0.1800347864627838
dataset/4_156_jpg.rf.9bc3ca88d5ae75cc9575b06c27b87377.jpg,4,0.4626592695713043,0.3700188398361206,0.5112333297729492,0.35803908109664917,0.30678167939186096,0.22945772111415863,0.8756822347640991,0.7449700832366943,0.2510979175567627,0.24525544047355652,0.3103357255458832,0.4779365658760071,1.0405655075373943e-06,-0.1675119698047638,-0.20994782447814941,-0.19745393097400665,-0.1859729290008545,-0.16243259608745575
dataset/1_26_jpg.rf.62b97347db8bdb53c918083b2de99262.jpg,1,0.5085250735282898,0.48548266291618347,0.4836452901363373,0.5073444247245789,0.47580814361572266,0.4184280037879944,0.7905511856079102,0.4865351617336273,0.26207566261291504,0.5931938886642456,0.6449507474899292,0.6524636149406433,-4.348207482962607e-08,-0.09248759597539902,-0.0788450613617897,-0.08663264662027359,-0.04641710966825485,-0.04166533797979355
dataset/0_116_jpg.rf.59a825b6895d9336e97af1f77cd9a0aa.jpg,0,0.6335972547531128,0.7810296416282654,0.7167650461196899,0.7307184934616089,0.7361415028572083,0.7545546293258667,0.7083069682121277,0.4830019474029541,0.5391594767570496,0.5892026424407959,0.6421066522598267,0.6872285604476929,-1.0124625759999617e-06,-0.047329701483249664,-0.06682606041431427,-0.04444471374154091,-0.020246271044015884,-0.018903467804193497
dataset/5_132_jpg.rf.5bafcc9cd1ffe34eca3db9faa3074f84.jpg,5,0.6100769639015198,0.9354771375656128,0.6048209071159363,0.47893911600112915,0.3534564971923828,0.2747752070426941,0.754497766494751,0.42490363121032715,0.12304067611694336,0.09695562720298767,0.18178968131542206,0.3199969530105591,8.896486178855412e-07,-0.1224689856171608,-0.11732933670282364,-0.12485165148973465,-0.14444409310817719,-0.14602412283420563
dataset/5_89_jpg.rf.edaa178759a63f158ccb19ab3492a277.jpg,5,0.6279609799385071,0.9829418659210205,0.6385993957519531,0.48515784740448,0.3498798608779907,0.2389557659626007,0.7008458375930786,0.39594000577926636,0.174437016248703,0.15700018405914307,0.2178550511598587,0.31837061047554016,9.19115052511188e-07,-0.07658261060714722,-0.029542608186602592,-0.030432160943746567,-0.06585735827684402,-0.08344963937997818
dataset/4_177_jpg.rf.da32c7013a8ad4d9c5a215a40474a419.jpg,4,0.6423617601394653,0.5689568519592285,0.594316840171814,0.3845093250274658,0.23206400871276855,0.1546163260936737,1.004749059677124,0.7389770150184631,0.22941657900810242,0.22876256704330444,0.365919828414917,0.5574307441711426,1.270635834771383e-06,-0.19865192472934723,-0.21727445721626282,-0.20795859396457672,-0.22105441987514496,-0.21116262674331665
dataset/1_178_jpg.rf.519e960f52529c48053af0b1003ff365.jpg,1,0.5049928426742554,0.4457610547542572,0.5608757734298706,0.46293702721595764,0.43631669878959656,0.37258031964302063,0.9383842945098877,0.6147451400756836,0.2829926908016205,0.6645628809928894,0.7619476914405823,0.7817270159721375,1.476130080391158e-07,-0.2203778475522995,-0.19060461223125458,-0.19957652688026428,-0.14036138355731964,-0.1171497330069542
dataset/5_107_jpg.rf.5fc740c19f5e38692bb4f41ee7fea1e6.jpg,5,0.41391637921333313,0.5978926420211792,0.61836838722229,0.4324236810207367,0.3717159032821655,0.2578142285346985,0.9274974465370178,0.48946160078048706,0.15936589241027832,0.09970635175704956,0.13686177134513855,0.2838972806930542,9.30138469357189e-07,-0.19266632199287415,-0.2494857907295227,-0.2486146241426468,-0.23472996056079865,-0.21716800332069397
dataset/4_52_jpg.rf.aea4a6e3ed669226a85743c815a37dde.jpg,4,0.5983043313026428,0.48821821808815,0.4813358783721924,0.40389788150787354,0.35835495591163635,0.2942965626716614,0.78763747215271,0.6177805662155151,0.10039490461349487,0.08538249135017395,0.17382067441940308,0.33979588747024536,8.88055978975899e-07,-0.16067349910736084,-0.19162416458129883,-0.17888660728931427,-0.17478154599666595,-0.15606720745563507
dataset/0_148_jpg.rf.748cc7f1020a6018b6aab62ea2a372af.jpg,0,0.3855677545070648,0.4146265685558319,0.41547852754592896,0.3750983774662018,0.34095457196235657,0.3022977113723755,0.6988786458969116,0.4648767411708832,0.5449430346488953,0.5721487402915955,0.5929479598999023,0.6024852395057678,-6.794503519813588e-07,-0.030085489153862,-0.052974801510572433,-0.06247635930776596,-0.028620021417737007,-0.018227113410830498
dataset/1_24_jpg.rf.8f1d4e7aa92d266e2959e3fb691c386d.jpg,1,0.8472080826759338,0.6463636159896851,0.4039571285247803,0.6758712530136108,0.748926043510437,0.8015205264091492,0.23641231656074524,0.5413589477539062,0.8073768615722656,0.44706204533576965,0.38887739181518555,0.4110877513885498,3.275619917531003e-07,-0.23414848744869232,-0.16335932910442352,-0.14278903603553772,-0.11179611831903458,-0.11235123127698898
dataset/4_142_jpg.rf.ade5b0a925c7b1a3f3de661d09ef518a.jpg,4,0.5234156250953674,0.4881086051464081,0.6078515648841858,0.5508317947387695,0.49921849370002747,0.4161624014377594,0.7231080532073975,0.5080092549324036,0.13558554649353027,0.09120643138885498,0.12995263934135437,0.22145773470401764,7.956159038258193e-07,-0.140336811542511,-0.17892934381961823,-0.16199856996536255,-0.14894060790538788,-0.13297036290168762
dataset/3_55_jpg.rf.6401eb804e4d4d2d98083392f9d82e0b.jpg,3,0.4044803977012634,0.5122714638710022,0.42221325635910034,0.5665401220321655,0.680181622505188,0.5052016973495483,0.8197288513183594,0.5297094583511353,0.1720007359981537,0.16870933771133423,0.26214855909347534,0.6532523036003113,3.359228628596611e-07,-0.06726754456758499,-0.06793195009231567,-0.08535128086805344,-0.1587519496679306,-0.13491931557655334
dataset/0_37_jpg.rf.9491d8bb306faba142fb8c0bc82bff67.jpg,0,0.5662432909011841,0.29347509145736694,0.37907645106315613,0.41580796241760254,0.4567282497882843,0.48788177967071533,0.5991087555885315,0.635733962059021,0.5912981033325195,0.6352218389511108,0.6825056672096252,0.7381004691123962,-7.390771088466863e-07,-0.06271432340145111,-0.09206662327051163,-0.07690660655498505,-0.03586619719862938,-0.02657821960747242
dataset/3_83_jpg.rf.2f295b13c664dacaa8debb9287571232.jpg,3,0.6214463114738464,0.7407974004745483,0.6361773014068604,0.7109375596046448,0.7946990728378296,0.7419131994247437,0.8365485072135925,0.586384117603302,0.3134784996509552,0.2935165464878082,0.330430269241333,0.6901842951774597,1.090732439479325e-06,-0.07672777026891708,-0.03114001639187336,0.03535177931189537,-0.13676628470420837,-0.14107394218444824
dataset/2_114_jpg.rf.7ec43fefcb6fdf416b93df88122f0362.jpg,2,0.6016567349433899,0.7180708646774292,0.5993968844413757,0.7695541977882385,0.6993091106414795,0.7199593186378479,0.8953673839569092,0.7244397401809692,0.3130861520767212,0.3298370838165283,0.6977689266204834,0.7534273862838745,6.805134376008937e-07,-0.15410684049129486,-0.1979428231716156,-0.15558570623397827,-0.11244489997625351,-0.10938791930675507
dataset/3_27_jpg.rf.5cdc1e1ca8e2b4d6d6ce2705746ae41d.jpg,3,0.5158533453941345,0.6101126074790955,0.5326834917068481,0.6106480360031128,0.6777363419532776,0.6147823929786682,0.8365296125411987,0.5715613961219788,0.31259068846702576,0.2911771237850189,0.3205937147140503,0.6818571090698242,8.457911349069036e-07,-0.00796490628272295,0.015746990218758583,0.028587302193045616,-0.1266726553440094,-0.12698878347873688
dataset/3_18_jpg.rf.0908c95ed5c2f6508da2b2f9671625db.jpg,3,0.6645313501358032,0.4919084906578064,0.6513367295265198,0.4088272154331207,0.3457733988761902,0.5024253129959106,0.9129726886749268,0.8013323545455933,0.056460022926330566,0.09144142270088196,0.2525384724140167,0.7606462240219116,2.0059087546542287e-06,-0.40209612250328064,-0.48212742805480957,-0.431942880153656,-0.3859560787677765,-0.28741008043289185
dataset/4_26_jpg.rf.0588fcca52afae7ee5ddf81070249529.jpg,4,0.5511314868927002,0.4270547032356262,0.49888670444488525,0.35826820135116577,0.25243693590164185,0.1869029402732849,0.9109539985656738,0.6321356892585754,0.2640265226364136,0.2839996814727783,0.3787938356399536,0.5176758170127869,8.752086273489113e-07,-0.07866134494543076,-0.06280963122844696,-0.041960448026657104,-0.06349238753318787,-0.05926904454827309
dataset/5_113_jpg.rf.911861eec70c74ae4838e666fa240e77.jpg,5,0.5494092106819153,0.8322628736495972,0.49652761220932007,0.4290545880794525,0.36172395944595337,0.30631330609321594,0.7199509143829346,0.46309328079223633,0.3047425448894501,0.2802703380584717,0.3195778727531433,0.3738707900047302,7.22100423899974e-07,-0.008444158360362053,0.03577370569109917,0.029723452404141426,0.005349799524992704,0.004192583728581667
dataset/4_140_jpg.rf.b0bb32f72119157bb81c43a57e24327e.jpg,4,0.45666322112083435,0.4533599615097046,0.39829885959625244,0.45928433537483215,0.5062667727470398,0.5608147978782654,0.7206792831420898,0.5199227333068848,0.12724915146827698,0.08901810646057129,0.1316756308078766,0.22665894031524658,4.965482958141365e-07,-0.13615845143795013,-0.16133970022201538,-0.1505098193883896,-0.14661894738674164,-0.14469216763973236
dataset/2_115_jpg.rf.11c77bf6502a3e7f4326b7283e3915e9.jpg,2,0.5383040904998779,0.5733253359794617,0.6550080180168152,0.4985242486000061,0.5219542384147644,0.46656447649002075,0.8821864724159241,0.5389708876609802,0.22840160131454468,0.19479990005493164,0.5954618453979492,0.6823657155036926,1.1685755225698813e-06,-0.11529068648815155,-0.1192442998290062,-0.12893910706043243,-0.1274159550666809,-0.12894144654273987
dataset/5_42_jpg.rf.6048180bc9f4fd76081be2ed96a8cbf9.jpg,5,0.4954402446746826,0.4486877918243408,0.2676845192909241,0.17751584947109222,0.1755639910697937,0.19504320621490479,0.6366130709648132,0.3092995882034302,0.28350830078125,0.41719621419906616,0.4886920154094696,0.643139123916626,6.126135758677265e-07,-0.08065234869718552,-0.09681359678506851,-0.08677796274423599,-0.08755049109458923,-0.0838995948433876
dataset/3_129_jpg.rf.34b97ec1b5a99e53659d964b945d3e6d.jpg,3,0.4337548613548279,0.3485107123851776,0.5432771444320679,0.37999260425567627,0.3205937147140503,0.3652660548686981,0.8843698501586914,0.6850526928901672,0.25982484221458435,0.22827056050300598,0.3051806688308716,0.6993826627731323,9.962749345504562e-07,-0.1506950408220291,-0.18462222814559937,-0.17519880831241608,-0.18674324452877045,-0.14156636595726013
dataset/5_119_jpg.rf.318bf516676fbdcb5b2c797a94e56b04.jpg,5,0.4979725778102875,0.7153949737548828,0.60183185338974,0.4297390580177307,0.3686116337776184,0.262401819229126,0.8630313873291016,0.4602869749069214,0.09936690330505371,0.0698820948600769,0.1400628387928009,0.3001582622528076,1.0102340866069426e-06,-0.17448978126049042,-0.20160633325576782,-0.19311976432800293,-0.1801728755235672,-0.16442130506038666
dataset/1_129_jpg.rf.63957d3bef2c27920d125cfe9769740f.jpg,1,0.30360034108161926,0.23848029971122742,0.19638173282146454,0.25902315974235535,0.3074592649936676,0.3676327168941498,0.8667563796043396,0.562315046787262,0.27619752287864685,0.6569178104400635,0.7058397531509399,0.7082799673080444,-5.528930842046975e-07,-0.1258407086133957,-0.1364305466413498,-0.14062340557575226,-0.09583235532045364,-0.10192389786243439
dataset/3_28_jpg.rf.bc78d8fe2a87e756e89061d1bb1f9c0e.jpg,3,0.7577681541442871,0.6293703317642212,0.7484123706817627,0.6132875084877014,0.4954637289047241,0.6478769779205322,0.8543379306793213,0.6217687129974365,0.36103370785713196,0.3521364629268646,0.40919530391693115,0.7227970361709595,1.0870169262489071e-06,-0.026492856442928314,-0.04319320246577263,-0.044256504625082016,-0.1433950811624527,-0.09952732920646667
dataset/1_126_jpg.rf.97fe62c19807d5276f3646d57ec61cff.jpg,1,0.5008783936500549,0.5589750409126282,0.5197261571884155,0.524738609790802,0.5536366105079651,0.6278863549232483,0.9559774994850159,0.6550316214561462,0.359683096408844,0.7035874128341675,0.7891838550567627,0.8036319017410278,-2.589779626305244e-07,-0.18233978748321533,-0.1529860496520996,-0.17188690602779388,-0.11660830676555634,-0.10992850363254547
dataset/3_145_jpg.rf.b07c9fd559767086b42fea66458f578c.jpg,3,0.35613754391670227,0.4631505012512207,0.3456888794898987,0.4846581816673279,0.610562264919281,0.4740307927131653,0.9000850915908813,0.5824074745178223,0.24842318892478943,0.24061161279678345,0.3151164650917053,0.7186659574508667,4.169194767200679e-07,-0.02559436298906803,-0.013679462485015392,-0.035677067935466766,-0.1273110955953598,-0.1075502410531044
dataset/2_23_jpg.rf.124b3e4a6ed3184d785ee282b245a18d.jpg,2,0.8058592081069946,0.583459734916687,0.5557209253311157,0.3479631841182709,0.6210225224494934,0.6436165571212769,0.8569246530532837,0.9088851809501648,0.20525315403938293,0.43307140469551086,0.8397862911224365,0.9134161472320557,1.746953557812958e-06,-0.331284761428833,-0.4168955087661743,-0.3683745861053467,-0.24394649267196655,-0.21482591331005096
dataset/0_145_jpg.rf.a7716c2304975e42d546cc0b55899cbe.jpg,0,0.5996938347816467,0.6310221552848816,0.5883361101150513,0.6347857713699341,0.6824350953102112,0.738359808921814,0.43372052907943726,0.7052626609802246,0.6200655102729797,0.5821768045425415,0.5441053509712219,0.5155705809593201,-9.6533847226965e-07,-0.0496467649936676,-0.1078273355960846,-0.07761009782552719,-0.02985759638249874,-0.01868256740272045
dataset/1_147_jpg.rf.8c0f279ab387480f7d87331ced9b06e5.jpg,1,0.2689046263694763,0.4530939757823944,0.804833710193634,0.4288172125816345,0.41730797290802,0.41503050923347473,0.771503746509552,0.8707258701324463,0.49290183186531067,0.8374367356300354,0.871442437171936,0.9197105169296265,6.071571192478586e-07,-0.3613777160644531,-0.359801322221756,-0.2765955924987793,-0.17792309820652008,-0.14397412538528442
dataset/3_91_jpg.rf.4436ead8c456e21f99d28d7187a8e7e2.jpg,3,0.3383750915527344,0.29079127311706543,0.6208357810974121,0.4465579688549042,0.3616684377193451,0.2945494055747986,0.8163124918937683,0.5360932350158691,0.1834646314382553,0.05274668335914612,0.08570599555969238,0.5724602341651917,1.20984623208642e-06,-0.22733895480632782,-0.27070459723472595,-0.2570863366127014,-0.25435566902160645,-0.19222578406333923
dataset/4_25_jpg.rf.692f7919769753df8269f23336ba5162.jpg,4,0.4955737292766571,0.49076756834983826,0.4420597553253174,0.556296706199646,0.6618325710296631,0.7621713876724243,0.8065042495727539,0.527050793170929,0.3031288981437683,0.2736615836620331,0.3023626208305359,0.39701294898986816,3.467872033979802e-07,-0.02978350967168808,-0.0025777053087949753,-0.011915981769561768,-0.05260330066084862,-0.05678952485322952
dataset/1_192_jpg.rf.e17ae3906c75dd5137921e6d98372fb0.jpg,1,0.11251413822174072,0.21373721957206726,0.6059509515762329,0.21771842241287231,0.17799827456474304,0.18278753757476807,0.7469099164009094,0.7278776168823242,0.3047255873680115,0.6757783889770508,0.7133986949920654,0.770321786403656,4.954008545610122e-07,-0.2960210144519806,-0.3300550878047943,-0.2731354236602783,-0.186100572347641,-0.17247989773750305
dataset/3_167_jpg.rf.2f9cc97f04e756346b55775b269b77d4.jpg,3,0.5606597065925598,0.5147882103919983,0.8430496454238892,0.5687324404716492,0.4429495334625244,0.4622790515422821,0.8817585706710815,0.8093662261962891,0.32195034623146057,0.17762449383735657,0.2507351040840149,0.8091249465942383,2.0453637716855155e-06,-0.41546279191970825,-0.5295505523681641,-0.5141255259513855,-0.4404987096786499,-0.314388245344162
dataset/4_94_jpg.rf.cb0591f5ed92e7060c7cba2482fdd3af.jpg,4,0.5231359601020813,0.6224973201751709,0.5005785226821899,0.6515030860900879,0.6952329874038696,0.7557743787765503,0.7570399045944214,0.5311208367347717,0.055453985929489136,0.04981377720832825,0.13227008283138275,0.29232868552207947,6.734202884217666e-07,-0.1309049278497696,-0.1648760437965393,-0.15087436139583588,-0.1526029109954834,-0.1475982964038849
dataset/5_131_jpg.rf.cf9b3fa630fe804e943359e93ed3a274.jpg,5,0.4146842062473297,0.33674317598342896,0.4807528257369995,0.5499215126037598,0.5980543494224548,0.6338747143745422,0.8196432590484619,0.3314136266708374,0.06823375821113586,0.04477134346961975,0.11494460701942444,0.25115689635276794,6.620495014431071e-07,-0.14599205553531647,-0.17310364544391632,-0.15830256044864655,-0.14701198041439056,-0.14156773686408997
dataset/2_77_jpg.rf.1773c001e2e35c9a8a0f3091aa5dcef2.jpg,2,0.2895130515098572,0.278809517621994,0.48540717363357544,0.4089675843715668,0.28774166107177734,0.23408031463623047,0.8567593693733215,0.5761032700538635,0.3531144857406616,0.3323913812637329,0.6385865807533264,0.7026790380477905,1.4995310948506813e-06,-0.08551142364740372,-0.03769873082637787,-0.03965100273489952,-0.11791002005338669,-0.13162945210933685
dataset/0_23_jpg.rf.7cbc735db48caeee0f6e62b573a03c9d.jpg,0,0.547889769077301,0.5962216258049011,0.5960650444030762,0.5235446691513062,0.45490142703056335,0.38625138998031616,0.7668043375015259,0.3304879665374756,0.45047295093536377,0.48308634757995605,0.5218704342842102,0.561898410320282,-1.267392462978023e-06,-0.13147500157356262,-0.1797439157962799,-0.15320798754692078,-0.05157201737165451,-0.01629268191754818
dataset/5_141_jpg.rf.ddfc82f5f08e3854683f3c8debd2df30.jpg,5,0.6668159365653992,0.9488611817359924,0.5680266618728638,0.49644139409065247,0.44973069429397583,0.4083046317100525,0.6802575588226318,0.42470696568489075,0.2846313714981079,0.2662035822868347,0.298231303691864,0.34549883008003235,5.599312089543673e-07,-0.001064870972186327,0.05181627348065376,0.04876440390944481,0.024594580754637718,0.01991436257958412
dataset/3_89_jpg.rf.d679381659317b7d9839a8cdaa04ac3e.jpg,3,0.5888709425926208,0.5054751038551331,0.5903029441833496,0.44891130924224854,0.33420759439468384,0.5161691308021545,0.8189250230789185,0.5333347916603088,0.17419439554214478,0.16359183192253113,0.2556644678115845,0.6675373315811157,8.869726002558309e-07,-0.06366311758756638,-0.07507826387882233,-0.09063684195280075,-0.17052128911018372,-0.12930981814861298
dataset/3_144_jpg.rf.04364cbc503ecdbaa22c18aa870c99e7.jpg,3,0.5061889886856079,0.6789535880088806,0.5828561186790466,0.7316969633102417,0.845749020576477,0.6487520933151245,0.8291187882423401,0.6101627349853516,0.3218672573566437,0.3280869424343109,0.3948609232902527,0.699207603931427,5.787594545836328e-07,-0.02413603663444519,-0.012618105858564377,-0.015085854567587376,-0.12742309272289276,-0.10802245885133743
dataset/3_69_jpg.rf.3b347fc91a078cefab654f52419af24d.jpg,3,0.091117262840271,0.039369791746139526,0.5776209831237793,0.686306357383728,0.642474889755249,0.17717185616493225,0.8366866707801819,0.6150391101837158,0.3672765791416168,0.505286693572998,0.7740857005119324,0.9903809428215027,1.531230168438924e-06,-0.4839489459991455,-0.5762845873832703,-0.5805976390838623,-0.5427781939506531,-0.3857869505882263
dataset/5_103_jpg.rf.5a9959227945c9482fd8d62f03863685.jpg,5,0.6559281945228577,0.5796069502830505,0.4108560085296631,0.2969454526901245,0.2724173367023468,0.2395475208759308,0.8935371041297913,0.4399583339691162,0.17703956365585327,0.22340303659439087,0.3258625864982605,0.5231261253356934,9.447860520594986e-07,-0.20649118721485138,-0.23625944554805756,-0.20348115265369415,-0.18223020434379578,-0.16573253273963928
dataset/5_81_jpg.rf.4956c1e63c386891200aefd623558ba5.jpg,5,0.5333265066146851,0.32556313276290894,0.3665758967399597,0.5134440660476685,0.5805803537368774,0.667593240737915,0.8483587503433228,0.43930310010910034,0.11594334244728088,0.08392268419265747,0.12296426296234131,0.242264986038208,8.311315013997955e-07,-0.17628565430641174,-0.21406619250774384,-0.19380977749824524,-0.1796121746301651,-0.17003515362739563
dataset/2_176_jpg.rf.95a2f59978f00fcfad40b1f110c6185a.jpg,2,0.2819750905036926,0.2756451368331909,0.48784083127975464,0.41191914677619934,0.2849542498588562,0.2262466996908188,0.8581157922744751,0.5772124528884888,0.35802024602890015,0.33652544021606445,0.6410759687423706,0.7014893293380737,1.5213693131954642e-06,-0.08456369489431381,-0.02961333468556404,-0.02727576531469822,-0.11165991425514221,-0.1272502988576889
dataset/1_114_jpg.rf.e15e80240447ac7d5670f14cf03a8d7d.jpg,1,0.5597151517868042,0.5323522090911865,0.7442249059677124,0.5906646847724915,0.55352383852005,0.5143134593963623,0.7091724872589111,0.4452524781227112,0.1185075044631958,0.46773478388786316,0.5166589021682739,0.5127331614494324,2.981133206958475e-07,-0.12184038758277893,-0.14193616807460785,-0.12735037505626678,-0.0922212153673172,-0.0753227174282074
dataset/5_118_jpg.rf.39f9394fc547a2cda741eee88d27c806.jpg,5,0.48253193497657776,0.5090032815933228,0.6128685474395752,0.7491316795349121,0.793950080871582,0.8371481895446777,0.8317548632621765,0.3889195919036865,0.14532583951950073,0.17639505863189697,0.28082430362701416,0.4780316948890686,6.080282446419005e-07,-0.14120489358901978,-0.1687190979719162,-0.15875297784805298,-0.1568189263343811,-0.1453344076871872
dataset/1_92_jpg.rf.5b01170456b67505d3d801e613ae67dc.jpg,1,0.520988941192627,0.4801771938800812,0.44014352560043335,0.5013474822044373,0.4753108024597168,0.42014679312705994,0.8548030853271484,0.5614994764328003,0.26678475737571716,0.6642601490020752,0.7209418416023254,0.7392445802688599,-5.2015160179053055e-08,-0.1349165141582489,-0.1173451617360115,-0.14091449975967407,-0.08794263750314713,-0.08012375235557556
dataset/2_103_jpg.rf.02e8b13cce760de39f9466718c490425.jpg,2,0.4621162712574005,0.5225836634635925,0.40325456857681274,0.5383564829826355,0.5221381783485413,0.5660696029663086,0.9319190979003906,0.5566861629486084,0.248909592628479,0.2300727665424347,0.6750222444534302,0.7449084520339966,1.1613876722549321e-06,-0.07077649235725403,-0.04328985512256622,-0.09807155281305313,-0.0762595683336258,-0.09027069061994553
dataset/4_173_jpg.rf.71e8c3e09bff4c04be52ec01beb1c583.jpg,4,0.5309610366821289,0.5655882954597473,0.694150447845459,0.5436933040618896,0.33965179324150085,0.20434394478797913,0.9315366744995117,0.6816890239715576,0.3515194058418274,0.2678878903388977,0.3350054621696472,0.48985978960990906,1.1135714430565713e-06,-0.17892314493656158,-0.2095385491847992,-0.19869329035282135,-0.21861949563026428,-0.20509324967861176
dataset/2_125_jpg.rf.05d2efb80e036c02f7ee0c1f35914743.jpg,2,0.41173413395881653,0.5497289299964905,0.39780914783477783,0.5933369994163513,0.4916253685951233,0.5186688899993896,0.7156103849411011,0.44343966245651245,0.1937558948993683,0.1904768943786621,0.5302967429161072,0.5736836194992065,1.0773985650303075e-06,-0.07745786756277084,-0.06158960238099098,-0.10624860227108002,-0.11511140316724777,-0.12116347253322601
dataset/1_80_jpg.rf.2da621fe0d80db5c151e62c1a0e943e1.jpg,1,0.5394641757011414,0.5073387026786804,0.4683806002140045,0.524596095085144,0.4947360157966614,0.4347964823246002,0.861251950263977,0.5667702555656433,0.2595140039920807,0.6680985689163208,0.7263715863227844,0.7408785820007324,-6.203315905395357e-08,-0.1452530324459076,-0.12277523428201675,-0.1369665116071701,-0.08586475998163223,-0.0778859332203865
dataset/4_34_jpg.rf.5e372900f8cd1b0a4731503ea4ee5eab.jpg,4,0.6005432605743408,0.557555079460144,0.6057541370391846,0.44789254665374756,0.3123396635055542,0.22605779767036438,0.9630918502807617,0.6559105515480042,0.26499640941619873,0.2573472261428833,0.3445228338241577,0.47599658370018005,9.620401897336706e-07,-0.09313654899597168,-0.08563173562288284,-0.0710955336689949,-0.10371418297290802,-0.10678944736719131
dataset/0_99_jpg.rf.7a1afba490216c8ee2cf07712edcf58a.jpg,0,0.5498323440551758,0.4116167426109314,0.4438028633594513,0.4080151915550232,0.3905131220817566,0.3569192886352539,0.6477245092391968,0.10059624910354614,0.3080211579799652,0.36271125078201294,0.4430336058139801,0.5130332708358765,-8.579490895499475e-07,-0.07598979026079178,-0.11097719520330429,-0.06695922464132309,-0.01745300367474556,0.0035728670191019773
dataset/3_34_jpg.rf.d2fb19d620f970709089cdb166fc552b.jpg,3,0.3016664385795593,0.2587212026119232,0.6045664548873901,0.3951783776283264,0.293936550617218,0.25715261697769165,0.9515255689620972,0.6686756014823914,0.34672242403030396,0.2047593593597412,0.25089532136917114,0.7125541567802429,1.3669675809069304e-06,-0.2505902647972107,-0.2883267402648926,-0.25483569502830505,-0.24903546273708344,-0.1926383674144745
dataset/0_123_jpg.rf.a3ac84b7f647f644b4304136aeecb274.jpg,0,0.5934429168701172,0.5066908001899719,0.5702388286590576,0.5416582822799683,0.5068382024765015,0.4573882818222046,0.5176955461502075,0.2689818739891052,0.3254968523979187,0.373340904712677,0.41800829768180847,0.4484356939792633,-8.64314358750562e-07,-0.07020050287246704,-0.11429247260093689,-0.07440859824419022,-0.01962304674088955,0.011232617311179638
dataset/3_41_jpg.rf.240e400713150a513198b57963a1a96d.jpg,3,0.3424956202507019,0.5263127088546753,0.4212873578071594,0.5735248923301697,0.6915409564971924,0.4826872944831848,0.7514187097549438,0.5046400427818298,0.2035422921180725,0.20749148726463318,0.27406811714172363,0.6136437654495239,6.654417461504636e-07,-0.035649023950099945,-0.009714062325656414,-0.02851136587560177,-0.16370432078838348,-0.15376824140548706
dataset/0_112_jpg.rf.b15ba0a973f0adb373b826a5ded47937.jpg,0,0.7017480134963989,0.48883453011512756,0.5912056565284729,0.5818659663200378,0.5726733207702637,0.5421891212463379,0.45803314447402954,0.2651783227920532,0.30566591024398804,0.350677490234375,0.4028860628604889,0.4477002024650574,-8.998442240226723e-07,-0.07241030782461166,-0.12242810428142548,-0.08025757223367691,-0.022498654201626778,-0.0003767049638554454
dataset/2_74_jpg.rf.07b698e1865842fbb353f98146fa67af.jpg,2,0.6691250205039978,0.5750671625137329,0.7191839814186096,0.546762228012085,0.6087093353271484,0.5784140825271606,0.8106541633605957,0.5197373628616333,0.28416043519973755,0.2780383229255676,0.6172758936882019,0.6541740298271179,1.3120215953676961e-06,-0.08722087740898132,-0.05449328199028969,-0.06478912383317947,-0.09954184293746948,-0.10320577770471573
dataset/1_211_jpg.rf.c450b586a3a80db56f6bd83ba2b53142.jpg,1,0.8502629995346069,0.638811469078064,0.3826776146888733,0.6733691692352295,0.7464358806610107,0.7976136207580566,0.2651214897632599,0.5476546883583069,0.7856568694114685,0.4669736623764038,0.4098584055900574,0.43678736686706543,3.906571635070577e-07,-0.24170838296413422,-0.1787426471710205,-0.15647593140602112,-0.1227734237909317,-0.1192367747426033
dataset/4_171_jpg.rf.0f210b2f2a7c88890807e00dc6d3fe48.jpg,4,0.33916130661964417,0.5664016008377075,0.6730490922927856,0.7750281691551208,0.8285820484161377,0.8088066577911377,0.8551940321922302,0.7063705921173096,0.40549370646476746,0.4945438802242279,0.6450978517532349,0.8067159056663513,5.813624284201069e-07,-0.043953899294137955,-0.033262673765420914,-0.03211924061179161,-0.08079127222299576,-0.08974682539701462
dataset/1_108_jpg.rf.a088af79b545a37dafdb152d8adec37c.jpg,1,0.2936381995677948,0.5283151865005493,0.7246072888374329,0.4486057162284851,0.4254138171672821,0.40802615880966187,0.7208369970321655,0.6486529111862183,0.35381609201431274,0.616448700428009,0.6678164005279541,0.7280722856521606,2.9373276788646763e-07,-0.16719208657741547,-0.19457240402698517,-0.15057522058486938,-0.09252749383449554,-0.0906343087553978
dataset/1_127_jpg.rf.342f567f53bd8505ff8735a63f1cd024.jpg,1,0.4407083988189697,0.3732292354106903,0.5223612785339355,0.4373874068260193,0.395401269197464,0.3657621145248413,0.8005197048187256,0.6383749842643738,0.2775082588195801,0.6207225322723389,0.6338819861412048,0.6600048542022705,2.3254864345290116e-07,-0.12793217599391937,-0.1491309553384781,-0.10568482428789139,-0.0674680694937706,-0.05622997507452965
dataset/5_190_jpg.rf.ffa625d62f1ceafda0b3c679152149d1.jpg,5,0.6185194253921509,0.8022036552429199,0.4061228632926941,0.26656970381736755,0.19369420409202576,0.14972355961799622,0.8560421466827393,0.37799832224845886,0.2516794204711914,0.2809888422489166,0.38915276527404785,0.5214663743972778,6.549563522639801e-07,-0.06704305857419968,-0.01968463324010372,-0.026426514610648155,-0.05491296574473381,-0.06601759791374207
dataset/3_137_jpg.rf.fee80ed77466ae2550c4d9ca0115b815.jpg,3,0.5906293392181396,0.44592416286468506,0.6422532796859741,0.4007216691970825,0.33544403314590454,0.4522022604942322,0.9267898797988892,0.8906065225601196,0.266852468252182,0.25911784172058105,0.3970368206501007,0.9085367321968079,2.103855194945936e-06,-0.445183664560318,-0.5563798546791077,-0.5213906168937683,-0.4577557146549225,-0.35493046045303345
dataset/4_175_jpg.rf.d17509415d0a8592f559b262e59c3638.jpg,4,0.4704423248767853,0.37694722414016724,0.5038557052612305,0.34708014130592346,0.3010599613189697,0.2447226494550705,0.7519776821136475,0.5332523584365845,0.058480679988861084,0.06186807155609131,0.13305705785751343,0.2876238524913788,8.805096172181948e-07,-0.11900295317173004,-0.14942233264446259,-0.14233307540416718,-0.13771764934062958,-0.11763418465852737
dataset/4_95_jpg.rf.b3ad5bef93153749aa8e7948a0c7ec2c.jpg,4,0.28631097078323364,0.42558443546295166,0.697065532207489,0.7574054598808289,0.7579231262207031,0.7195407152175903,0.7079800367355347,0.604325532913208,0.27428847551345825,0.31885653734207153,0.4239579439163208,0.5799392461776733,8.883945952220529e-07,-0.1737890988588333,-0.21014542877674103,-0.1937454640865326,-0.17995184659957886,-0.1688237488269806
dataset/4_143_jpg.rf.71f8d7020a274a66a39d7dc692e4b279.jpg,4,0.2896398603916168,0.3253801465034485,0.18552374839782715,0.3798816502094269,0.5856482982635498,0.7234026193618774,0.7713817954063416,0.5181940793991089,0.1446387767791748,0.11423090100288391,0.19039011001586914,0.337317556142807,7.309574243663519e-07,-0.13189372420310974,-0.13694241642951965,-0.1439085602760315,-0.19197791814804077,-0.19342510402202606
dataset/3_151_jpg.rf.78bea37dccd8c0db5fefafbe62d37509.jpg,3,0.5847705602645874,0.5052558779716492,0.6000482439994812,0.5382338762283325,0.461753249168396,0.4989668130874634,0.8345701694488525,0.5706676244735718,0.323336124420166,0.3005138337612152,0.326494961977005,0.6808558106422424,8.700622515789291e-07,-0.02311434969305992,-0.0505671426653862,-0.03965172544121742,-0.1479208916425705,-0.0886627584695816
dataset/1_52_jpg.rf.9df2a949bee60795e51c8879ed0d20ad.jpg,1,0.41319572925567627,0.5607404708862305,0.5931655168533325,0.5329282879829407,0.553905725479126,0.5543751120567322,0.9099715948104858,0.8612395524978638,0.21607494354248047,0.7892279624938965,0.8245916366577148,0.885695219039917,-1.570371921388869e-07,-0.18966221809387207,-0.3013215661048889,-0.18243111670017242,-0.10024852305650711,-0.09133369475603104
dataset/1_59_jpg.rf.ca37f055b960a4a6baaa10be091c7d7b.jpg,1,0.47259825468063354,0.5238916277885437,0.5654807686805725,0.5026057958602905,0.5251675844192505,0.5761940479278564,0.8487308025360107,0.561426043510437,0.27172213792800903,0.6522566676139832,0.7126428484916687,0.7388502359390259,-3.736590201697254e-07,-0.147038996219635,-0.14587098360061646,-0.14733479917049408,-0.1013277992606163,-0.10622987896203995
dataset/1_71_jpg.rf.c197aebe6c629273d758eb901a456942.jpg,1,0.5288703441619873,0.5425871014595032,0.5498924255371094,0.5505340099334717,0.5140150189399719,0.4563864767551422,0.8303838968276978,0.518825888633728,0.2628931701183319,0.6328171491622925,0.6829590201377869,0.6861919164657593,-2.7823071846455605e-08,-0.0971890389919281,-0.10241520404815674,-0.11624156683683395,-0.06701787561178207,-0.06340190768241882
dataset/2_9_jpg.rf.e1fe1209ddd45ee90af0fe44f50429bb.jpg,2,0.32608407735824585,0.4874947965145111,0.5803712606430054,0.711414098739624,0.47493669390678406,0.4286361634731293,0.6958475112915039,0.6245195865631104,0.17428135871887207,0.3541206419467926,0.6077921390533447,0.65959233045578,1.1026055517504574e-06,-0.1701769083738327,-0.20213067531585693,-0.1836669147014618,-0.16478994488716125,-0.17390765249729156
dataset/0_35_jpg.rf.7e617f48608511bf6cd818433d9debf3.jpg,0,0.36147525906562805,0.7515671253204346,0.6103414297103882,0.5175110697746277,0.4320421814918518,0.3482430577278137,0.7122629880905151,0.44905370473861694,0.5513536930084229,0.5449351072311401,0.5254452228546143,0.4947529435157776,-1.2204855011077598e-06,-0.12986817955970764,-0.18073870241641998,-0.15836353600025177,-0.08349497616291046,-0.052507493644952774
dataset/3_86_jpg.rf.82817efb9d55250f0863fd91559a2c56.jpg,3,0.4912213087081909,0.5771660208702087,0.4617568850517273,0.5416275858879089,0.6244326829910278,0.5943854451179504,0.8366871476173401,0.5626234412193298,0.3009912073612213,0.27826669812202454,0.3148413896560669,0.6665847897529602,7.545053790636302e-07,-0.001105280127376318,-0.011515160091221333,-0.014852224849164486,-0.1341528743505478,-0.0999584048986435
dataset/4_100_jpg.rf.2da6259cb4f2764d805274ec984a9894.jpg,4,0.5894779562950134,0.531372606754303,0.6158438920974731,0.45700258016586304,0.3215795159339905,0.2130453884601593,0.9267783164978027,0.593913733959198,0.2572251260280609,0.2453644573688507,0.31327489018440247,0.4445000886917114,8.223924510275538e-07,-0.06692938506603241,-0.01942858286201954,-0.0013549724826589227,-0.05626467987895012,-0.0794062465429306
dataset/1_5_jpg.rf.72f1044be131dd461a07af4288a6112d.jpg,1,0.8620684146881104,0.6302749514579773,0.3581106960773468,0.6763087511062622,0.7500900626182556,0.8005845546722412,0.28180021047592163,0.5373203754425049,0.747948408126831,0.44845983386039734,0.4215679466724396,0.4590988755226135,3.72451609109703e-07,-0.22294558584690094,-0.164605051279068,-0.1458713859319687,-0.1114099770784378,-0.11229260265827179
dataset/1_106_jpg.rf.364c1e4e23c011b79af9e0830a1607a8.jpg,1,0.5336955189704895,0.443580687046051,0.44646480679512024,0.472217321395874,0.45588794350624084,0.3988780081272125,0.939654529094696,0.6378957629203796,0.3437061905860901,0.6939796805381775,0.7776792645454407,0.8014175891876221,1.548373234072642e-07,-0.18943431973457336,-0.1490107625722885,-0.1679328829050064,-0.11312555521726608,-0.09647943824529648
dataset/3_114_jpg.rf.32d9f756d16091cbce003fa8fc86f6a0.jpg,3,0.5983372926712036,0.42754635214805603,0.5450695753097534,0.3969770073890686,0.2703847587108612,0.47829151153564453,0.6263734698295593,0.3705894351005554,0.09333698451519012,0.09317974746227264,0.152678444981575,0.4825635254383087,1.092734692065278e-06,-0.02473563887178898,-0.046374984085559845,-0.05957527086138725,-0.16723443567752838,-0.123637855052948
dataset/0_84_jpg.rf.9a626a7226d9aeabde4f8e057b66e523.jpg,0,0.38638949394226074,0.5990312099456787,0.5039888620376587,0.4439201056957245,0.384837806224823,0.3190956711769104,0.6995155215263367,0.1662999987602234,0.36013850569725037,0.37650546431541443,0.40274834632873535,0.4132079482078552,-8.840835334922303e-07,-0.0624922551214695,-0.099307581782341,-0.05372694134712219,-0.01758912205696106,0.00024735581246204674
dataset/1_176_jpg.rf.22998b550e4efae0dcdfc94c83561521.jpg,1,0.5102635622024536,0.4608721137046814,0.4093810021877289,0.4831306040287018,0.4674331545829773,0.4191296398639679,0.8564616441726685,0.5467737913131714,0.40162572264671326,0.6334139704704285,0.705856204032898,0.7367656826972961,-1.2962225071078137e-07,-0.059291064739227295,-0.03487062081694603,-0.06333626806735992,-0.04232357442378998,-0.03615187853574753
dataset/5_160_jpg.rf.1f2cc03dbbe71f88f33fbdc57686a962.jpg,5,0.5656102895736694,0.7551130056381226,0.36184269189834595,0.2848728597164154,0.254790335893631,0.23538392782211304,0.6767351031303406,0.3721916675567627,0.312588632106781,0.30636417865753174,0.353400856256485,0.4141959846019745,4.7084711241041077e-07,-0.059568822383880615,-0.02286224626004696,-0.03264296427369118,-0.0373123399913311,-0.030268965288996696
dataset/5_117_jpg.rf.867b2eb68c58237370f8e670b3ab8a6a.jpg,5,0.5888074040412903,0.9108752012252808,0.5904675126075745,0.45203039050102234,0.3314017057418823,0.23279249668121338,0.7024057507514954,0.3623863160610199,0.07294270396232605,0.05197003483772278,0.13918370008468628,0.2864319384098053,8.454683211311931e-07,-0.11482680588960648,-0.12340075522661209,-0.13224022090435028,-0.1519877016544342,-0.1541106402873993
dataset/1_70_jpg.rf.9e608be8995fe8b92206f1d2cbf32bb5.jpg,1,0.5129286646842957,0.5196377038955688,0.5248737931251526,0.5325924754142761,0.4888325333595276,0.4249758720397949,0.8325340747833252,0.5180636644363403,0.24713075160980225,0.6319258809089661,0.6832284927368164,0.6903584003448486,-9.299642300675259e-08,-0.11171978712081909,-0.11401577293872833,-0.1312394142150879,-0.07804115861654282,-0.0695185661315918
dataset/4_89_jpg.rf.06b8587b9d0809fa609072edfdf5b18c.jpg,4,0.4017963707447052,0.4855976998806,0.3616398572921753,0.5565838813781738,0.7564212083816528,0.872543215751648,0.7846013307571411,0.5347180962562561,0.16605955362319946,0.15017399191856384,0.23117846250534058,0.382510781288147,7.165440933931677e-07,-0.12150181084871292,-0.11732449382543564,-0.12387578189373016,-0.1737150400876999,-0.17416124045848846
dataset/4_170_jpg.rf.fac3e07a755b0696ad661fa3de7f95a9.jpg,4,0.4782063961029053,0.48480862379074097,0.49447065591812134,0.4152105152606964,0.34797418117523193,0.2861330509185791,0.7906368374824524,0.5683770179748535,0.29570162296295166,0.26704227924346924,0.3044230341911316,0.3636849522590637,7.471950880244549e-07,-0.048465464264154434,-0.054443471133708954,-0.0543060265481472,-0.07332689315080643,-0.0638103112578392
dataset/2_72_jpg.rf.8e3182f458c5aed3f559ef0ce32617c6.jpg,2,0.582615077495575,0.7063164114952087,0.5536007881164551,0.7472109198570251,0.6751153469085693,0.6849358081817627,0.8870267868041992,0.7098351716995239,0.2401888370513916,0.29185548424720764,0.6869903802871704,0.767575740814209,8.795809094408469e-07,-0.16638989746570587,-0.2005576491355896,-0.1632002294063568,-0.13360540568828583,-0.13700440526008606
dataset/1_11_jpg.rf.be3cd2f59b46c7250f961c1773d5026d.jpg,1,0.7310466766357422,0.45364102721214294,0.21389445662498474,0.49488162994384766,0.5894469618797302,0.5607907176017761,0.849567174911499,0.6380682587623596,0.376709520816803,0.6526741981506348,0.7487292289733887,0.7997310161590576,5.03712726640515e-07,-0.2733580768108368,-0.22831153869628906,-0.22452636063098907,-0.17835943400859833,-0.16164663434028625
dataset/3_175_jpg.rf.8442eee37439c0455601e17e88852423.jpg,3,0.4575892686843872,0.3297669291496277,0.483070433139801,0.299529492855072,0.25634825229644775,0.3616388440132141,0.8278975486755371,0.578238844871521,0.08939450979232788,0.10712826251983643,0.1785888373851776,0.6094497442245483,8.893740073290246e-07,-0.11380525678396225,-0.15815775096416473,-0.1458166241645813,-0.16240374743938446,-0.09120688587427139
dataset/3_159_jpg.rf.ff21a2600ed430f8991ab1c727187123.jpg,3,0.48999014496803284,0.40834033489227295,0.49700459837913513,0.4328077435493469,0.35570040345191956,0.39177337288856506,0.8299820423126221,0.5721501708030701,0.3134446144104004,0.28771865367889404,0.3143077492713928,0.6769506335258484,8.622155860393832e-07,-0.011556735262274742,-0.033607956022024155,-0.02590647153556347,-0.14241524040699005,-0.08451241999864578
dataset/3_66_jpg.rf.731d932653cb6101f6046efae9429248.jpg,3,0.5122201442718506,0.44024690985679626,0.5586488246917725,0.4678625762462616,0.3426467776298523,0.4395742118358612,0.8055579662322998,0.5753046870231628,0.3437206447124481,0.3385135531425476,0.3848434090614319,0.6719425916671753,8.960697073234769e-07,0.04633297026157379,0.04388665407896042,0.048598453402519226,-0.04911939799785614,-0.009592629037797451
dataset/2_65_jpg.rf.3d823d89fc2bafc580e70a387c399aa1.jpg,2,0.5692909359931946,0.4124336242675781,0.5523433685302734,0.38126474618911743,0.4741986393928528,0.4415593147277832,0.8319051265716553,0.5397064089775085,0.2780998945236206,0.28310856223106384,0.6255902647972107,0.6780824661254883,1.5491571048187325e-06,-0.12470342218875885,-0.022747620940208435,-0.022439371794462204,-0.10097774118185043,-0.12569886445999146
dataset/5_62_jpg.rf.18f43f85e34d3f609bb2e59266c0664f.jpg,5,0.30426275730133057,0.7220337390899658,0.5262588262557983,0.4093227684497833,0.2349729686975479,0.10635146498680115,0.8339552283287048,0.5502552390098572,0.2157588005065918,0.13863155245780945,0.16983607411384583,0.2649418115615845,1.0681872026907513e-06,-0.10036137700080872,-0.09325896948575974,-0.09445174783468246,-0.1251341700553894,-0.12575408816337585
dataset/5_39_jpg.rf.c70293e500a6098c1d9f1a11195e7b3f.jpg,5,0.5952573418617249,0.26837876439094543,0.5737696886062622,0.6986435055732727,0.8262526392936707,0.9229540824890137,0.8047122955322266,0.4747913181781769,0.16277486085891724,0.13351380825042725,0.20505861937999725,0.3388080596923828,7.432337838508829e-07,-0.12849873304367065,-0.13354092836380005,-0.1486862152814865,-0.17115333676338196,-0.16874198615550995
dataset/5_194_jpg.rf.00b95f0152175b7bfa036db9ff483d60.jpg,5,0.7985637187957764,0.5869342088699341,0.2958556115627289,0.21420937776565552,0.21932125091552734,0.268881618976593,0.6786032915115356,0.20727978646755219,0.17109863460063934,0.2901918590068817,0.4016099274158478,0.5917955040931702,7.403919539683557e-07,-0.1460351049900055,-0.17340882122516632,-0.1608533412218094,-0.15636759996414185,-0.1521315723657608
dataset/0_4_jpg.rf.873fcf8a3076744ac36f8158ccbba4a3.jpg,0,0.4322385787963867,0.26896053552627563,0.29315802454948425,0.33864355087280273,0.39134323596954346,0.4416600465774536,0.2528868019580841,0.5291045308113098,0.41563212871551514,0.4161491096019745,0.4105616807937622,0.42252999544143677,-7.321714292629622e-07,-0.05943021923303604,-0.09320605546236038,-0.05868403613567352,-0.012050592340528965,0.006171372719109058
dataset/2_3_jpg.rf.b6418175c8c53fe360a7625993ebed74.jpg,2,0.6970889568328857,0.5356923937797546,0.4773135483264923,0.27744412422180176,0.5517323613166809,0.5566531419754028,0.833071231842041,0.7663167715072632,0.09591728448867798,0.2794504761695862,0.7161703109741211,0.7980366349220276,1.7668726286501624e-06,-0.2917068898677826,-0.336320161819458,-0.3100298345088959,-0.21936863660812378,-0.20381779968738556
dataset/3_165_jpg.rf.d21fa20c2048c79e6ce7be758483181e.jpg,3,0.23679699003696442,0.43137791752815247,0.5030918717384338,0.673897385597229,0.7158901691436768,0.4282291829586029,0.7297836542129517,0.8120865821838379,0.1798742115497589,0.27993595600128174,0.44798269867897034,0.7724419236183167,7.928767900011735e-07,-0.3628458082675934,-0.4536045789718628,-0.37181928753852844,-0.35033440589904785,-0.26171526312828064
dataset/2_39_jpg.rf.11976efc379ffa5249725854d82f1992.jpg,2,0.20510177314281464,0.4053384065628052,0.41215386986732483,0.63779217004776,0.42267298698425293,0.4062005281448364,0.7861464619636536,0.7763342261314392,0.13957396149635315,0.2912769317626953,0.7163361310958862,0.7713421583175659,7.769776857458055e-07,-0.291144460439682,-0.35951006412506104,-0.29235631227493286,-0.22824667394161224,-0.19941318035125732
dataset/4_149_jpg.rf.be1c4bd0b1678a58e3355d9a5c89697f.jpg,4,0.6128405928611755,0.5174981355667114,0.656640350818634,0.44940435886383057,0.2649744749069214,0.14342784881591797,0.7746884822845459,0.536447286605835,0.150968998670578,0.1303987205028534,0.21034255623817444,0.3690009117126465,1.2284491504033213e-06,-0.17393077909946442,-0.16634871065616608,-0.14760667085647583,-0.17161928117275238,-0.15843258798122406
dataset/5_112_jpg.rf.d650acc4dde91dd269ff85ceeea9d5e9.jpg,5,0.7481845021247864,0.5636860132217407,0.28459233045578003,0.20413503050804138,0.2253793329000473,0.3047129511833191,0.6495698690414429,0.23279231786727905,0.2965172827243805,0.5113430023193359,0.6263142228126526,0.7984403371810913,8.468111332149419e-07,-0.14765775203704834,-0.15685614943504333,-0.14360173046588898,-0.13939233124256134,-0.1322457194328308
dataset/1_189_jpg.rf.56e4b821e7b373c52da5d9ebbeb1f2ed.jpg,1,0.49794715642929077,0.473235547542572,0.4646632969379425,0.4945436716079712,0.46548718214035034,0.4125605523586273,0.7487739324569702,0.4651790261268616,0.24781620502471924,0.569861888885498,0.6182529926300049,0.6270567178726196,-3.237633094954617e-08,-0.08604570478200912,-0.07892374694347382,-0.08870834112167358,-0.050110310316085815,-0.04660338535904884
dataset/4_186_jpg.rf.6f2388a4ad4b14e70340f1963a5295fb.jpg,4,0.6673760414123535,0.4353611171245575,0.3318168520927429,0.2240520566701889,0.17970162630081177,0.19331257045269012,0.8469175100326538,0.7014713883399963,0.3989834189414978,0.49679848551750183,0.6336221694946289,0.8001238107681274,7.281506100298429e-07,-0.08950410038232803,-0.059162579476833344,-0.03723815456032753,-0.06442966312170029,-0.0702812448143959
dataset/2_196_jpg.rf.f6360f42a4f49ca3105764be8cc95a3d.jpg,2,0.5221855640411377,0.6874305009841919,0.5678206086158752,0.7547362446784973,0.6350346207618713,0.645967960357666,0.8477371335029602,0.5823053121566772,0.30664995312690735,0.3186984658241272,0.6563903093338013,0.7070976495742798,1.2887174989373307e-06,-0.09359347820281982,-0.03636740520596504,-0.06321662664413452,-0.09698918461799622,-0.12232502549886703
dataset/4_47_jpg.rf.e9c5802aaa77e911dc1918ca955bb773.jpg,4,0.6705808639526367,0.6024308204650879,0.6478184461593628,0.43045270442962646,0.26081177592277527,0.16401886940002441,1.014456868171692,0.7515522241592407,0.21889328956604004,0.20711788535118103,0.35328370332717896,0.5558583736419678,1.2831179674321902e-06,-0.20386378467082977,-0.23086683452129364,-0.22515662014484406,-0.24362581968307495,-0.2314503937959671
dataset/4_176_jpg.rf.e52e514b7459d84d0219962eb64238c7.jpg,4,0.7695566415786743,0.6379465460777283,0.44096022844314575,0.35696256160736084,0.34240004420280457,0.37346330285072327,0.8154363036155701,0.6530284881591797,0.20489907264709473,0.22321447730064392,0.3195696473121643,0.4434347450733185,9.814342547542765e-07,-0.16774775087833405,-0.18908117711544037,-0.1760513037443161,-0.15812250971794128,-0.12923158705234528
dataset/5_53_jpg.rf.6f52082416749c3b3a8475f43a72cd75.jpg,5,0.460682213306427,0.3887670040130615,0.523097574710846,0.5931500196456909,0.6407762765884399,0.6980554461479187,0.9144349098205566,0.4352705180644989,0.1701682209968567,0.15372687578201294,0.2310483455657959,0.37895724177360535,8.168866543201148e-07,-0.14440371096134186,-0.16333164274692535,-0.14898718893527985,-0.13801898062229156,-0.13198406994342804
dataset/4_15_jpg.rf.6ffbcdce2d6b86ab89f4e8b1143e8773.jpg,4,0.44476455450057983,0.4204271733760834,0.29991614818573,0.464192658662796,0.6619465947151184,0.7891144752502441,0.9019515514373779,0.6536588072776794,0.29810500144958496,0.23518121242523193,0.310573548078537,0.4698965847492218,5.187692408981093e-07,-0.14245955646038055,-0.17980638146400452,-0.18974825739860535,-0.22057081758975983,-0.21860937774181366
dataset/0_31_jpg.rf.2731e89d78afc56b69b20c7af901dd8a.jpg,0,0.7634217739105225,0.28163036704063416,0.4693771004676819,0.5687837600708008,0.63221275806427,0.6731612682342529,0.6729127168655396,0.500310480594635,0.5448711514472961,0.5256190299987793,0.48851412534713745,0.4098335802555084,-1.9674348550324794e-06,-0.27166548371315,-0.25904375314712524,-0.2129974514245987,-0.12965060770511627,-0.1064993292093277
dataset/5_178_jpg.rf.f327e75dccec9554a94174b6990486d4.jpg,5,0.5616805553436279,0.8384383916854858,0.46202418208122253,0.3183339834213257,0.21379369497299194,0.14072787761688232,0.8254110813140869,0.34875839948654175,0.15683546662330627,0.14919579029083252,0.2477879673242569,0.38825979828834534,8.070395551840193e-07,-0.07589004188776016,-0.03191784396767616,-0.038898665457963943,-0.07175685465335846,-0.08396004140377045
dataset/0_92_jpg.rf.1d5543b6c2ec80f406963c24d5ed3e7d.jpg,0,0.43332868814468384,0.49235033988952637,0.49265703558921814,0.4226301908493042,0.3566039204597473,0.2918425500392914,0.8300465941429138,0.43733733892440796,0.5344154834747314,0.5674842596054077,0.6027799844741821,0.6307724714279175,-1.169708525594615e-06,-0.0897405818104744,-0.15131406486034393,-0.12565241754055023,-0.03371530398726463,-0.0011015079217031598
dataset/5_12_jpg.rf.f59914e15f14b7c38fa895cb80c099ff.jpg,5,0.6191507577896118,0.9794290065765381,0.632206380367279,0.469429075717926,0.33263590931892395,0.21910643577575684,0.6723979711532593,0.36647799611091614,0.1439756453037262,0.1297612488269806,0.18929676711559296,0.29166853427886963,8.77940408372524e-07,-0.08215765655040741,-0.033361420035362244,-0.03082430362701416,-0.06524352729320526,-0.08082763850688934
dataset/3_35_jpg.rf.9ada114886f5b72c68e6b1dd6b28bce9.jpg,3,0.7253149747848511,0.5775288939476013,0.7304345369338989,0.4763529598712921,0.42349278926849365,0.5831639766693115,0.9017331600189209,0.8291512727737427,0.15895089507102966,0.21796277165412903,0.3477577269077301,0.7794870138168335,1.8007581275014672e-06,-0.34280258417129517,-0.4266507923603058,-0.3822469711303711,-0.3420342206954956,-0.23496127128601074
dataset/5_146_jpg.rf.5535826451e6e9125c2fce5ee883619d.jpg,5,0.5211732983589172,0.7962902188301086,0.4682726562023163,0.4011768102645874,0.3384934663772583,0.279849648475647,0.7171329855918884,0.4599761664867401,0.29848843812942505,0.27710801362991333,0.30898839235305786,0.3670920431613922,6.682238335997681e-07,-0.03220135346055031,-0.003209080547094345,-0.0005841963575221598,-0.017190830782055855,-0.013109797611832619
dataset/2_49_jpg.rf.a065b8c6465ed23c0b04d6906e0ffdd9.jpg,2,0.5347113013267517,0.36975109577178955,0.5079925656318665,0.32462015748023987,0.42835044860839844,0.4064050614833832,0.828423261642456,0.5431865453720093,0.26267141103744507,0.2723716199398041,0.6229376196861267,0.678476870059967,1.496621848673385e-06,-0.10917552560567856,-0.04369914531707764,-0.04680866375565529,-0.10855352878570557,-0.1247205063700676
dataset/4_192_jpg.rf.c1fe46f590757f649eb518be2ef1a918.jpg,4,0.5581156015396118,0.5466132760047913,0.7266501188278198,0.6656075716018677,0.5939748883247375,0.523261308670044,0.827102541923523,0.5933020114898682,0.20948442816734314,0.1577514410018921,0.17930525541305542,0.2808051109313965,8.454741191599169e-07,-0.15156665444374084,-0.18748746812343597,-0.17813248932361603,-0.17181283235549927,-0.1505434662103653
dataset/5_133_jpg.rf.74a62a0c1f80d867d42f789b177b338b.jpg,5,0.35503333806991577,0.8443616032600403,0.41857612133026123,0.33116471767425537,0.25028419494628906,0.16021430492401123,0.8245319128036499,0.5010973811149597,0.2329154908657074,0.1930510699748993,0.23306109011173248,0.30168259143829346,8.933136541600106e-07,-0.08907144516706467,-0.031193077564239502,-0.0344441756606102,-0.05419289320707321,-0.04979807883501053
dataset/2_133_jpg.rf.8bdfe7958e40d4deb6d2b64b3071d123.jpg,2,0.49726587533950806,0.5291815996170044,0.4605746865272522,0.6098111867904663,0.5367066860198975,0.5662656426429749,0.8961821794509888,0.6029223203659058,0.3183055520057678,0.30145928263664246,0.7008206844329834,0.7678958177566528,8.176028245543421e-07,-0.102888323366642,-0.09920613467693329,-0.13287034630775452,-0.112022265791893,-0.12124352157115936
dataset/3_22_jpg.rf.b03c87dfbbd503b4538653651f08676f.jpg,3,0.4157668352127075,0.5177718997001648,0.4310039281845093,0.5639959573745728,0.6769824624061584,0.5128514766693115,0.8353599309921265,0.5513802766799927,0.201943039894104,0.20000016689300537,0.28776800632476807,0.6723797917366028,3.807277835221612e-07,-0.05921444296836853,-0.05989957973361015,-0.07645532488822937,-0.1547842174768448,-0.13476039469242096
dataset/5_184_jpg.rf.0f0893daae6665bad27e4c48bab0552c.jpg,5,0.49658170342445374,0.6996605396270752,0.561538577079773,0.37817108631134033,0.3104618787765503,0.2127636969089508,0.8598477840423584,0.4297659397125244,0.06503438949584961,0.058396875858306885,0.14154991507530212,0.3298301696777344,9.641814813221572e-07,-0.19126535952091217,-0.2243209034204483,-0.21337147057056427,-0.19788752496242523,-0.18274202942848206
dataset/3_116_jpg.rf.bd25391227e4d8c796cf9d5919dab461.jpg,3,0.30675166845321655,0.45692208409309387,0.3532952070236206,0.4927826523780823,0.6113741397857666,0.4291327893733978,0.8761328458786011,0.6426454186439514,0.3697088956832886,0.3692740201950073,0.4335227906703949,0.7338578104972839,4.4191767756274203e-07,0.008322147652506828,-0.011330495588481426,-0.027269387617707253,-0.13928502798080444,-0.11789240688085556
dataset/0_108_jpg.rf.616090db5b590d714930b088fa30a4b4.jpg,0,0.34005922079086304,0.45124948024749756,0.42741066217422485,0.3650629222393036,0.3056148886680603,0.2506375312805176,0.6369525194168091,0.34644317626953125,0.42944031953811646,0.4420982003211975,0.45968592166900635,0.47140777111053467,-8.360524930139945e-07,-0.05628403276205063,-0.09638018906116486,-0.08661250025033951,-0.04421941563487053,-0.03369269147515297
dataset/4_182_jpg.rf.d9111558189d863e5bdc7a80f010ee31.jpg,4,0.7187588810920715,0.7456719875335693,0.8465902209281921,0.6559919714927673,0.44263097643852234,0.3344166576862335,0.8640865087509155,0.5889135599136353,0.15874141454696655,0.1044413149356842,0.22250229120254517,0.40106964111328125,1.298017878070823e-06,-0.2169254869222641,-0.25218871235847473,-0.23789408802986145,-0.24748186767101288,-0.23576632142066956
dataset/3_51_jpg.rf.5e574d36ea7f12d686f22c0be0c7fed2.jpg,3,0.542487621307373,0.45352858304977417,0.5515397787094116,0.45320799946784973,0.3270303010940552,0.4486254155635834,0.8215977549552917,0.5701274871826172,0.2722074091434479,0.2778168022632599,0.3547787666320801,0.6899727582931519,9.417591968485794e-07,0.010907324962317944,0.005344853736460209,0.013127829879522324,-0.08477074652910233,-0.04305030778050423
dataset/0_128_jpg.rf.5d3d3d32cc4b8e1e33b8b5ee94d4e3f1.jpg,0,0.7778912782669067,0.46804407238960266,0.5847128033638,0.594129741191864,0.6097701787948608,0.6076380014419556,0.4122230112552643,0.28348198533058167,0.28553980588912964,0.33186861872673035,0.3821651041507721,0.433599054813385,-9.779455467651132e-07,-0.02754383534193039,-0.09406515210866928,-0.05073633790016174,-0.0011727139353752136,0.009966191835701466
dataset/3_43_jpg.rf.7f6ef4eeedf073957e34f6018bc26be0.jpg,3,0.45286792516708374,0.42746803164482117,0.691440224647522,0.5772892832756042,0.3842594027519226,0.4002593159675598,0.905527651309967,0.5497283935546875,0.24192118644714355,0.18610814213752747,0.21200063824653625,0.6867493391036987,1.3852461506758118e-06,-0.0288811344653368,-0.05001495033502579,-0.06036192178726196,-0.17039138078689575,-0.12009917944669724
dataset/3_170_jpg.rf.4ee0d0a0c364528252ddd8bf08993335.jpg,3,0.3963448405265808,0.5007014274597168,0.4041048586368561,0.5458347797393799,0.6658934950828552,0.4962238669395447,0.822787880897522,0.5293197631835938,0.16776707768440247,0.16274219751358032,0.2577093839645386,0.6528457403182983,3.550467511104216e-07,-0.07135773450136185,-0.07538869231939316,-0.08908503502607346,-0.16133791208267212,-0.13991878926753998
dataset/5_149_jpg.rf.efdbfce178fac44aa2377508a54dbc00.jpg,5,0.5757690668106079,0.924591064453125,0.5802534818649292,0.43058425188064575,0.29350507259368896,0.1814466118812561,0.7171751260757446,0.4121429920196533,0.20074284076690674,0.18856222927570343,0.24870498478412628,0.35572171211242676,9.387102295477234e-07,-0.09086886048316956,-0.0382179319858551,-0.03807171806693077,-0.07578340917825699,-0.09209755808115005
dataset/5_98_jpg.rf.52cbbc6bc45d09473723be9ff0c90448.jpg,5,0.6240266561508179,0.7434892058372498,0.33708250522613525,0.20054543018341064,0.14094266295433044,0.11541122198104858,0.7973322868347168,0.2823370099067688,0.20444749295711517,0.2507704496383667,0.3702455163002014,0.5136092901229858,6.345420615616604e-07,-0.08095211535692215,-0.06295029819011688,-0.06922799348831177,-0.08856209367513657,-0.09255242347717285
dataset/0_75_jpg.rf.904a37c4800f509b0231532a6d19d235.jpg,0,0.540510356426239,0.44547179341316223,0.5641157627105713,0.5038230419158936,0.45338714122772217,0.4063289761543274,0.6243672966957092,0.25802403688430786,0.2994149625301361,0.33697572350502014,0.3784836530685425,0.41023769974708557,-3.79359988755823e-07,-0.22490085661411285,-0.21781545877456665,-0.13851706683635712,-0.0738365575671196,-0.053015146404504776
dataset/3_33_jpg.rf.c874225aeeea399c31558be15e5ae0f0.jpg,3,0.38674938678741455,0.5493085980415344,0.3639214038848877,0.5980764627456665,0.6684119701385498,0.5575583577156067,0.9321791529655457,0.8962815999984741,0.27455928921699524,0.25636810064315796,0.3512151837348938,0.8673590421676636,1.314913788519334e-06,-0.4345399737358093,-0.5327381491661072,-0.4765247106552124,-0.4569413959980011,-0.3569296896457672
dataset/5_130_jpg.rf.c9557bd5496395032359c93f6f2d2c96.jpg,5,0.3150044083595276,0.9295068979263306,0.607424259185791,0.5247020125389099,0.4108988642692566,0.3064252734184265,0.7948461174964905,0.5498499274253845,0.2263334095478058,0.17454996705055237,0.1930612325668335,0.23943428695201874,1.0715751841416932e-06,-0.1138426810503006,-0.06919466704130173,-0.06605283170938492,-0.06701097637414932,-0.04623828083276749
dataset/3_21_jpg.rf.08eaf149aa45ade5f4c433a3fc4789f3.jpg,3,0.7061535120010376,0.51108318567276,0.6062900424003601,0.35281461477279663,0.3043273091316223,0.5299603939056396,0.9183456897735596,0.9513378739356995,0.1749277114868164,0.2473990023136139,0.44337189197540283,0.9689396023750305,2.207261559306062e-06,-0.4414266049861908,-0.5603088140487671,-0.4991263747215271,-0.4398658871650696,-0.32797276973724365
dataset/4_37_jpg.rf.f8cde689914089424c22fef3647be1a9.jpg,4,0.4384579062461853,0.3797488212585449,0.5744742155075073,0.41360124945640564,0.3514811396598816,0.24440792202949524,0.8549257516860962,0.6994000673294067,0.18161484599113464,0.1341925859451294,0.20867851376533508,0.35262003540992737,1.2485012348406599e-06,-0.20717670023441315,-0.24312233924865723,-0.23265598714351654,-0.2160852551460266,-0.18556994199752808
dataset/3_73_jpg.rf.f2bdaaaf3f2886c862079075f374e153.jpg,3,0.2075810730457306,0.3505213260650635,0.24053847789764404,0.3802747130393982,0.5052508115768433,0.32686808705329895,0.7144123315811157,0.4703138470649719,0.1950128674507141,0.19007696211338043,0.25279414653778076,0.5644323229789734,3.5513858165359125e-07,-0.02711409144103527,-0.02775411494076252,-0.0579540953040123,-0.15225401520729065,-0.13227108120918274
dataset/1_62_jpg.rf.b2f669531e684c24cb2fecedaec81a44.jpg,1,0.5097306370735168,0.45211294293403625,0.48518654704093933,0.47348520159721375,0.45152729749679565,0.38364994525909424,0.9456912279129028,0.6381714344024658,0.3485501706600189,0.6987282037734985,0.7836909294128418,0.7983204126358032,1.564015406074759e-07,-0.19010962545871735,-0.15530447661876678,-0.1725715845823288,-0.11648143827915192,-0.09731242060661316
dataset/3_54_jpg.rf.e585529d9a708fd23f899ead67448ece.jpg,3,0.7566366195678711,0.5564274787902832,0.49042266607284546,0.321626752614975,0.2997171878814697,0.5656012892723083,0.7245468497276306,0.801255464553833,0.16715046763420105,0.2780105173587799,0.46883469820022583,0.7814246416091919,1.7828431282396195e-06,-0.3973892629146576,-0.4819950461387634,-0.3927515149116516,-0.3440435826778412,-0.24860356748104095
dataset/3_4_jpg.rf.a7cc1a97c432be73227ad61f1555f988.jpg,3,0.5194875597953796,0.6258711814880371,0.5564706921577454,0.6332015991210938,0.6984677314758301,0.6224761009216309,0.83575838804245,0.5746666789054871,0.3165867328643799,0.2939402461051941,0.32440465688705444,0.6850047707557678,9.111801659855701e-07,-0.006277414504438639,0.01778668910264969,0.042715515941381454,-0.1270855814218521,-0.1374315321445465
dataset/3_99_jpg.rf.179ef1f44e94a4ee7b12844f34dc5f0d.jpg,3,0.6573638916015625,0.5103144645690918,0.3104562759399414,0.2560309171676636,0.25887107849121094,0.5209846496582031,0.7145611047744751,0.6863480806350708,0.3459574580192566,0.40397924184799194,0.5237184762954712,0.6609655618667603,1.037660808833607e-06,-0.16190554201602936,-0.18324151635169983,-0.1774464249610901,-0.1923229843378067,-0.15249870717525482
dataset/1_53_jpg.rf.bb09417882a72367fdca1adc0b4de70a.jpg,1,0.5274838209152222,0.49149471521377563,0.45130857825279236,0.508481502532959,0.48210766911506653,0.4273948669433594,0.8403698205947876,0.5451369881629944,0.2561633884906769,0.6482440233230591,0.7068352699279785,0.725317120552063,4.0487506680619845e-08,-0.1354871392250061,-0.11902115494012833,-0.13950946927070618,-0.08626081794500351,-0.07811234146356583
dataset/4_169_jpg.rf.effa295fbe8d9e12f61056eea6759269.jpg,4,0.56475430727005,0.5013659000396729,0.7265190482139587,0.5578980445861816,0.4844233989715576,0.3858761787414551,0.8757005929946899,0.6497718095779419,0.2131553292274475,0.16123774647712708,0.216629296541214,0.38749241828918457,1.0531529142099316e-06,-0.1414698213338852,-0.1917632669210434,-0.18400800228118896,-0.18130072951316833,-0.1599784940481186
dataset/3_173_jpg.rf.60d8eaf9a1049aa41da5315bb73d9307.jpg,3,0.2824033498764038,0.48943498730659485,0.4055868685245514,0.6391414403915405,0.7046851515769958,0.4685317873954773,0.9089808464050293,0.9473644495010376,0.19322249293327332,0.24482467770576477,0.39945507049560547,0.932887852191925,1.7404154277755879e-06,-0.45557060837745667,-0.5618821382522583,-0.48045822978019714,-0.44706475734710693,-0.33527982234954834
dataset/1_44_jpg.rf.f8c0004788e71c35070a5d3c76310850.jpg,1,0.9386365413665771,0.6389289498329163,0.3528352677822113,0.7052163481712341,0.7807025909423828,0.7966721057891846,0.4838245213031769,0.5457400679588318,0.5180324912071228,0.5224566459655762,0.5509024262428284,0.6150610446929932,1.4580159302113316e-07,-0.15460671484470367,-0.1241348385810852,-0.135152667760849,-0.08942665904760361,-0.07627242058515549
dataset/3_30_jpg.rf.a90370e9d4ec9581fd57d4c9216ee942.jpg,3,0.5935405492782593,0.48595941066741943,0.5723224878311157,0.41907328367233276,0.297482430934906,0.5106374621391296,0.8276613354682922,0.54127037525177,0.17445507645606995,0.1672166883945465,0.2699472904205322,0.6839959025382996,8.875862249624333e-07,-0.06217075511813164,-0.07773911207914352,-0.08718349039554596,-0.1792750358581543,-0.14250463247299194
dataset/2_141_jpg.rf.672fa6c79d8492ce3558fe22ee2ebe44.jpg,2,0.28496673703193665,0.2887738347053528,0.508733868598938,0.43673428893089294,0.28904664516448975,0.23292016983032227,0.866230845451355,0.5785351991653442,0.3623647093772888,0.33688345551490784,0.623075008392334,0.7063382267951965,1.5148590364333359e-06,-0.08953873068094254,-0.038833923637866974,-0.037102632224559784,-0.1154734268784523,-0.12973177433013916
dataset/3_143_jpg.rf.902bf306ba798946b295c2f718dec139.jpg,3,0.7561386823654175,0.6277535557746887,0.7524512410163879,0.6172777414321899,0.4953312277793884,0.6564290523529053,0.8197470903396606,0.5842258334159851,0.32449156045913696,0.31756657361984253,0.37350574135780334,0.6901754140853882,1.0530219469728763e-06,-0.0277047548443079,-0.04452520236372948,-0.04675189405679703,-0.14715151488780975,-0.1065245121717453
dataset/5_96_jpg.rf.b159c0284e1fcdef5946b04162bbb280.jpg,5,0.4364582598209381,0.3708358705043793,0.47183677554130554,0.5469323396682739,0.6038473844528198,0.6637876033782959,0.9271024465560913,0.4634575843811035,0.20114699006080627,0.1899578869342804,0.2596583366394043,0.40425899624824524,6.792468525418371e-07,-0.14139243960380554,-0.16484886407852173,-0.1491163820028305,-0.13872350752353668,-0.1316077560186386
dataset/4_141_jpg.rf.2a99470aa955609d409a601d12a84ee0.jpg,4,0.4141698479652405,0.4495396018028259,0.32046544551849365,0.5038485527038574,0.701501727104187,0.8279148936271667,0.953167200088501,0.7491446733474731,0.3613615334033966,0.33001476526260376,0.40588366985321045,0.5409235954284668,8.247778282566287e-07,-0.14932292699813843,-0.1614818125963211,-0.1683018058538437,-0.20814865827560425,-0.2029234617948532
dataset/2_171_jpg.rf.1926f424a80fa87dee63f06a911c3efe.jpg,2,0.28223252296447754,0.2865196466445923,0.5023282170295715,0.4326243996620178,0.2917441725730896,0.23027808964252472,0.8686651587486267,0.5775917172431946,0.36434563994407654,0.3405812084674835,0.6323210597038269,0.7074133157730103,1.4677997342005256e-06,-0.08843041956424713,-0.039493024349212646,-0.04062840715050697,-0.1144419014453888,-0.1265162080526352
dataset/3_192_jpg.rf.ec37d65b41366b1012aadc6ec390bb1a.jpg,3,0.3169203996658325,0.32189226150512695,0.07496298849582672,0.1938006579875946,0.39398932456970215,0.3554365634918213,0.9583308696746826,0.6305972337722778,0.33092570304870605,0.267088383436203,0.30216750502586365,0.7908104062080383,5.028754301861227e-08,-0.07744260132312775,-0.10185770690441132,-0.13293719291687012,-0.21600322425365448,-0.19355499744415283
dataset/1_79_jpg.rf.e4a036fe8b9ab05c80706d4b5c5ad7e3.jpg,1,0.2880832254886627,0.36541882157325745,0.5026146173477173,0.3297092616558075,0.3539983928203583,0.36828210949897766,0.8490806818008423,0.8417836427688599,0.38791489601135254,0.7506451606750488,0.7937132716178894,0.8569372892379761,-1.653435646176149e-07,-0.19925925135612488,-0.2463449239730835,-0.1717248260974884,-0.11576609313488007,-0.11220236867666245
dataset/4_48_jpg.rf.988de5d548d171a07985d123431ff355.jpg,4,0.6890122890472412,0.6332586407661438,0.7739959359169006,0.5725515484809875,0.3778378963470459,0.247952401638031,0.8871960639953613,0.6619020700454712,0.2676926851272583,0.24216270446777344,0.3251372277736664,0.4666617810726166,1.3740877875534352e-06,-0.179168701171875,-0.19681192934513092,-0.17337475717067719,-0.18602848052978516,-0.16516275703907013
dataset/4_32_jpg.rf.9dd689009eaf0062ecfc93a437c10dec.jpg,4,0.49542516469955444,0.5654503107070923,0.43840402364730835,0.6335672736167908,0.8333280086517334,0.960640013217926,0.6816153526306152,0.43130064010620117,0.05198746919631958,0.035641998052597046,0.11201050877571106,0.26715144515037537,7.861048629820289e-07,-0.1282566338777542,-0.13561339676380157,-0.1433374136686325,-0.189418226480484,-0.18751965463161469
dataset/5_136_jpg.rf.be19b4c17c896130fadf84aab84501cc.jpg,5,0.5070695281028748,0.8323017954826355,0.5081692934036255,0.3769646883010864,0.25501272082328796,0.16400408744812012,0.7567591667175293,0.3915995657444,0.14301428198814392,0.11656937003135681,0.1983662247657776,0.32461100816726685,8.306687391268497e-07,-0.10459573566913605,-0.07018391042947769,-0.06776125729084015,-0.09486597776412964,-0.10484902560710907
dataset/1_30_jpg.rf.51fb9362ecbe30cf5d7799eda1de6c6e.jpg,1,0.6592113375663757,0.5747089385986328,0.48554593324661255,0.627754807472229,0.6120556592941284,0.5861561298370361,0.9151979684829712,0.8628029227256775,0.27464407682418823,0.7912052273750305,0.857306718826294,0.9088709354400635,5.159657803233131e-07,-0.2268960326910019,-0.2607259154319763,-0.2023972123861313,-0.1387784779071808,-0.1238866001367569
dataset/1_195_jpg.rf.194f169a6f6dfd932e03c44b611aa32d.jpg,1,0.16847831010818481,0.3508610725402832,0.6036597490310669,0.3372659683227539,0.2602881193161011,0.19389912486076355,0.232699453830719,0.5389290452003479,0.8060981035232544,0.45589086413383484,0.3903276026248932,0.40708109736442566,3.068000467010279e-07,-0.2348533570766449,-0.20210234820842743,-0.1956903338432312,-0.14867134392261505,-0.14098817110061646
dataset/3_53_jpg.rf.7ff011f4f428381ab2af9b748c94fbca.jpg,3,0.5633077621459961,0.40808671712875366,0.510729968547821,0.376272588968277,0.24929523468017578,0.44187864661216736,0.8987792730331421,0.6731770038604736,0.39299219846725464,0.3946755528450012,0.45439600944519043,0.7725390195846558,1.0175050420002663e-06,-0.018334170803427696,-0.03279012069106102,-0.044408779591321945,-0.15717382729053497,-0.11787000298500061
dataset/4_168_jpg.rf.8c1821849be002a8dac5e8302d7a9555.jpg,4,0.6175260543823242,0.525724470615387,0.6647937297821045,0.46207395195961,0.2716143727302551,0.14328792691230774,0.7748369574546814,0.5397133827209473,0.14867737889289856,0.12668836116790771,0.20598430931568146,0.362573504447937,1.3001864545003627e-06,-0.1782117784023285,-0.1641606092453003,-0.14632517099380493,-0.1759796440601349,-0.1668330579996109
dataset/5_114_jpg.rf.49b977dedb0555c511560bdc95cf6e6f.jpg,5,0.4578230381011963,0.7725608348846436,0.5376707315444946,0.4370892643928528,0.33935439586639404,0.2352408468723297,0.805806577205658,0.5596227645874023,0.28986856341362,0.2481553852558136,0.2868054509162903,0.3605472445487976,6.902905056449526e-07,-0.06406476348638535,-0.029434993863105774,-0.026099514216184616,-0.05319884419441223,-0.061330486088991165
dataset/3_124_jpg.rf.83ccc6fcb12a7bc7a85a7929954bd791.jpg,3,0.4900699853897095,0.32412198185920715,0.435303658246994,0.30186891555786133,0.17901448905467987,0.3752886950969696,0.7867586612701416,0.55941241979599,0.28405776619911194,0.2846568822860718,0.3528602123260498,0.6568350195884705,1.0041650284620118e-06,-0.018204033374786377,-0.03738049045205116,-0.04863893985748291,-0.15120422840118408,-0.10848043859004974
dataset/5_43_jpg.rf.c02d8752494d759c222a22a521e597cb.jpg,5,0.5936130881309509,0.8877702951431274,0.6221445202827454,0.515289306640625,0.40104785561561584,0.32450664043426514,0.7942733764648438,0.5178186893463135,0.22997497022151947,0.19295185804367065,0.2601625621318817,0.3702374994754791,8.34315869724378e-07,-0.0937490239739418,-0.09145299345254898,-0.09886207431554794,-0.11817721277475357,-0.11738784611225128
dataset/1_186_jpg.rf.ee9accb313ba03ada4b82d1643945dbf.jpg,1,0.4372164011001587,0.41140520572662354,0.36593449115753174,0.4176499843597412,0.39151743054389954,0.3299640715122223,0.8621243238449097,0.5270956158638,0.2873101234436035,0.6370298266410828,0.7011295557022095,0.7218425273895264,-5.279829196069841e-08,-0.09793683141469955,-0.0959804356098175,-0.12150782346725464,-0.07672440260648727,-0.06632392853498459
dataset/1_161_jpg.rf.209962dd52286f7963211cbf93dffd7d.jpg,1,0.5740904808044434,0.3859841525554657,0.39928820729255676,0.47088873386383057,0.46019166707992554,0.44422581791877747,0.9450328946113586,0.855933427810669,0.237733393907547,0.7857465147972107,0.8634710311889648,0.9206933379173279,5.035013828091905e-07,-0.23493382334709167,-0.25318649411201477,-0.20602233707904816,-0.13894008100032806,-0.11190031468868256
dataset/2_121_jpg.rf.9d9b739ff4b6d159ee5e91680a27aaac.jpg,2,0.4639630913734436,0.6359587907791138,0.498272567987442,0.67795330286026,0.5714549422264099,0.5892425775527954,0.8306717276573181,0.5407266616821289,0.27111750841140747,0.27703526616096497,0.6358243227005005,0.6902921199798584,1.6522972146049142e-06,-0.15061958134174347,-0.03773598000407219,-0.04975585266947746,-0.13521720468997955,-0.1648828387260437
dataset/5_170_jpg.rf.6d8abf2490816dc25b52a51b02362ff3.jpg,5,0.5035803318023682,0.6258581876754761,0.5495129823684692,0.4312429130077362,0.3865397572517395,0.31276026368141174,0.7283389568328857,0.33479464054107666,0.07529231905937195,0.06378814578056335,0.12338820099830627,0.25544798374176025,6.799212428632018e-07,-0.11845371872186661,-0.14441166818141937,-0.13893228769302368,-0.13283048570156097,-0.12486753612756729
dataset/1_203_jpg.rf.e4705388a6afb54acb96dec3f32584e7.jpg,1,0.1481444239616394,0.366953045129776,0.6457850933074951,0.33165961503982544,0.25573936104774475,0.19284245371818542,0.29389604926109314,0.5309324860572815,0.761298656463623,0.4469314217567444,0.4243432581424713,0.46374356746673584,1.8447710203872703e-07,-0.22176648676395416,-0.21510374546051025,-0.19132626056671143,-0.14262865483760834,-0.1424592286348343
dataset/1_153_jpg.rf.ea9a32967e5f0bc2235a4cd27102f3a5.jpg,1,0.547899603843689,0.4053667485713959,0.2356509268283844,0.46329209208488464,0.4631601572036743,0.42367085814476013,0.8652881383895874,0.6059871315956116,0.343392550945282,0.6866820454597473,0.7482284307479858,0.7894442081451416,5.251992618582335e-09,-0.1601402759552002,-0.1418250948190689,-0.13867084681987762,-0.09652397781610489,-0.09612661600112915
dataset/5_140_jpg.rf.82c4938e441eb9abf0b62b8aaba07efe.jpg,5,0.35346412658691406,0.5692335367202759,0.7930857539176941,0.8642760515213013,0.8552569150924683,0.8139040470123291,0.7972508668899536,0.42897990345954895,0.349462628364563,0.42030590772628784,0.5145577192306519,0.6719682216644287,7.259628205247282e-07,-0.13366341590881348,-0.1466580480337143,-0.13783082365989685,-0.13364478945732117,-0.1242155134677887
dataset/2_10_jpg.rf.f961c59e2fe4b818d0af8139766ff8e2.jpg,2,0.5329159498214722,0.4166894257068634,0.4246870279312134,0.2808329164981842,0.4377592206001282,0.4441532790660858,0.78249591588974,0.687278151512146,0.2505530118942261,0.3578982353210449,0.6575065851211548,0.7142701745033264,1.1040305025744601e-06,-0.140929713845253,-0.1540374606847763,-0.14347021281719208,-0.10722548514604568,-0.0924580991268158
dataset/0_68_jpg.rf.fe207af796ec917d5b518347833d3388.jpg,0,0.22673693299293518,0.7271042466163635,0.5180773138999939,0.4463123083114624,0.3715633749961853,0.31770527362823486,0.6596465706825256,0.5072628855705261,0.5522192716598511,0.5310297608375549,0.49162760376930237,0.4222303032875061,-1.1648992312984774e-06,-0.2623277008533478,-0.28126469254493713,-0.20183365046977997,-0.11355666071176529,-0.08136230707168579
dataset/3_121_jpg.rf.299bb8cc3be703ed8037ce4b171b8a16.jpg,3,0.7943335771560669,0.7235221862792969,0.8574486374855042,0.75230473279953,0.6055001020431519,0.7259820103645325,0.8450896739959717,0.5731683373451233,0.3034765124320984,0.28401559591293335,0.34757041931152344,0.7003647089004517,1.0327374866392347e-06,-0.0155939357355237,-0.02640700340270996,-0.03692539036273956,-0.12447981536388397,-0.09230171889066696
dataset/0_34_jpg.rf.f9cab375a3078bf5fa903bccb4eebbb6.jpg,0,0.5035174489021301,0.5319337248802185,0.5392992496490479,0.48309430480003357,0.4216494560241699,0.35952281951904297,0.594428539276123,0.30388736724853516,0.3926098942756653,0.4217599928379059,0.45271623134613037,0.4657291769981384,-9.045965612131113e-07,-0.06372496485710144,-0.095740407705307,-0.07165135443210602,-0.024114515632390976,-0.008375147357583046
dataset/3_188_jpg.rf.5ddee1e1e3952056daa8e1972a7280ed.jpg,3,0.887840747833252,0.7085216641426086,0.48847997188568115,0.34956109523773193,0.37851524353027344,0.7133907675743103,0.6470520496368408,0.7178742289543152,0.1191333532333374,0.3022350072860718,0.5123870372772217,0.6865224242210388,1.8126561371900607e-06,-0.35716712474823,-0.3769422769546509,-0.3384212851524353,-0.32155755162239075,-0.2539769113063812
dataset/4_103_jpg.rf.9ca7780e77a63ce54ffc7f70e8d49f9c.jpg,4,0.7919872403144836,0.6148024797439575,0.5702852606773376,0.3342777192592621,0.3065958619117737,0.3044167757034302,0.9333462715148926,0.8607105016708374,0.2004181444644928,0.36847227811813354,0.5035800933837891,0.772383987903595,1.2718612651951844e-06,-0.23184221982955933,-0.29344794154167175,-0.26408976316452026,-0.24443861842155457,-0.21165788173675537
dataset/1_82_jpg.rf.cdc3989d230f733486f54a0f78807d3d.jpg,1,0.6131601333618164,0.48059147596359253,0.37241828441619873,0.5391674637794495,0.523140013217926,0.5019481778144836,0.8596768379211426,0.6993120908737183,0.18216323852539062,0.6523860692977905,0.7231168150901794,0.7785409688949585,3.6967082905903226e-07,-0.20932506024837494,-0.21074530482292175,-0.18072660267353058,-0.13036245107650757,-0.1170308068394661
dataset/4_50_jpg.rf.02d9c367f2538149836cfce300a449c6.jpg,4,0.7479350566864014,0.6059533357620239,0.431504487991333,0.24814392626285553,0.24495574831962585,0.2698385417461395,0.7387111186981201,0.645780622959137,0.10449126362800598,0.3016101121902466,0.4176758825778961,0.7051647901535034,1.0695407581806649e-06,-0.19975951313972473,-0.2322421669960022,-0.21572339534759521,-0.21256327629089355,-0.19189293682575226
dataset/3_183_jpg.rf.06b2f9523cadccb05b1210499fc409f0.jpg,3,0.4001699388027191,0.5050659775733948,0.410537987947464,0.5539025068283081,0.669840931892395,0.5047324299812317,0.8231087923049927,0.5304484963417053,0.17132100462913513,0.16628879308700562,0.2591387927532196,0.6497408747673035,3.739921794476686e-07,-0.07293302565813065,-0.07211367040872574,-0.0832308679819107,-0.15672841668128967,-0.13575130701065063
dataset/1_173_jpg.rf.81a47f4a8bffa34beccfbfe0adb227a5.jpg,1,0.5185440182685852,0.5125067830085754,0.5118603110313416,0.525231659412384,0.4931093454360962,0.43929198384284973,0.7976925373077393,0.4960378110408783,0.261041522026062,0.605863630771637,0.6535509824752808,0.6602823734283447,-5.8370595468204556e-08,-0.09458580613136292,-0.08612503111362457,-0.09381338208913803,-0.05137506499886513,-0.048890236765146255
dataset/3_49_jpg.rf.1c872d4b763112ee9095fb18672caf9b.jpg,3,0.2390485405921936,0.3748774230480194,0.26298844814300537,0.39984071254730225,0.5175244212150574,0.3494078516960144,0.8557498455047607,0.6246301531791687,0.3570652902126312,0.3537839651107788,0.41106992959976196,0.7187106013298035,4.5339228904595075e-07,-0.012022305279970169,-0.014989805407822132,-0.03972252085804939,-0.14957678318023682,-0.13744378089904785
dataset/5_121_jpg.rf.36421eec12495317812f0d1b001e4782.jpg,5,0.3536798655986786,0.10556623339653015,0.48142749071121216,0.609721302986145,0.6975924968719482,0.7570042610168457,0.8763302564620972,0.4449578821659088,0.25669458508491516,0.2674614191055298,0.3491656184196472,0.47890955209732056,5.990794420540624e-07,-0.05311733856797218,-0.026829255744814873,-0.025221427902579308,-0.05881565064191818,-0.07562904804944992
dataset/2_181_jpg.rf.b0581b79b317842b607ac0a5124355f0.jpg,2,0.4641818404197693,0.6288557052612305,0.49852490425109863,0.6855010390281677,0.5627784132957458,0.587253749370575,0.8362783789634705,0.5560172200202942,0.28827184438705444,0.2940104007720947,0.6442235708236694,0.6926531195640564,1.4338133951241616e-06,-0.11934752017259598,-0.07899002730846405,-0.10736939311027527,-0.12499319761991501,-0.13245220482349396
dataset/1_145_jpg.rf.ce94dc8492eb4fd896774ca126c204e0.jpg,1,0.493999183177948,0.5593134760856628,0.5272417068481445,0.5234284996986389,0.5574048161506653,0.6262763738632202,0.9487660527229309,0.6456936597824097,0.3550640642642975,0.7096010446548462,0.7871444225311279,0.8014930486679077,-1.8607497054290434e-07,-0.18977725505828857,-0.17155520617961884,-0.1847049742937088,-0.12112253904342651,-0.11772818863391876
dataset/0_130_jpg.rf.55ead9175e4108ae76a431fc75a94d21.jpg,0,0.3573666512966156,0.739597499370575,0.5634675025939941,0.4909151792526245,0.41370952129364014,0.35831218957901,0.587418794631958,0.3541085720062256,0.43642657995224,0.4290356934070587,0.40648987889289856,0.3475552499294281,-1.0761465318864794e-06,-0.17160600423812866,-0.2077106237411499,-0.1515587568283081,-0.07672266662120819,-0.047571804374456406
dataset/4_120_jpg.rf.c1499c2f01b4928153ce295f47860f21.jpg,4,0.48621541261672974,0.5154436826705933,0.6235151290893555,0.48703089356422424,0.3154849708080292,0.17242389917373657,0.9407029747962952,0.6629651188850403,0.2989318370819092,0.24886491894721985,0.3099997043609619,0.4405236840248108,1.0031299098045565e-06,-0.1473834216594696,-0.14834293723106384,-0.13409559428691864,-0.15977807343006134,-0.15757009387016296
dataset/0_43_jpg.rf.f3f8170386ae24a178ffced52eea898d.jpg,0,0.3847194314002991,0.18643836677074432,0.2791444957256317,0.27010828256607056,0.2651171088218689,0.2528952956199646,0.7410497665405273,0.5167235732078552,0.5678151845932007,0.6187842488288879,0.6756371855735779,0.7279661297798157,-9.503365845375811e-07,-0.04995764046907425,-0.0966559499502182,-0.07604990154504776,-0.03319631889462471,-0.022279443219304085
dataset/4_160_jpg.rf.98b3d664fa80492b7c3bfd80df758f2b.jpg,4,0.446914941072464,0.5886244177818298,0.5076367855072021,0.6309149265289307,0.7546207308769226,0.8241701722145081,0.912676990032196,0.6296587586402893,0.26333117485046387,0.28218069672584534,0.38588565587997437,0.5295616388320923,7.635172778464039e-07,-0.054095715284347534,-0.03156400844454765,-0.017533045262098312,-0.049390241503715515,-0.05361541733145714
dataset/1_149_jpg.rf.135b544908c3c9f980cb4af375bdd2ce.jpg,1,0.5696244239807129,0.4562814235687256,0.3023909330368042,0.49606573581695557,0.48465704917907715,0.4402382969856262,0.8868658542633057,0.6555085182189941,0.3420160114765167,0.718162477016449,0.7814853191375732,0.8176694512367249,8.962241793142312e-08,-0.21264389157295227,-0.18519318103790283,-0.16968855261802673,-0.11425016820430756,-0.10383486747741699
dataset/5_36_jpg.rf.4c2da7709cf0faec9ab2a49c1e2812a8.jpg,5,0.5225114226341248,0.9949452877044678,0.45207011699676514,0.337592750787735,0.2539563477039337,0.1767047941684723,0.9167158603668213,0.503483235836029,0.23027905821800232,0.18916678428649902,0.2501640021800995,0.3406912088394165,1.0537647767705494e-06,-0.06762734800577164,0.009744413197040558,0.012516879476606846,-0.013858867809176445,-0.0174555741250515
dataset/0_72_jpg.rf.c9bf03e5003b94160594e875274be40b.jpg,0,0.5576854348182678,0.6116249561309814,0.6089615821838379,0.538113534450531,0.46925920248031616,0.4040345251560211,0.7701643705368042,0.34933435916900635,0.4638696014881134,0.48986026644706726,0.5245718359947205,0.5658283233642578,-1.2410428098519333e-06,-0.1298689842224121,-0.1714724898338318,-0.1453557014465332,-0.05206947401165962,-0.018138017505407333
dataset/3_155_jpg.rf.bec0c60c6e427e5daaa2c25a9251f9c5.jpg,3,0.3983282744884491,0.5710611343383789,0.6233269572257996,0.7751808166503906,0.795734703540802,0.5454202890396118,0.8757516145706177,0.7774487733840942,0.24478361010551453,0.3843291997909546,0.4966568648815155,0.779025137424469,6.651012540714873e-07,-0.18665185570716858,-0.18888550996780396,-0.15901917219161987,-0.1920441836118698,-0.15794752538204193
dataset/3_132_jpg.rf.4b77fcd72d888d53ade47c0a8ddd1027.jpg,3,0.26858165860176086,0.4602070152759552,0.36879169940948486,0.5709385871887207,0.6403833627700806,0.46611288189888,0.8966885805130005,0.8811638951301575,0.21977150440216064,0.2589043974876404,0.39412909746170044,0.8515121936798096,1.116939074563561e-06,-0.3730016350746155,-0.45013731718063354,-0.3874659836292267,-0.3494010865688324,-0.25711554288864136
dataset/4_157_jpg.rf.9b6e1bfb9a7222fa9d95113207cbc698.jpg,4,0.4087616801261902,0.48019686341285706,0.3924524784088135,0.5333818197250366,0.6831278204917908,0.7862293720245361,0.9259135723114014,0.5897886157035828,0.2521685063838959,0.24501141905784607,0.31425946950912476,0.44842422008514404,6.668707328572054e-07,-0.05090675503015518,-0.016379281878471375,-0.01761438325047493,-0.06970833241939545,-0.08016607165336609
dataset/2_96_jpg.rf.6868405970d8399dc1fcf4cd03d98f4a.jpg,2,0.4864443242549896,0.672105610370636,0.6571898460388184,0.7289964556694031,0.605208158493042,0.6061000823974609,0.8385212421417236,0.5971348881721497,0.33986422419548035,0.3413522243499756,0.6567665338516235,0.7105802893638611,1.276291527574358e-06,-0.09039337933063507,-0.05846916884183884,-0.08527414500713348,-0.11400250345468521,-0.11700893193483353
dataset/2_191_jpg.rf.e0a6234ad54d9b9d111cd00667bd5c53.jpg,2,0.7349679470062256,0.4869043529033661,0.40414369106292725,0.2150612473487854,0.5266825556755066,0.5348541736602783,0.752134382724762,0.810612678527832,0.11606490612030029,0.38293004035949707,0.7316188812255859,0.8028863072395325,1.4705051398777869e-06,-0.2503308653831482,-0.28733721375465393,-0.25566813349723816,-0.18041585385799408,-0.14891861379146576
dataset/0_74_jpg.rf.44b748a02460a55912c521661a44d924.jpg,0,0.6168606877326965,0.810896098613739,0.7286994457244873,0.737967848777771,0.7355958819389343,0.7475702166557312,0.7517850399017334,0.5211759209632874,0.5709359049797058,0.6235372424125671,0.6807604432106018,0.7311033606529236,-1.248743387805007e-06,-0.03577060624957085,-0.06301848590373993,-0.03699161484837532,-0.0011296181473881006,0.006652971729636192
dataset/2_75_jpg.rf.4ea9918b26dc5e1121400d182787a9f3.jpg,2,0.48002713918685913,0.3191812038421631,0.4367571473121643,0.2564769387245178,0.3631068468093872,0.3500882089138031,0.8438732624053955,0.5732194781303406,0.3046392500400543,0.31795597076416016,0.6444410085678101,0.7043752074241638,1.3687227919945144e-06,-0.08813759684562683,-0.02803201973438263,-0.03682425990700722,-0.09552930295467377,-0.11356540024280548
dataset/2_32_jpg.rf.ac736a1e4577ce34bcba15029e66541a.jpg,2,0.5337867140769958,0.36959606409072876,0.5113989114761353,0.32785385847091675,0.4318150281906128,0.40349480509757996,0.8288315534591675,0.5423669815063477,0.2610464096069336,0.2715355455875397,0.62312251329422,0.6778229475021362,1.5186988093773834e-06,-0.10923163592815399,-0.03003201074898243,-0.03369225189089775,-0.10618958622217178,-0.1243194043636322
dataset/3_90_jpg.rf.9e9756a72ed65e9169da538dddf6aade.jpg,3,0.4959089159965515,0.7099008560180664,0.6016006469726562,0.7742449045181274,0.8948575258255005,0.647135317325592,0.7267055511474609,0.4803273677825928,0.16838818788528442,0.17775234580039978,0.25280189514160156,0.5801340341567993,6.376929491125338e-07,-0.03263271600008011,-0.030750127509236336,-0.04502428323030472,-0.16649408638477325,-0.14127682149410248
dataset/4_178_jpg.rf.35f70b284132ef3af37332c04c91c4c9.jpg,4,0.4050971269607544,0.49921590089797974,0.4949011206626892,0.5593847036361694,0.6022711992263794,0.6521162390708923,0.7986727952957153,0.5971264839172363,0.16322654485702515,0.15259426832199097,0.22586609423160553,0.3599885106086731,8.52508435400523e-07,-0.14772461354732513,-0.1969667226076126,-0.18044638633728027,-0.17282778024673462,-0.16470760107040405
dataset/5_120_jpg.rf.add3a6e4b004f1bcece8c63d8478b2c0.jpg,5,0.5073733329772949,0.8525547981262207,0.4644443690776825,0.38800910115242004,0.33215445280075073,0.2809627056121826,0.7200074791908264,0.46630987524986267,0.27722591161727905,0.2560393214225769,0.2962815761566162,0.35513123869895935,7.415881100314436e-07,-0.07065906375646591,-0.01602594368159771,-0.02084958367049694,-0.03178590536117554,-0.02443106472492218
dataset/2_154_jpg.rf.ee411e987e5f4ccd01ad5f206848ac71.jpg,2,0.39646732807159424,0.45698341727256775,0.4019206464290619,0.5551586747169495,0.45576977729797363,0.4780995845794678,0.8637180328369141,0.5636425614356995,0.2648580074310303,0.2691935896873474,0.6696248054504395,0.7244528532028198,7.996138720045565e-07,-0.104499451816082,-0.09750274568796158,-0.13279034197330475,-0.11096455901861191,-0.11832248419523239
dataset/5_129_jpg.rf.5f0a88d88197d6e01bd43dbf4a734917.jpg,5,0.5668519735336304,0.48449626564979553,0.5776552557945251,0.6483704447746277,0.6965861320495605,0.7371158003807068,0.8392821550369263,0.3754498362541199,0.12482202053070068,0.09891152381896973,0.1705836057662964,0.2920842170715332,5.688849569196464e-07,-0.11127908527851105,-0.12825413048267365,-0.11942915618419647,-0.11489979177713394,-0.11101719737052917
dataset/0_89_jpg.rf.d9c7698d1767658eed3d4ad3e558fc07.jpg,0,0.7493075132369995,0.5105005502700806,0.6106715202331543,0.6138213276863098,0.611604630947113,0.5863786935806274,0.46479129791259766,0.29203885793685913,0.3092052638530731,0.35951244831085205,0.4098115563392639,0.45732080936431885,-8.672209901305905e-07,-0.039429403841495514,-0.10310521721839905,-0.06286069750785828,-0.01425232645124197,-0.005905322730541229
dataset/1_27_jpg.rf.4cd2011d171b4374a4aa739944b593cd.jpg,1,0.5286424160003662,0.38201668858528137,0.2172723114490509,0.4465184509754181,0.44323602318763733,0.4082047641277313,0.8513269424438477,0.5841590166091919,0.3474239110946655,0.6669719815254211,0.7320491671562195,0.7753629684448242,-1.0464434296864056e-07,-0.14509202539920807,-0.13080613315105438,-0.1376807540655136,-0.10166793316602707,-0.10295389592647552
dataset/4_86_jpg.rf.88479ff1d761148667c555fd1eadbdae.jpg,4,0.5186682343482971,0.43164098262786865,0.5401920080184937,0.42445388436317444,0.37399959564208984,0.2975718677043915,0.7672141194343567,0.5761784315109253,0.10952693223953247,0.09580311179161072,0.16128084063529968,0.29962021112442017,8.48776664952311e-07,-0.13494712114334106,-0.16400545835494995,-0.1551179736852646,-0.15109440684318542,-0.13367202877998352
dataset/3_25_jpg.rf.84b48b55eae946e63dfb6939a2ab0cf5.jpg,3,0.44676172733306885,0.5393638014793396,0.3510420620441437,0.47737032175064087,0.6408650279045105,0.5532259345054626,0.9463779926300049,0.6211318373680115,0.2834741473197937,0.25189751386642456,0.3220187723636627,0.7503924369812012,5.084992835691082e-07,0.006759487092494965,0.012589472346007824,-0.011168216355144978,-0.10955741256475449,-0.08152727782726288
dataset/2_25_jpg.rf.6b1746bfe0e4ca9982f5cd64306ab664.jpg,2,0.34340065717697144,0.29250797629356384,0.46114930510520935,0.3841879665851593,0.3257318139076233,0.2821741998195648,0.8515678644180298,0.5821052193641663,0.3437192440032959,0.32544055581092834,0.6427904367446899,0.7066548466682434,1.389962449138693e-06,-0.0788525864481926,-0.04319244623184204,-0.03990449756383896,-0.1107124611735344,-0.11551468074321747
dataset/1_118_jpg.rf.424aded25444b43da3fc93bdfbe3ac90.jpg,1,0.7668699622154236,0.6674503684043884,0.412659227848053,0.6599184274673462,0.7535123825073242,0.8347128629684448,0.8683620095252991,0.5712804198265076,0.23436963558197021,0.6075199842453003,0.7025191783905029,0.6964249610900879,2.845892765890312e-07,-0.3313669264316559,-0.30470895767211914,-0.2925527095794678,-0.21367397904396057,-0.20340976119041443
dataset/0_70_jpg.rf.cd29fc43da16168f6d0f5843ffaf331f.jpg,0,0.5177096724510193,0.6775147914886475,0.6401016116142273,0.5900266170501709,0.5434604287147522,0.5028409957885742,0.46818608045578003,0.7940755486488342,0.6841104030609131,0.6710148453712463,0.6396414041519165,0.6203521490097046,-1.0613823633320862e-06,-0.09826615452766418,-0.09992948919534683,-0.06728334724903107,-0.03434116393327713,-0.034607067704200745
dataset/3_20_jpg.rf.18c682d40f883d399bb6355a5de8aebb.jpg,3,0.8122228384017944,0.6762251257896423,0.8005651235580444,0.6608117818832397,0.546147346496582,0.7085039615631104,0.7821897268295288,0.530703604221344,0.27149248123168945,0.2595517039299011,0.3156120181083679,0.6372902393341064,9.862828846962657e-07,-0.03896624967455864,-0.03900104761123657,-0.04276307299733162,-0.14194586873054504,-0.10067937523126602
dataset/4_112_jpg.rf.66350d812b4d032109573ba6dc38301c.jpg,4,0.6578946113586426,0.42702150344848633,0.32276254892349243,0.21325325965881348,0.16929170489311218,0.18243008852005005,0.849868655204773,0.7076480388641357,0.40081024169921875,0.4964115023612976,0.6364485025405884,0.8024017810821533,7.45499448839837e-07,-0.09402447193861008,-0.06825714558362961,-0.05284411087632179,-0.07904937118291855,-0.0802750438451767
dataset/4_159_jpg.rf.9c1b9abb21c8e050a4f1291ff66febbe.jpg,4,0.46847081184387207,0.4392542839050293,0.30093294382095337,0.4560477137565613,0.658500075340271,0.8016687631607056,0.9276230335235596,0.6911969780921936,0.34644651412963867,0.2726811170578003,0.33757108449935913,0.4955119490623474,4.157720070452342e-07,-0.1369694471359253,-0.17082281410694122,-0.183853879570961,-0.2180478423833847,-0.2196013480424881
dataset/4_195_jpg.rf.22820894e5a932d6499d06ef58ba002f.jpg,4,0.5858065485954285,0.6610229015350342,0.5820816159248352,0.6430894732475281,0.6956160664558411,0.7537173628807068,0.9039250612258911,0.7012973427772522,0.2455311119556427,0.21570777893066406,0.2717812955379486,0.39805373549461365,7.693143970755045e-07,-0.14726485311985016,-0.18435348570346832,-0.1687437891960144,-0.1607099324464798,-0.15267468988895416
dataset/1_48_jpg.rf.739e30a51fbfdb5f6004fce0a8579a7e.jpg,1,0.5277774333953857,0.5322805047035217,0.5392035245895386,0.5416626930236816,0.5056376457214355,0.4498611390590668,0.8144389390945435,0.510656476020813,0.27002373337745667,0.6230788230895996,0.6703083515167236,0.6742929220199585,-2.6554157983582627e-08,-0.09528513252735138,-0.09582109749317169,-0.10401476174592972,-0.057505663484334946,-0.05411680415272713
dataset/5_56_jpg.rf.1444771fe9bf5e868d4a62d0482ecf12.jpg,5,0.6086443066596985,0.9359695315361023,0.5797045826911926,0.4435817003250122,0.322920560836792,0.24630489945411682,0.8068630695343018,0.4602415859699249,0.1539573073387146,0.13218173384666443,0.22970449924468994,0.381658673286438,8.62573813265044e-07,-0.14760935306549072,-0.1485469937324524,-0.15711617469787598,-0.1702585220336914,-0.1682550013065338
dataset/0_141_jpg.rf.f39ee9426293803ce90805cc3f4bd038.jpg,0,0.5521705746650696,0.6502861380577087,0.6297046542167664,0.5650561451911926,0.5047235488891602,0.44806814193725586,0.7196394205093384,0.3987172245979309,0.48067009449005127,0.5027217268943787,0.5303512811660767,0.5605963468551636,-1.0872397524508415e-06,-0.09446646273136139,-0.12932316958904266,-0.12150625884532928,-0.05769794434309006,-0.038944222033023834
dataset/5_93_jpg.rf.30f2fe6ab3c86670aa7e55cbf93e6a47.jpg,5,0.4008059501647949,0.7305440902709961,0.42890432476997375,0.31077998876571655,0.17809027433395386,0.0790553092956543,0.8047863245010376,0.47658467292785645,0.16197091341018677,0.12980076670646667,0.2085527628660202,0.3355357050895691,9.303935257776175e-07,-0.1296616941690445,-0.14349161088466644,-0.1498442441225052,-0.163267582654953,-0.1614590734243393
dataset/3_13_jpg.rf.994c3be2367c524b9c2bcebae6a70f22.jpg,3,0.475119948387146,0.3599819839000702,0.46427038311958313,0.3468811511993408,0.19966638088226318,0.38494473695755005,0.8273589015007019,0.5644730925559998,0.24393019080162048,0.23866212368011475,0.33164864778518677,0.6893815398216248,1.0472045914866612e-06,0.002004531677812338,-0.01869817078113556,-0.03091544285416603,-0.14065898954868317,-0.09982268512248993
dataset/0_30_jpg.rf.2da2f3fc960c1e738eb8cb8a0924c121.jpg,0,0.5916679501533508,0.9402139186859131,0.8006821274757385,0.7147029638290405,0.6372922658920288,0.567863941192627,0.6102818250656128,0.33281686902046204,0.43514642119407654,0.43709421157836914,0.42821428179740906,0.3924452066421509,-1.254517087545537e-06,-0.10621775686740875,-0.15489034354686737,-0.15130242705345154,-0.08139612525701523,-0.061034321784973145
dataset/1_181_jpg.rf.64c9ef4c820cbf83bc5059499eb866ee.jpg,1,0.10022464394569397,0.4026126265525818,0.7120612859725952,0.31541478633880615,0.26265114545822144,0.2316114604473114,0.6582091450691223,0.5679929852485657,0.39669471979141235,0.5717909932136536,0.5488845705986023,0.4890008568763733,1.0668083660902994e-07,-0.16733944416046143,-0.1447468101978302,-0.16116182506084442,-0.1055016815662384,-0.09602013230323792
dataset/0_110_jpg.rf.37faa5c3c8979b552fd4422bf9860d41.jpg,0,0.2578220069408417,0.5297326445579529,0.4309120178222656,0.4401121437549591,0.4403548240661621,0.4698050320148468,0.59674072265625,0.22983743250370026,0.3589287996292114,0.45452943444252014,0.5548262596130371,0.6336004137992859,-1.6405408587161219e-06,-0.13781966269016266,-0.15878190100193024,-0.11427032947540283,-0.05682479590177536,-0.048857513815164566
dataset/1_83_jpg.rf.5874b1270eeccca374b56534f15c6563.jpg,1,0.4856301546096802,0.3562554121017456,0.4570193588733673,0.433028906583786,0.4130012094974518,0.38027435541152954,0.8380444645881653,0.5877822637557983,0.23379158973693848,0.6232782602310181,0.6835773587226868,0.7178854942321777,1.654835983799785e-07,-0.12726908922195435,-0.1471632570028305,-0.12465129047632217,-0.0929974615573883,-0.07621275633573532
dataset/3_127_jpg.rf.c97594a86d52ad5644ea76a4c1d7987b.jpg,3,0.3958638310432434,0.5359683036804199,0.6927386522293091,0.7636871933937073,0.7670743465423584,0.5248315334320068,0.8786394000053406,0.8124049305915833,0.33901670575141907,0.3379778265953064,0.4740462303161621,0.8084968328475952,9.88418605629704e-07,-0.24105072021484375,-0.27491793036460876,-0.24814064800739288,-0.2530713677406311,-0.20222797989845276
dataset/0_180_jpg.rf.d1e2b9a642772747f2d270a4380176cc.jpg,0,0.3569371700286865,0.544665515422821,0.4545849561691284,0.4994884729385376,0.5387630462646484,0.5926216244697571,0.8465707898139954,0.4496544599533081,0.4494161605834961,0.5093865394592285,0.6091110706329346,0.6955315470695496,-1.2681184671237133e-06,-0.18438895046710968,-0.1834155023097992,-0.11261964589357376,-0.07501441240310669,-0.07426212728023529
dataset/0_52_jpg.rf.dad18254700c0a306065fe498bfbb28d.jpg,0,0.22886218130588531,0.4648822546005249,0.3827980160713196,0.3901669383049011,0.38940373063087463,0.40634602308273315,0.49000680446624756,0.30626484751701355,0.32432764768600464,0.3764645457267761,0.42964524030685425,0.47838228940963745,-1.1852235957121593e-06,-0.05927862226963043,-0.07895112782716751,-0.03778655081987381,-0.009556532837450504,-0.0054633161053061485
dataset/0_66_jpg.rf.ca1f86a2394b382776691efbfc916970.jpg,0,0.4613990783691406,0.794962465763092,0.679680347442627,0.6643136143684387,0.6401070952415466,0.618880033493042,0.5136415958404541,0.6760855913162231,0.6373310089111328,0.593569278717041,0.5411127209663391,0.49363747239112854,-8.375094466828159e-07,-0.12084988504648209,-0.13425587117671967,-0.10495850443840027,-0.058130308985710144,-0.051055047661066055
dataset/3_23_jpg.rf.2e6e43f9d3fb97826d93907de9bd2125.jpg,3,0.6539711952209473,0.4829883277416229,0.5987244248390198,0.4468698501586914,0.31781673431396484,0.5267981886863708,0.7516492605209351,0.5011143684387207,0.20680935680866241,0.2096097767353058,0.27894163131713867,0.6186612844467163,1.2266714293218683e-06,-0.04801439493894577,-0.06622840464115143,-0.06672336906194687,-0.18435361981391907,-0.14487490057945251
dataset/1_164_jpg.rf.aea9479cb3de6d8f119f2a2abeaef2a0.jpg,1,0.3998485505580902,0.42237532138824463,0.45867079496383667,0.41457605361938477,0.45340195298194885,0.5071381330490112,0.8770954608917236,0.6071216464042664,0.3319077491760254,0.6932848691940308,0.7476463317871094,0.7705044150352478,-5.56946474716824e-07,-0.17337386310100555,-0.1790798455476761,-0.17215485870838165,-0.12592139840126038,-0.12630988657474518
dataset/1_184_jpg.rf.7f1944b7db6f5106dde5b235cc8bc25e.jpg,1,0.4701380133628845,0.3299584686756134,0.1898120939731598,0.3927117586135864,0.3469964861869812,0.30768245458602905,0.9208143949508667,0.7609296441078186,0.4386930763721466,0.7996580004692078,0.8496076464653015,0.9007538557052612,-1.3249993457975506e-07,-0.3061414659023285,-0.31674376130104065,-0.2543068826198578,-0.17258495092391968,-0.15340381860733032
dataset/5_88_jpg.rf.596f95f015686cd501b6d41b526f8c4c.jpg,5,0.692854642868042,1.0030572414398193,0.6839200854301453,0.5462497472763062,0.4249753952026367,0.32175353169441223,0.9016392230987549,0.605363667011261,0.3962439000606537,0.38156625628471375,0.44231387972831726,0.5423479080200195,8.242332683039422e-07,-0.0727539137005806,-0.03506464883685112,-0.030344868078827858,-0.061975594609975815,-0.0792732685804367
dataset/3_109_jpg.rf.0e9664e659cc9ee86373f619d0583204.jpg,3,0.5547100901603699,0.6741533875465393,0.41692543029785156,0.6162808537483215,0.6828866600990295,0.6534897089004517,0.8929340839385986,0.6083295345306396,0.13794836401939392,0.10499301552772522,0.18938744068145752,0.6614825129508972,8.407311611335899e-07,-0.1688116192817688,-0.21429866552352905,-0.18719609081745148,-0.21740105748176575,-0.1685522049665451
dataset/5_40_jpg.rf.03c09cfea8453027cef64663e717175d.jpg,5,0.45671290159225464,0.2387855052947998,0.47176846861839294,0.5569886565208435,0.6509578824043274,0.7129917144775391,0.7271754145622253,0.44547781348228455,0.28212374448776245,0.27211374044418335,0.32808658480644226,0.41907238960266113,3.8335716112669616e-07,-0.061212267726659775,-0.04861772432923317,-0.050190314650535583,-0.06974954158067703,-0.07252802699804306
dataset/3_19_jpg.rf.6aa03a88744c4ef3601cce6189328c9e.jpg,3,0.41106244921684265,0.32079076766967773,0.42135724425315857,0.3705923855304718,0.31772947311401367,0.33456990122795105,0.9364036321640015,0.7143145799636841,0.2818533182144165,0.25527021288871765,0.3228566348552704,0.7525616884231567,1.0319396324121044e-06,-0.18832968175411224,-0.23033367097377777,-0.20002412796020508,-0.1986592710018158,-0.15497346222400665
dataset/2_13_jpg.rf.1ee152e2ceef8579f351600410be08d4.jpg,2,0.5161464214324951,0.3228641748428345,0.3421058654785156,0.26484596729278564,0.3880414664745331,0.40172329545021057,0.8350420594215393,0.5989777445793152,0.3372792601585388,0.3399696350097656,0.6481002569198608,0.7138197422027588,1.197721417156572e-06,-0.07191159576177597,0.0019058012403547764,0.006747138220816851,-0.10128401964902878,-0.12711971998214722
dataset/2_73_jpg.rf.07d978a44003ea1dd917557bd75f4f60.jpg,2,0.40271902084350586,0.2855192720890045,0.45233696699142456,0.26009538769721985,0.33981233835220337,0.31899338960647583,0.8758425116539001,0.7068571448326111,0.25296205282211304,0.2967680096626282,0.6943113207817078,0.7563621997833252,1.1961182053710218e-06,-0.17751707136631012,-0.2080596387386322,-0.18591643869876862,-0.11085683852434158,-0.09616468846797943
dataset/5_134_jpg.rf.8aaf39cc29ea20a23f17c4bfcfc1ce40.jpg,5,0.6587970852851868,0.6920956373214722,0.4023400843143463,0.23951072990894318,0.22316351532936096,0.22100631892681122,0.7894566059112549,0.3441448211669922,0.1595568060874939,0.29581207036972046,0.4070125222206116,0.6384965181350708,9.802805607250775e-07,-0.19781054556369781,-0.20815537869930267,-0.18620474636554718,-0.17124097049236298,-0.15713948011398315
dataset/4_190_jpg.rf.7e3f5a412e51788f8a32bccb8af37e00.jpg,4,0.3398563265800476,0.4872623682022095,0.743928074836731,0.8098781704902649,0.8058276176452637,0.7582427263259888,0.6878130435943604,0.5887327194213867,0.2525344491004944,0.2839983105659485,0.3758329153060913,0.4956992566585541,8.690137178746227e-07,-0.18558189272880554,-0.215713769197464,-0.19593961536884308,-0.17617009580135345,-0.1614491194486618
dataset/4_29_jpg.rf.f74678212c154d933704ca95eef74aad.jpg,4,0.5155138969421387,0.5141717791557312,0.5163145661354065,0.5931514501571655,0.653139591217041,0.7102093696594238,0.797518253326416,0.5591174960136414,0.2957581877708435,0.26605457067489624,0.3027390241622925,0.3631334900856018,9.251930350728799e-07,-0.0706600472331047,-0.0701201930642128,-0.06153279170393944,-0.07708580791950226,-0.08314693719148636
dataset/0_118_jpg.rf.7ce054bb7d792fbf9d3d44df40fbb934.jpg,0,0.5264538526535034,0.6607294082641602,0.6102607250213623,0.644607663154602,0.6568673849105835,0.6785281300544739,0.7412710189819336,0.4228167235851288,0.47401776909828186,0.5396764278411865,0.598967969417572,0.6590487360954285,-1.33216872200137e-06,-0.10134290158748627,-0.12223237007856369,-0.09230096638202667,-0.05779683589935303,-0.04590677469968796
dataset/4_55_jpg.rf.ee11bd41e8bebbd6772c5102f8c92f3e.jpg,4,0.667392909526825,0.6000908613204956,0.6689773201942444,0.5017566084861755,0.361239492893219,0.2683259844779968,0.8767093420028687,0.5550805330276489,0.15489590167999268,0.14280977845191956,0.23691147565841675,0.3778238296508789,1.0047912155641825e-06,-0.09894163906574249,-0.09108467400074005,-0.07946451753377914,-0.10971760004758835,-0.1096060499548912
dataset/4_119_jpg.rf.d35eba297bc3b1ebb47ef9619addae65.jpg,4,0.40299397706985474,0.5071134567260742,0.5232445001602173,0.5981149077415466,0.6470139026641846,0.7112559080123901,0.783571720123291,0.6182894706726074,0.1001969575881958,0.0870816707611084,0.1726231724023819,0.33362096548080444,8.843719001561112e-07,-0.18568290770053864,-0.23155103623867035,-0.21537621319293976,-0.20954816043376923,-0.19503013789653778
dataset/4_99_jpg.rf.d06469a3024c9417056c4787a494ee6f.jpg,4,0.6143465638160706,0.48688656091690063,0.24265247583389282,0.17655843496322632,0.18049629032611847,0.22407211363315582,0.750546932220459,0.6599614024162292,0.32992440462112427,0.3693431615829468,0.4592684507369995,0.5710355043411255,9.66735569818411e-07,-0.1931830197572708,-0.2170577049255371,-0.19469165802001953,-0.1683153510093689,-0.13758127391338348
dataset/1_10_jpg.rf.8617764b01c4a7947819f98bba751cad.jpg,1,0.556808352470398,0.33463841676712036,0.19591505825519562,0.4067283272743225,0.40713876485824585,0.3895859122276306,0.7342482209205627,0.7235848903656006,0.161044180393219,0.654619038105011,0.722736656665802,0.7714255452156067,5.591813874161744e-07,-0.23866847157478333,-0.2614506781101227,-0.20576338469982147,-0.13181598484516144,-0.09678900986909866
dataset/5_180_jpg.rf.c656915262d621a0ed84f3bfef19261e.jpg,5,0.48984524607658386,0.7739720344543457,0.4703959822654724,0.35288476943969727,0.24747876822948456,0.16824054718017578,0.7199175357818604,0.37304890155792236,0.16566304862499237,0.14922021329402924,0.227254718542099,0.34178075194358826,7.256823550960689e-07,-0.08353647589683533,-0.05848783254623413,-0.0594567209482193,-0.08121230453252792,-0.08890683203935623
dataset/2_86_jpg.rf.de1c7e4ca30150fd361694433bf88f92.jpg,2,0.45819616317749023,0.5899189114570618,0.5776742100715637,0.7327060699462891,0.5366071462631226,0.5489883422851562,0.7905884981155396,0.5261697769165039,0.24104458093643188,0.28165683150291443,0.6454115509986877,0.6906481385231018,9.252445920537866e-07,-0.09988725185394287,-0.12050405889749527,-0.14414696395397186,-0.11507827043533325,-0.1174086406826973
dataset/4_84_jpg.rf.4332768fd06e2c13b6359cd752c56f7c.jpg,4,0.3498165011405945,0.5657577514648438,0.6666457653045654,0.7738815546035767,0.8366967439651489,0.8193033933639526,0.8627040386199951,0.6986435055732727,0.3937685489654541,0.480754017829895,0.6305109262466431,0.7953634858131409,5.91060199894855e-07,-0.03892412781715393,-0.03092202916741371,-0.03117477335035801,-0.0825527012348175,-0.09036557376384735
dataset/0_86_jpg.rf.4eb98f9862a6185d211c65ce1dfe5e95.jpg,0,0.6814204454421997,0.27256494760513306,0.443793386220932,0.5362576842308044,0.6038265228271484,0.6474422216415405,0.6432192325592041,0.4396819472312927,0.5006365776062012,0.4923267364501953,0.4708591401576996,0.40239381790161133,-1.725594415802334e-06,-0.24384093284606934,-0.21912525594234467,-0.18407386541366577,-0.10886204987764359,-0.08182419091463089
dataset/2_48_jpg.rf.12be704045b7f7e7a84cd5ff63d7db5a.jpg,2,0.4286791980266571,0.5922335982322693,0.6387467980384827,0.779585599899292,0.5911765694618225,0.5736823678016663,0.7802690267562866,0.7858457565307617,0.33718734979629517,0.5084465146064758,0.7369755506515503,0.7840688824653625,1.0161567161048879e-06,-0.1990872621536255,-0.23768435418605804,-0.2097405642271042,-0.16229811310768127,-0.1524704396724701
dataset/2_152_jpg.rf.bb8df845b0ca1d7c2af5d7fe5bcdcb4e.jpg,2,0.618475615978241,0.5003822445869446,0.6450275182723999,0.4598937928676605,0.5437507033348083,0.514883816242218,0.7194260358810425,0.43507495522499084,0.19194895029067993,0.18918097019195557,0.5327838659286499,0.5689714550971985,1.2532577784440946e-06,-0.08110538125038147,-0.0708250179886818,-0.08755194395780563,-0.10514551401138306,-0.10144716501235962
dataset/4_66_jpg.rf.c6df2ed412b632264dc4537e6ea80516.jpg,4,0.4900999367237091,0.49007275700569153,0.5052782297134399,0.42493483424186707,0.36194366216659546,0.29788801074028015,0.7946844100952148,0.5718720555305481,0.3038827180862427,0.2750900685787201,0.31079530715942383,0.36850157380104065,7.842825198167702e-07,-0.047486744821071625,-0.046883564442396164,-0.04170278087258339,-0.05885843560099602,-0.04677540436387062
dataset/3_189_jpg.rf.8e1256af2e7757582918f8c715518f59.jpg,3,0.44127190113067627,0.5539210438728333,0.45292389392852783,0.5802494883537292,0.7015240788459778,0.5654346942901611,0.9115824699401855,0.6098636984825134,0.29615628719329834,0.2921808362007141,0.3737415671348572,0.7477208375930786,5.445986062113661e-07,-0.008328055031597614,0.00014188954082783312,-0.02245856449007988,-0.11208270490169525,-0.09283457696437836
dataset/2_187_jpg.rf.4556423fc524e79ef25105bb485e53ac.jpg,2,0.6482557058334351,0.5465682744979858,0.6929170489311218,0.5198009610176086,0.5815959572792053,0.555309534072876,0.8246184587478638,0.5401716828346252,0.3010939359664917,0.2928156852722168,0.6274772882461548,0.6721422672271729,1.3435206938083866e-06,-0.08784648030996323,-0.05691348761320114,-0.0748085156083107,-0.11160735785961151,-0.11860421299934387
dataset/3_160_jpg.rf.87a1d4cde8aa9cf64a9293015f0de55f.jpg,3,0.7356563806533813,0.5953095555305481,0.7040590047836304,0.5711564421653748,0.44932591915130615,0.6280589699745178,0.8466693162918091,0.6122197508811951,0.35366320610046387,0.3477281630039215,0.40560609102249146,0.7201640605926514,1.0865695685424726e-06,-0.022453991696238518,-0.0380188524723053,-0.042043473571538925,-0.14974598586559296,-0.10958466678857803
dataset/5_51_jpg.rf.8c5327de4f8867711606f9a10267f667.jpg,5,0.40500515699386597,0.9013341665267944,0.47831299901008606,0.3921828269958496,0.3000360131263733,0.21748685836791992,0.8226963877677917,0.4836769700050354,0.21727845072746277,0.17497599124908447,0.20908772945404053,0.2760428190231323,7.458103823410056e-07,-0.06994220614433289,-0.03198634460568428,-0.0386979840695858,-0.06180575489997864,-0.06267058849334717
dataset/0_54_jpg.rf.6d750276958afe1698be41ce44ece1c4.jpg,0,0.3861321806907654,0.7699193954467773,0.6365724205970764,0.5463398694992065,0.4510589838027954,0.36583080887794495,0.7361166477203369,0.45670491456985474,0.5651398301124573,0.5611977577209473,0.5526425242424011,0.5283499956130981,-1.3247171182229067e-06,-0.14070934057235718,-0.18508780002593994,-0.1710207313299179,-0.10050467401742935,-0.07546748220920563
dataset/1_6_jpg.rf.3f1cbf7ba23581d8a6b9f4b7f44094d5.jpg,1,0.18248622119426727,0.30549535155296326,0.610175609588623,0.29526659846305847,0.21390844881534576,0.12968479096889496,0.8910588026046753,0.6023368835449219,0.25543951988220215,0.6390820145606995,0.7312230467796326,0.712010383605957,8.291885364997142e-07,-0.3513440787792206,-0.2994052469730377,-0.29818519949913025,-0.21096429228782654,-0.1852594017982483
dataset/2_144_jpg.rf.4108da78ddc7f54a843471c67d70b5f9.jpg,2,0.5172885656356812,0.4852076768875122,0.5847817659378052,0.38027411699295044,0.4788644015789032,0.44269120693206787,0.9844244122505188,0.6603717803955078,0.25755155086517334,0.23259201645851135,0.7799038290977478,0.8424655795097351,1.3790828461424098e-06,-0.15062208473682404,-0.16121302545070648,-0.19132477045059204,-0.18111293017864227,-0.17512038350105286
dataset/0_21_jpg.rf.47f1aeea2ab43f218966dab95cbe81f7.jpg,0,0.619850218296051,0.686116099357605,0.6413697004318237,0.6686038374900818,0.6900327205657959,0.7202965617179871,0.6807998418807983,0.4533996880054474,0.5236973762512207,0.5593012571334839,0.6008296608924866,0.6314533948898315,-9.931445674737915e-07,-0.030220307409763336,-0.05387970805168152,-0.029753509908914566,0.0007569017470814288,0.002461919793859124
dataset/5_179_jpg.rf.899e3a3161521a8aa342d400404d2c70.jpg,5,0.4809882938861847,0.1643092930316925,0.4905789792537689,0.6171661019325256,0.7517776489257812,0.8403146266937256,0.7632284164428711,0.39031079411506653,0.1343517005443573,0.11165335774421692,0.1890639215707779,0.3218073844909668,6.055987569197896e-07,-0.08966400474309921,-0.0692112073302269,-0.07547683268785477,-0.10546175390481949,-0.11259812116622925
dataset/0_158_jpg.rf.0504c6d3184d67d70b446caa2af82de9.jpg,0,0.4595497250556946,0.41297656297683716,0.4007948040962219,0.47012120485305786,0.5440287590026855,0.6092446446418762,0.779515266418457,0.36596769094467163,0.4738112986087799,0.49926865100860596,0.5439247488975525,0.5863112211227417,-1.694764023341122e-06,-0.13588382303714752,-0.13891856372356415,-0.10569758713245392,-0.04354403167963028,-0.032995935529470444
dataset/5_144_jpg.rf.6120689e2537020c02724fe19a8a03e8.jpg,5,0.5281322598457336,0.9133374094963074,0.6437427401542664,0.5250712037086487,0.3853430449962616,0.281337171792984,0.7865288853645325,0.5013773441314697,0.17027896642684937,0.1094103455543518,0.15812340378761292,0.25801658630371094,9.652097787693492e-07,-0.10099523514509201,-0.06994820386171341,-0.07550957053899765,-0.10550615191459656,-0.10818187892436981
dataset/1_172_jpg.rf.de94b3e70112eb312dfc1a0f0f710fb2.jpg,1,0.5124139189720154,0.6106226444244385,0.4819261133670807,0.5453917980194092,0.5741182565689087,0.6040757894515991,0.9186288118362427,0.6953938007354736,0.3269191384315491,0.7173760533332825,0.7279388904571533,0.7552911639213562,-6.20539850615387e-08,-0.10632378607988358,-0.17379947006702423,-0.08612211793661118,-0.039935458451509476,-0.05143624544143677
dataset/0_19_jpg.rf.0ddfe0e2636f1557f0b1fa69460e9c78.jpg,0,0.5333906412124634,0.48614799976348877,0.5344961881637573,0.5017611980438232,0.4661022424697876,0.4272981286048889,0.5457656383514404,0.2761889696121216,0.34547609090805054,0.3871666491031647,0.42485928535461426,0.4388548731803894,-6.358975497278152e-07,-0.053544845432043076,-0.07058129459619522,-0.04913248494267464,-0.004881445784121752,0.03441418707370758
dataset/0_51_jpg.rf.ab1501093a64c09509864bd2b1c5e210.jpg,0,0.4676857590675354,0.5958563089370728,0.5539047122001648,0.581566333770752,0.610034167766571,0.6475992798805237,0.7609915733337402,0.14433367550373077,0.3861215114593506,0.44404491782188416,0.5348420739173889,0.6234859824180603,-1.3121563142703963e-06,-0.09554106742143631,-0.08203649520874023,-0.038230422884225845,-0.017396977171301842,-0.020821720361709595
dataset/4_185_jpg.rf.9d09b17a9aeba867ac0b911ed5033ac8.jpg,4,0.5366337299346924,0.6176519989967346,0.49134567379951477,0.6442906856536865,0.7021485567092896,0.7741085886955261,0.8678958415985107,0.7395445108413696,0.25319209694862366,0.24589917063713074,0.3172430694103241,0.47578492760658264,9.267403129342711e-07,-0.18857228755950928,-0.2304772436618805,-0.2051716297864914,-0.19414621591567993,-0.17912450432777405
dataset/3_112_jpg.rf.905b504033939477a453e96cdf24bf83.jpg,3,0.6476976275444031,0.47615429759025574,0.5960538983345032,0.44476184248924255,0.3178097605705261,0.5224575400352478,0.747112512588501,0.5000467300415039,0.2030816376209259,0.2074396163225174,0.27394261956214905,0.6134054660797119,1.2604270978044951e-06,-0.047530513256788254,-0.05815546587109566,-0.05243721976876259,-0.178327277302742,-0.1426466852426529
dataset/2_123_jpg.rf.347806d8a792b91407d051af6af5dbef.jpg,2,0.3560943901538849,0.464548796415329,0.3174336850643158,0.49694207310676575,0.42519330978393555,0.44930657744407654,0.8332756757736206,0.562714159488678,0.3148518204689026,0.30530083179473877,0.6462665796279907,0.6921460628509521,1.127785708376905e-06,-0.07938749343156815,-0.0440596342086792,-0.08974999189376831,-0.11694786697626114,-0.12985873222351074
dataset/1_207_jpg.rf.93b36120b5a24d26ffe2fcdbd7ee554f.jpg,1,0.26156407594680786,0.32726505398750305,0.392037034034729,0.3087467551231384,0.3127540051937103,0.3206065595149994,0.8335720896720886,0.7414007782936096,0.27911895513534546,0.7180978655815125,0.7676057815551758,0.8214638829231262,-3.786072610978408e-08,-0.19751840829849243,-0.22788476943969727,-0.1687408834695816,-0.11812323331832886,-0.12410751730203629
dataset/0_132_jpg.rf.846a5c9f4ae3e4b16fcbb8d37a242249.jpg,0,0.412528932094574,0.27953168749809265,0.2854175269603729,0.3299700915813446,0.38179171085357666,0.43474841117858887,0.2159534990787506,0.5369337797164917,0.4208371639251709,0.4107048809528351,0.3921031355857849,0.39057663083076477,-7.183303978308686e-07,-0.041485466063022614,-0.08063561469316483,-0.0464545339345932,-0.006257348693907261,0.004823664668947458
dataset/0_26_jpg.rf.0a65cf9ff36ebe0a194780db57084757.jpg,0,0.4988102316856384,0.3775615990161896,0.4299316108226776,0.3897111415863037,0.3534597158432007,0.32801273465156555,0.7624203562736511,0.4672146439552307,0.5093704462051392,0.5604693293571472,0.6233546733856201,0.686328649520874,-9.91412434814265e-07,-0.1488754153251648,-0.16129867732524872,-0.1009330004453659,-0.04472924768924713,-0.024839211255311966
dataset/3_111_jpg.rf.4b9ea695748f369dcbcefb32db1d7a7e.jpg,3,0.5397049784660339,0.4613533318042755,0.550737202167511,0.48653605580329895,0.41202959418296814,0.4528637230396271,0.8329261541366577,0.5719237327575684,0.3203800320625305,0.29710569977760315,0.32229554653167725,0.6790587902069092,8.056051683524856e-07,-0.014682740904390812,-0.04505890980362892,-0.034095700830221176,-0.14037488400936127,-0.07494126260280609
dataset/4_126_jpg.rf.9b72efc78558a8d834f7524a22093bd4.jpg,4,0.5791943073272705,0.5081464052200317,0.5055238008499146,0.4399615526199341,0.4049862027168274,0.3801414370536804,0.7932735085487366,0.5449752807617188,0.13622459769248962,0.11788347363471985,0.1825932413339615,0.2936524748802185,5.689417434950883e-07,-0.07337350398302078,-0.1005558893084526,-0.10083146393299103,-0.10318100452423096,-0.08894476294517517
dataset/1_107_jpg.rf.020410ac486716aadc034a52a55c702e.jpg,1,0.5088435411453247,0.6080814599990845,0.7025548815727234,0.5812144875526428,0.5984354019165039,0.605856716632843,0.8873413801193237,0.7947840690612793,0.36790940165519714,0.7597563862800598,0.7931078672409058,0.8364357352256775,5.412372772184426e-08,-0.14392399787902832,-0.16907823085784912,-0.11482731997966766,-0.06486687809228897,-0.06680619716644287
dataset/3_12_jpg.rf.39f220585abf0d562a1a0d7aed9e4a9e.jpg,3,0.41138124465942383,0.507301926612854,0.3972659111022949,0.5119681358337402,0.6452516913414001,0.5148153901100159,0.8289682865142822,0.5507378578186035,0.2636319696903229,0.25599995255470276,0.3424513638019562,0.6726763248443604,6.250812703001429e-07,0.027204317972064018,0.03556984290480614,0.0035436858888715506,-0.08697906136512756,-0.0676485151052475
dataset/5_175_jpg.rf.47ae6f8720ac93d4aca200a9df30f495.jpg,5,0.6410737037658691,0.6179295182228088,0.43894392251968384,0.3503149747848511,0.3117813467979431,0.3053598999977112,0.9602305889129639,0.4260912537574768,0.2102031707763672,0.21822109818458557,0.30224066972732544,0.44769272208213806,7.249084887916979e-07,-0.13739332556724548,-0.17071497440338135,-0.16573093831539154,-0.15921784937381744,-0.1497717797756195
dataset/1_64_jpg.rf.188f55939db56ba48564c2488936b2c8.jpg,1,0.818030595779419,0.6876208186149597,0.38459867238998413,0.6898893117904663,0.7918134927749634,0.874795138835907,0.8911221027374268,0.6071496605873108,0.2553352117538452,0.6090452671051025,0.7215418815612793,0.7051905989646912,4.8635833138632734e-08,-0.2992944121360779,-0.31530505418777466,-0.2999662458896637,-0.2157250940799713,-0.20664280652999878
dataset/4_45_jpg.rf.6f2c9bbfad0e0a63f833115dfd059a88.jpg,4,0.6656708717346191,0.43801042437553406,0.3348016142845154,0.2284785658121109,0.18075354397296906,0.1927288919687271,0.8497104048728943,0.7027677297592163,0.3973765969276428,0.4905366599559784,0.6302847266197205,0.797487735748291,7.543536639786907e-07,-0.09428191930055618,-0.06304185837507248,-0.04448411613702774,-0.07264122366905212,-0.0769682452082634
dataset/2_109_jpg.rf.e466665fde079fb459689b1bd81ee8bd.jpg,2,0.15553846955299377,0.375801146030426,0.5458580255508423,0.7265343070030212,0.38181132078170776,0.34473666548728943,0.6759811043739319,0.771939218044281,0.12630179524421692,0.4419945776462555,0.7260461449623108,0.7722831964492798,1.1457922255431185e-06,-0.2717689275741577,-0.28627315163612366,-0.2490500807762146,-0.21496407687664032,-0.20805025100708008
dataset/4_41_jpg.rf.c6c120bbe4d2036521f804e070df6f3c.jpg,4,0.5228015780448914,0.4936657249927521,0.5521734952926636,0.40335148572921753,0.2453857660293579,0.13686692714691162,0.8873336315155029,0.626926064491272,0.2501325309276581,0.2215234935283661,0.31126731634140015,0.45885446667671204,1.0532525038797758e-06,-0.1555631011724472,-0.16234217584133148,-0.14745792746543884,-0.1679355800151825,-0.1613248884677887
dataset/5_162_jpg.rf.8e78998e2a46f76d40cc5570c59654bd.jpg,5,0.4842351973056793,0.14780226349830627,0.456432044506073,0.6003670692443848,0.7235002517700195,0.8178753852844238,0.8252389430999756,0.5094881653785706,0.17542442679405212,0.15017059445381165,0.22514602541923523,0.3585397005081177,7.929430694275652e-07,-0.1135258600115776,-0.10449688136577606,-0.11618403345346451,-0.14805027842521667,-0.15163683891296387
dataset/2_29_jpg.rf.0b0bc834a93b287f9f326cb2c42e073a.jpg,2,0.5353065729141235,0.3791132867336273,0.5086888670921326,0.3279368579387665,0.4300210475921631,0.41620516777038574,0.8349710702896118,0.5521250367164612,0.28522932529449463,0.29618167877197266,0.6290528774261475,0.6889664530754089,1.4697027381771477e-06,-0.10280817002058029,-0.03701508790254593,-0.04466640204191208,-0.1097448319196701,-0.12656550109386444
dataset/5_54_jpg.rf.f38c3f823b9157b739ba4d6049d97de9.jpg,5,0.6513903737068176,0.43829500675201416,0.20631064474582672,0.1394921839237213,0.1426430344581604,0.18385913968086243,0.7947485446929932,0.426510214805603,0.34699589014053345,0.41620683670043945,0.514434278011322,0.6760473251342773,7.398451771223336e-07,-0.1305978149175644,-0.14759881794452667,-0.1353236436843872,-0.12597565352916718,-0.1172613799571991
dataset/5_25_jpg.rf.ef5c3f529a315599c9edf5332a8fe61a.jpg,5,0.6347243785858154,0.6643394827842712,0.2548021674156189,0.13793575763702393,0.10804226994514465,0.1138572096824646,0.8131226301193237,0.29725801944732666,0.2996051013469696,0.3841264843940735,0.5177342295646667,0.664685070514679,7.503970778088842e-07,-0.08077950775623322,-0.02728448435664177,-0.02281375601887703,-0.04869137331843376,-0.05544025078415871
dataset/4_11_jpg.rf.293c2edcfbfdab7beddf0f0285d2aecc.jpg,4,0.48096466064453125,0.5397744178771973,0.43302690982818604,0.5011283159255981,0.561831533908844,0.6652781963348389,0.8001481294631958,0.6752159595489502,0.24010662734508514,0.21478432416915894,0.24882352352142334,0.3487079441547394,8.514051614838536e-07,-0.21686263382434845,-0.25936007499694824,-0.23752571642398834,-0.21758627891540527,-0.20023979246616364
dataset/3_78_jpg.rf.ed144b2e990eda7aa802af646585c884.jpg,3,0.4803740382194519,0.5895889401435852,0.49379754066467285,0.6095230579376221,0.7427552342414856,0.5869380235671997,0.8361755609512329,0.5667076110839844,0.26689743995666504,0.26857975125312805,0.36420488357543945,0.6856749057769775,6.544458415191912e-07,0.004316150676459074,0.00410805968567729,-0.021838972344994545,-0.10530199110507965,-0.08628600835800171
dataset/2_46_jpg.rf.912c045b5193ede58a83139f3454edc8.jpg,2,0.5298847556114197,0.5152127742767334,0.5872052311897278,0.4886486232280731,0.5160566568374634,0.4857443571090698,0.8129658699035645,0.5757122039794922,0.4304744601249695,0.40943819284439087,0.6641276478767395,0.6942048072814941,7.288100505320472e-07,-0.021643996238708496,-0.0004152732726652175,-0.022117553278803825,-0.046838197857141495,-0.049660295248031616
dataset/5_99_jpg.rf.cdbbac5f7ad686aff34c74a8f215f0a0.jpg,5,0.2495313435792923,0.19333715736865997,0.46172720193862915,0.659332811832428,0.6809356212615967,0.6916329264640808,0.8503240346908569,0.454731285572052,0.17196956276893616,0.28863129019737244,0.38550445437431335,0.5875164866447449,1.2397913451422937e-06,-0.34099873900413513,-0.36891642212867737,-0.31932157278060913,-0.2786313593387604,-0.23962292075157166
dataset/3_104_jpg.rf.bb87e7a75cdf4581187a105564c35ff6.jpg,3,0.23792947828769684,0.3707723319530487,0.2567117214202881,0.3962615132331848,0.516569972038269,0.3495109975337982,0.8213925957679749,0.5928160548210144,0.3232211470603943,0.31985020637512207,0.37837404012680054,0.6821480393409729,4.428938495948387e-07,-0.00956222414970398,-0.006882491055876017,-0.03585707023739815,-0.14305199682712555,-0.12649470567703247
dataset/4_179_jpg.rf.5800e2462514478b4440265619524692.jpg,4,0.6673941016197205,0.436917781829834,0.3317275643348694,0.2244669497013092,0.18027591705322266,0.196236252784729,0.8487263917922974,0.7051345705986023,0.40149903297424316,0.4984355866909027,0.635649561882019,0.8004518747329712,7.426368142660067e-07,-0.08952881395816803,-0.06136012449860573,-0.04467744007706642,-0.07213207334280014,-0.07402303814888
dataset/1_55_jpg.rf.b98fda0340c936906fc9d23f4e7c85c6.jpg,1,0.5098031759262085,0.6285121440887451,0.5599595904350281,0.5604788064956665,0.5807465314865112,0.6042690873146057,0.8964192867279053,0.715976357460022,0.3230249583721161,0.7309214472770691,0.7557012438774109,0.7904725670814514,-1.802890103874688e-08,-0.11601117253303528,-0.16572454571723938,-0.11004400253295898,-0.06181134656071663,-0.06241552159190178
dataset/1_109_jpg.rf.739370cdcf23c60d56dd803a259b5c7a.jpg,1,0.29402464628219604,0.5285433530807495,0.7552173733711243,0.4422781765460968,0.4245349168777466,0.45927557349205017,0.8535557985305786,0.6325476765632629,0.35143131017684937,0.672141432762146,0.7459710240364075,0.8077210187911987,1.4159357419885055e-07,-0.253248393535614,-0.2699934244155884,-0.24528472125530243,-0.18392255902290344,-0.18129238486289978
dataset/2_78_jpg.rf.64b06dfd02f25ebd57038cc95199e094.jpg,2,0.5070807337760925,0.5249931812286377,0.37254077196121216,0.5094569325447083,0.5391208529472351,0.5930274724960327,0.9131274223327637,0.5358482599258423,0.24434298276901245,0.20917192101478577,0.6620032787322998,0.7132939100265503,9.474392754782457e-07,-0.0933278352022171,-0.06753683090209961,-0.11221594363451004,-0.08115867525339127,-0.09638746827840805
dataset/0_82_jpg.rf.3d34189d55380b60c17afecc620751ce.jpg,0,0.5357601642608643,0.5944341421127319,0.587718665599823,0.5172246098518372,0.449726939201355,0.3843386471271515,0.7735805511474609,0.3501029908657074,0.46266236901283264,0.4936949610710144,0.5323007702827454,0.5673957467079163,-1.2130927871112362e-06,-0.11237306892871857,-0.16263136267662048,-0.14320525527000427,-0.04538402706384659,-0.011928940191864967
dataset/3_68_jpg.rf.63c9798681e8d91f0f6b5758034d3d90.jpg,3,0.5039664506912231,0.2998608946800232,0.4135090708732605,0.25045257806777954,0.11497962474822998,0.36229005455970764,0.7255167961120605,0.4750625491142273,0.16929090023040771,0.17389774322509766,0.243325874209404,0.5904085636138916,1.1334448117850116e-06,-0.03414585068821907,-0.05760945752263069,-0.06742950528860092,-0.1953630894422531,-0.15201248228549957
dataset/5_191_jpg.rf.bfd0ea87d5e4f7351357fff8e5180868.jpg,5,0.5106233358383179,0.8030984401702881,0.4673628509044647,0.398632675409317,0.33175918459892273,0.27110975980758667,0.7074263095855713,0.4531434178352356,0.2885148227214813,0.26110923290252686,0.30195504426956177,0.3577251732349396,6.655756124018808e-07,-0.026385758072137833,0.010395555756986141,0.003837867407128215,-0.0165418591350317,-0.01645151898264885
dataset/1_200_jpg.rf.dd2697b568ae5d014ca2aa32e13e1039.jpg,1,0.5017194747924805,0.4789503812789917,0.4735266864299774,0.4998781383037567,0.4695679545402527,0.4140624701976776,0.7634873390197754,0.4731464087963104,0.25243833661079407,0.5769611597061157,0.6276940107345581,0.6360375881195068,-1.4400079351162276e-08,-0.09457949548959732,-0.0793939083814621,-0.08704431354999542,-0.0481940396130085,-0.04441319778561592
dataset/2_170_jpg.rf.6dfc5e1cc901b90fec38bb434aa794a1.jpg,2,0.4242359399795532,0.271475613117218,0.3458014726638794,0.2696508765220642,0.33654648065567017,0.3319680690765381,0.8461765050888062,0.5995556712150574,0.34689366817474365,0.3453616499900818,0.6589058041572571,0.7203918099403381,1.183383574243635e-06,-0.036735061556100845,0.031823884695768356,0.042808424681425095,-0.08301558345556259,-0.10808902233839035
dataset/4_124_jpg.rf.f4fcbc935986414e0cb76d61fe0c341b.jpg,4,0.600951075553894,0.5193456411361694,0.5972974300384521,0.4302900731563568,0.27991390228271484,0.17139500379562378,0.868533730506897,0.5357038378715515,0.1285410225391388,0.11244767904281616,0.21706104278564453,0.3785706162452698,9.799825875234092e-07,-0.09587346017360687,-0.09524355828762054,-0.08198373019695282,-0.11270958185195923,-0.1082587018609047
dataset/3_133_jpg.rf.ac822b3886650b6b5cf768dbaed83f9b.jpg,3,0.47034910321235657,0.38099250197410583,0.45440107583999634,0.4058574438095093,0.35528573393821716,0.37797340750694275,0.8300113677978516,0.6787469983100891,0.30618056654930115,0.2732546329498291,0.34398210048675537,0.6324310898780823,8.486836691190547e-07,-0.19931356608867645,-0.231709823012352,-0.2023361772298813,-0.18794265389442444,-0.15301497280597687
dataset/4_1_jpg.rf.c42c8cb2de1d4ee12e15eb02ec90e8ec.jpg,4,0.5257978439331055,0.5257165431976318,0.5291711688041687,0.6041885614395142,0.6661646366119385,0.7285705804824829,0.7904784679412842,0.5510257482528687,0.29106980562210083,0.25919562578201294,0.29626744985580444,0.3565875291824341,9.52120444708271e-07,-0.06934968382120132,-0.06693658977746964,-0.06124800443649292,-0.0806376114487648,-0.083956278860569
dataset/0_25_jpg.rf.e2faa17b5c0781abe43b37816a3e8601.jpg,0,0.6084567308425903,0.6012668013572693,0.5856032371520996,0.6155397891998291,0.6444791555404663,0.6786845326423645,0.6865150928497314,0.472217857837677,0.5439310669898987,0.5748575925827026,0.5995855331420898,0.6142067313194275,-9.80865593191993e-07,0.005038500763475895,-0.0014466294087469578,0.00469163665547967,0.024583855643868446,0.03360713645815849
dataset/1_121_jpg.rf.3bc923a500483f93f7f0dca341211207.jpg,1,0.04425397515296936,0.34632447361946106,0.6407476663589478,0.2871173620223999,0.2100553810596466,0.1955994963645935,0.49842917919158936,0.557851254940033,0.5190478563308716,0.5253797173500061,0.5576569437980652,0.6266565322875977,-2.3647274360882875e-07,-0.14113886654376984,-0.1187918558716774,-0.12864162027835846,-0.08655545860528946,-0.08567693829536438
dataset/1_25_jpg.rf.9dd91e01be9494578989b7a37f10a7fb.jpg,1,0.49992626905441284,0.4743157625198364,0.46678388118743896,0.49741217494010925,0.4678111970424652,0.41653522849082947,0.7500177621841431,0.46493589878082275,0.2501986622810364,0.5707048177719116,0.6183912754058838,0.627717912197113,-5.788896118019693e-08,-0.08127167820930481,-0.07419325411319733,-0.08550123125314713,-0.048260606825351715,-0.04527892917394638
dataset/1_29_jpg.rf.a6a62168fe31e88da01e310a52ad8e35.jpg,1,0.5017014741897583,0.44839754700660706,0.4840254783630371,0.4683353900909424,0.445873498916626,0.37651756405830383,0.9542649388313293,0.6471763849258423,0.35760369896888733,0.7114638090133667,0.7951397895812988,0.8088096380233765,1.951829773361169e-07,-0.19769904017448425,-0.16279995441436768,-0.18241335451602936,-0.12259555608034134,-0.10338002443313599
dataset/2_157_jpg.rf.190d90036f61a4ab1685dfa49777a57f.jpg,2,0.5448131561279297,0.4143993556499481,0.41995954513549805,0.2708771824836731,0.4690864682197571,0.4541758894920349,0.7884814739227295,0.5325398445129395,0.24750715494155884,0.2813142240047455,0.6380276679992676,0.6889773607254028,7.826093906260212e-07,-0.09756448864936829,-0.10710351169109344,-0.14014823734760284,-0.12235265970230103,-0.1148858591914177
dataset/1_156_jpg.rf.3cdfcc8a60e9d7ed723cfffe3e09fef7.jpg,1,0.5485990047454834,0.43351447582244873,0.48973238468170166,0.47364476323127747,0.46084165573120117,0.4034193456172943,0.9222409725189209,0.6180337071418762,0.2841877043247223,0.6690735220909119,0.7564128041267395,0.7803114652633667,1.3584369185082323e-07,-0.2149963676929474,-0.17467792332172394,-0.1883261501789093,-0.13397721946239471,-0.11024654656648636
dataset/0_2_jpg.rf.9b53ef4901425a2dbc8a2fa8f0467046.jpg,0,0.4711374044418335,0.27681127190589905,0.3617525100708008,0.3386933505535126,0.32739031314849854,0.3104119896888733,0.5266460180282593,0.29182881116867065,0.3588220477104187,0.4045533537864685,0.45545855164527893,0.5006730556488037,-7.900205218902556e-07,-0.09796284884214401,-0.13684451580047607,-0.11800172179937363,-0.06546727567911148,-0.05410188436508179
dataset/3_1_jpg.rf.bbda22d9d3b4506412aed1f6f5191413.jpg,3,0.145730122923851,0.27714020013809204,0.45220354199409485,0.5574143528938293,0.5903677940368652,0.30962109565734863,0.9125123023986816,0.9583338499069214,0.2630000710487366,0.2727004289627075,0.45817410945892334,0.9547748565673828,1.7004709889079095e-06,-0.38707730174064636,-0.4488976299762726,-0.41550660133361816,-0.3921404778957367,-0.2813376784324646
dataset/2_90_jpg.rf.b4899303a6c75a8085869dd60c819c55.jpg,2,0.5281782150268555,0.37906360626220703,0.5189863443374634,0.3332970142364502,0.44422924518585205,0.4095180928707123,0.7218445539474487,0.4479915201663971,0.19429048895835876,0.2096799612045288,0.5302128195762634,0.5752317905426025,1.138031962000241e-06,-0.08364562690258026,-0.06746391206979752,-0.08946004509925842,-0.11041523516178131,-0.10101000219583511
dataset/0_39_jpg.rf.2d062c7c2b116468d1f792435b030e0a.jpg,0,0.22226759791374207,0.7107022404670715,0.5117815732955933,0.4356784224510193,0.3583335876464844,0.30761706829071045,0.6549385190010071,0.4986042380332947,0.5430684089660645,0.5204323530197144,0.48098406195640564,0.41454365849494934,-1.111370806938794e-06,-0.26422831416130066,-0.281451553106308,-0.20310188829898834,-0.1169596016407013,-0.07994882762432098
dataset/3_131_jpg.rf.c7c6870bf46c017a5b8e31341201114d.jpg,3,0.2644541263580322,0.39279013872146606,0.2855193018913269,0.517970085144043,0.597754955291748,0.41089415550231934,0.9053887128829956,0.8314713835716248,0.1561759114265442,0.22306841611862183,0.3603755831718445,0.7916843891143799,8.298725902022852e-07,-0.33136996626853943,-0.4401671886444092,-0.37829533219337463,-0.34850218892097473,-0.2359115481376648
dataset/4_97_jpg.rf.5d39196d5614e90fc44fe5c6084cca21.jpg,4,0.6002461314201355,0.5093294978141785,0.6352332234382629,0.4380256235599518,0.25390589237213135,0.13444575667381287,0.7844963073730469,0.5497721433639526,0.17587098479270935,0.15374210476875305,0.238068088889122,0.38964977860450745,1.3046063713773037e-06,-0.16921564936637878,-0.16815875470638275,-0.15222366154193878,-0.1758061796426773,-0.16057436168193817
dataset/5_115_jpg.rf.360301baf444e755e332697de72c8b90.jpg,5,0.7640683650970459,0.4999813437461853,0.24180257320404053,0.1820901334285736,0.20161551237106323,0.2694181799888611,0.6858603358268738,0.34670281410217285,0.3803984522819519,0.4508346915245056,0.5426751375198364,0.6996718645095825,7.52924222524598e-07,-0.14726528525352478,-0.16774863004684448,-0.1551012247800827,-0.14908945560455322,-0.1407378613948822
dataset/0_154_jpg.rf.c1237c4b8d26f780323f86eca375908a.jpg,0,0.6144524216651917,0.48669588565826416,0.5629405975341797,0.4996475875377655,0.4640647768974304,0.41547077894210815,0.7374684810638428,0.35777026414871216,0.3725336194038391,0.40345245599746704,0.4844498038291931,0.5350653529167175,-7.104420092218788e-07,-0.15049032866954803,-0.16332466900348663,-0.12074363231658936,-0.06400236487388611,-0.0329044908285141
dataset/3_48_jpg.rf.a481c993b16632643284260cfcc7c942.jpg,3,0.2555639147758484,0.40453729033470154,0.3040961027145386,0.4432086944580078,0.5651752948760986,0.37281909584999084,0.8516030311584473,0.618108332157135,0.3491910696029663,0.34728848934173584,0.4081723093986511,0.7119908928871155,4.576885714868695e-07,-0.0015452675288543105,-0.0108616529032588,-0.03687141463160515,-0.14901404082775116,-0.13468903303146362
dataset/2_94_jpg.rf.2f07f6d2fb97478ea7779e09ddb7dd23.jpg,2,0.5026683807373047,0.4685257077217102,0.5475080013275146,0.3961217403411865,0.4645920991897583,0.4363386929035187,0.8993431925773621,0.5992797613143921,0.31984853744506836,0.29692837595939636,0.7072911262512207,0.7597216367721558,1.0740342304416117e-06,-0.09256204962730408,-0.08633147180080414,-0.10818375647068024,-0.10194645076990128,-0.0931687280535698
dataset/3_190_jpg.rf.535be7ff657d9850e6ef3e70e063fedf.jpg,3,0.6233216524124146,0.45784541964530945,0.5930110812187195,0.33626866340637207,0.29503756761550903,0.46543967723846436,0.9167633056640625,0.9190365076065063,0.2199280560016632,0.2720964550971985,0.4134221076965332,0.8850734829902649,2.0355753349576844e-06,-0.4393574595451355,-0.5505464673042297,-0.5030595660209656,-0.4420948922634125,-0.3308507800102234
dataset/4_121_jpg.rf.1075e8853a8ab19e545db24b349aee23.jpg,4,0.3595161437988281,0.4465177059173584,0.38691243529319763,0.5400810241699219,0.674270749092102,0.7587577104568481,0.8771167993545532,0.5522027015686035,0.17134150862693787,0.17504540085792542,0.26665180921554565,0.4133196175098419,6.525801268253417e-07,-0.0873078852891922,-0.0750388354063034,-0.0715610608458519,-0.10786353796720505,-0.11043772846460342
dataset/5_95_jpg.rf.60f14242d00ecd9122b06d78fdd543a2.jpg,5,0.49855440855026245,0.2744410037994385,0.5404626727104187,0.6341874599456787,0.7280209064483643,0.7907174825668335,0.7098407745361328,0.39155852794647217,0.2297399938106537,0.2249155044555664,0.2903604507446289,0.39679834246635437,4.562207891467551e-07,-0.06381949782371521,-0.04748229309916496,-0.047821905463933945,-0.06731781363487244,-0.0715150460600853
dataset/5_23_jpg.rf.fc07769f9bc943b6f305a316157af3d4.jpg,5,0.4103412628173828,0.797671377658844,0.5289897918701172,0.40127235651016235,0.23725420236587524,0.1111437976360321,0.7865455150604248,0.4703035354614258,0.12006205320358276,0.06075257062911987,0.11415180563926697,0.23779664933681488,1.0568401194177568e-06,-0.148911714553833,-0.156636580824852,-0.15449988842010498,-0.1733333021402359,-0.1685754507780075
dataset/4_189_jpg.rf.23da8ca439b0596638b9ebfa431c395f.jpg,4,0.48304879665374756,0.5149275660514832,0.6502314805984497,0.5131995677947998,0.32524430751800537,0.18184134364128113,0.9542756676673889,0.6877207159996033,0.3455550968647003,0.2715093791484833,0.33071786165237427,0.466144859790802,1.0497680023036082e-06,-0.14623042941093445,-0.17202790081501007,-0.15823855996131897,-0.1805592179298401,-0.17291390895843506
dataset/0_138_jpg.rf.932e592d62736246f58cc4bfa46ac767.jpg,0,0.445706844329834,0.35232722759246826,0.36793458461761475,0.4370681345462799,0.49980759620666504,0.5566482543945312,0.7082813382148743,0.3813919126987457,0.4554583430290222,0.4841129183769226,0.514665961265564,0.5423281788825989,-1.500722419223166e-06,-0.13248594105243683,-0.1352756768465042,-0.09656409919261932,-0.039882928133010864,-0.035205237567424774
dataset/1_197_jpg.rf.a48950216ee03afffe4b8b5e44e5acd5.jpg,1,0.4584013521671295,0.34703803062438965,0.39779382944107056,0.4094517230987549,0.38626471161842346,0.36625903844833374,0.9383307099342346,0.7700772285461426,0.2862442135810852,0.7615774273872375,0.8214215636253357,0.8828016519546509,5.291290676723293e-07,-0.19275690615177155,-0.222050741314888,-0.18461599946022034,-0.13245169818401337,-0.115850530564785
dataset/5_148_jpg.rf.64546558677aa2ac3dbc97ab44b5c138.jpg,5,0.2417421042919159,0.5029176473617554,0.7580651044845581,0.8160525560379028,0.7926017045974731,0.7219400405883789,0.6961838603019714,0.3426716923713684,0.37808212637901306,0.45340561866760254,0.5470463037490845,0.7010980248451233,7.247228381856985e-07,-0.15006400644779205,-0.1781804859638214,-0.1671658754348755,-0.1606231927871704,-0.15537983179092407
dataset/0_91_jpg.rf.51c9b9d955be833eea6d66a4cccfbeff.jpg,0,0.5999983549118042,0.7084125280380249,0.6851210594177246,0.6253318786621094,0.5737943649291992,0.5223552584648132,0.6852895021438599,0.41270118951797485,0.49315834045410156,0.512083888053894,0.525512158870697,0.5356410145759583,-9.951548918252229e-07,-0.06696345657110214,-0.09464031457901001,-0.10374744981527328,-0.05414823070168495,-0.03452320396900177
dataset/5_18_jpg.rf.f905619b101a88a3065bd038c0f4057e.jpg,5,0.5881029963493347,0.9399762749671936,0.6007764339447021,0.4509504437446594,0.31461668014526367,0.19614467024803162,0.7239184379577637,0.419889897108078,0.20770618319511414,0.19313134253025055,0.2512863576412201,0.35580915212631226,9.585976386006223e-07,-0.07555954903364182,-0.008752130903303623,-0.008724869228899479,-0.054913245141506195,-0.07877174764871597
dataset/1_136_jpg.rf.2e1f8fc8bfad4669f57b2943e5479545.jpg,1,0.5033342242240906,0.4790247678756714,0.4703724980354309,0.5004276037216187,0.4698943495750427,0.41604098677635193,0.7541432976722717,0.46541446447372437,0.2466573715209961,0.5707921385765076,0.617586612701416,0.6268837451934814,-1.0008214701429097e-07,-0.07688193023204803,-0.07468321919441223,-0.08210927993059158,-0.045136015862226486,-0.04097877815365791
dataset/1_154_jpg.rf.d4125771bd8b280a367724a3c21a89c4.jpg,1,0.5152902007102966,0.44222116470336914,0.4636724293231964,0.4633685052394867,0.44492051005363464,0.3805196285247803,0.9436730146408081,0.6409720182418823,0.3466357886791229,0.7021639943122864,0.7815381288528442,0.7986791729927063,1.6066212538135005e-07,-0.19967330992221832,-0.16542014479637146,-0.18394412100315094,-0.12369520217180252,-0.10538432747125626
dataset/1_65_jpg.rf.69f658d78f727f98dd5a73befc6d962d.jpg,1,0.11692413687705994,0.36920931935310364,0.7009106874465942,0.33841466903686523,0.24259792268276215,0.1998177468776703,0.31485992670059204,0.5387101769447327,0.6514915823936462,0.48314908146858215,0.45295873284339905,0.49752020835876465,-1.4215384425142474e-08,-0.15574198961257935,-0.16674955189228058,-0.18303368985652924,-0.13708049058914185,-0.12169968336820602
dataset/0_143_jpg.rf.f567b988264f1d42a6aec2858911b9f7.jpg,0,0.4078410267829895,0.08137854933738708,0.20661664009094238,0.29490023851394653,0.37345919013023376,0.44258153438568115,0.6074327230453491,0.33427420258522034,0.43911629915237427,0.43592172861099243,0.43327921628952026,0.3979642391204834,-2.1003741039749e-06,-0.12728627026081085,-0.1767730712890625,-0.13940347731113434,-0.06206134706735611,-0.0578979067504406
dataset/3_123_jpg.rf.2840c76753877a1a2cfafc04ed994f61.jpg,3,0.3384595513343811,0.37457266449928284,0.4097587466239929,0.6426181793212891,0.7098779082298279,0.4912375807762146,0.8838676810264587,0.6226361989974976,0.1960972547531128,0.2942943274974823,0.48739707469940186,0.8894528150558472,1.206172441925446e-06,-0.3118789494037628,-0.5029763579368591,-0.48113545775413513,-0.440390408039093,-0.3025567829608917
dataset/0_159_jpg.rf.120afc06b1dcfac679dc8d3a7629caad.jpg,0,0.42475664615631104,0.698879599571228,0.6213171482086182,0.5803121328353882,0.5413503050804138,0.5129041075706482,0.5824509859085083,0.6316016912460327,0.6006849408149719,0.6438076496124268,0.6901511549949646,0.7381826043128967,-9.921790251610219e-07,-0.05140692740678787,-0.06406999379396439,-0.03907627612352371,-0.0097189387306571,-0.005627227947115898
dataset/5_198_jpg.rf.e3e3d79083f2dcd836458a0935c245b8.jpg,5,0.6353490352630615,0.8940302133560181,0.5200302600860596,0.38492268323898315,0.301041841506958,0.2407105565071106,0.8749433159828186,0.4451296329498291,0.2614648938179016,0.26285117864608765,0.35403648018836975,0.4750811457633972,6.462728947553842e-07,-0.07801490277051926,-0.03714124485850334,-0.037493396550416946,-0.06098775938153267,-0.06995898485183716
dataset/5_6_jpg.rf.0088e0316e93cc5dccdd73d1218dc223.jpg,5,0.5892540216445923,0.7338265180587769,0.6764134168624878,0.5773556232452393,0.5069578289985657,0.39624762535095215,0.8222002983093262,0.4052751958370209,0.07311147451400757,0.03311243653297424,0.09988901019096375,0.24136680364608765,9.553442623655428e-07,-0.20833982527256012,-0.2533715069293976,-0.23487938940525055,-0.21979516744613647,-0.20509882271289825
dataset/4_196_jpg.rf.b489c85b4edd84052deb4434ef83f707.jpg,4,0.4665725529193878,0.5730896592140198,0.49790871143341064,0.6419545412063599,0.7833741903305054,0.8722453117370605,0.9099311828613281,0.6077334880828857,0.2228327989578247,0.2276085913181305,0.3208491802215576,0.4803892970085144,5.660349415848032e-07,-0.08124591410160065,-0.06067259982228279,-0.06215332821011543,-0.10518483072519302,-0.10919075459241867
dataset/5_66_jpg.rf.486294996b7c19974c498a13712209f0.jpg,5,0.38670670986175537,0.9883352518081665,0.604572057723999,0.5179003477096558,0.41674360632896423,0.3191507160663605,0.8381368517875671,0.5665863752365112,0.23250702023506165,0.18570619821548462,0.2195868194103241,0.2809123992919922,1.2811556189262774e-06,-0.13986383378505707,-0.028755711391568184,-0.019594144076108932,-0.02792954631149769,-0.01142923440784216
dataset/0_56_jpg.rf.63ac12d241e807fd362c29a9af0445d1.jpg,0,0.5396503806114197,0.5051077604293823,0.4777183532714844,0.5405324101448059,0.6097396612167358,0.6814960241317749,0.6830306053161621,0.26525741815567017,0.363656222820282,0.40635812282562256,0.4532502293586731,0.49748367071151733,-1.6909058331293636e-06,-0.142939493060112,-0.15206927061080933,-0.09978368878364563,-0.04840666055679321,-0.04214746132493019
dataset/5_47_jpg.rf.69d4ae64f43382c09402af6254522814.jpg,5,0.5921102166175842,1.0061933994293213,0.5805151462554932,0.4813321828842163,0.3809380531311035,0.3052229881286621,0.8859405517578125,0.5194657444953918,0.2652807831764221,0.22976836562156677,0.27561455965042114,0.3566635847091675,8.798180033409153e-07,-0.019159138202667236,0.03428811579942703,0.023715142160654068,-0.012636162340641022,-0.030472561717033386
dataset/0_163_jpg.rf.ddd75a624ab79c065186141f0a964d1f.jpg,0,0.5474121570587158,0.6487885117530823,0.62806636095047,0.5610930323600769,0.49848654866218567,0.44055110216140747,0.7018659114837646,0.3814510405063629,0.46193262934684753,0.4827016592025757,0.512213945388794,0.5430458784103394,-1.1505522934385226e-06,-0.09995827823877335,-0.1385197937488556,-0.13192062079906464,-0.06754358112812042,-0.04883669689297676
dataset/0_124_jpg.rf.91cbd338c2cba7bcd9e019605ef4f2ad.jpg,0,0.40238815546035767,0.2916390895843506,0.31157925724983215,0.373087614774704,0.42939671874046326,0.4860025644302368,0.6926260590553284,0.4110523462295532,0.48952510952949524,0.5087624788284302,0.5266698598861694,0.538836658000946,-1.417999897057598e-06,-0.09045801311731339,-0.10759035497903824,-0.07898322492837906,-0.027618857100605965,-0.017383625730872154
dataset/1_190_jpg.rf.7d3c955f0b5ff38454d5576d9fb5336b.jpg,1,0.18375110626220703,0.3433564007282257,0.674523115158081,0.30924782156944275,0.2931312918663025,0.30779677629470825,0.6750649213790894,0.6587044596672058,0.40492331981658936,0.6363641023635864,0.6817398071289062,0.7380988597869873,1.5150678223108116e-07,-0.2224038690328598,-0.24450555443763733,-0.2147379219532013,-0.15372782945632935,-0.14511655271053314
dataset/5_19_jpg.rf.1d4be3ec3f80d499be530b092ed8134b.jpg,5,0.501569390296936,0.847554087638855,0.4932646155357361,0.3263406455516815,0.18825805187225342,0.0763978660106659,0.6217659711837769,0.3035567104816437,0.10456541180610657,0.09493136405944824,0.15827719867229462,0.267829567193985,8.756512670515804e-07,-0.09622374176979065,-0.0538979209959507,-0.05017300695180893,-0.081714928150177,-0.0947430357336998
dataset/2_186_jpg.rf.734875e5976bae9702d3d82842f0189e.jpg,2,0.3660680055618286,0.5862597227096558,0.45061618089675903,0.7595325708389282,0.5615952014923096,0.5437507629394531,0.8477648496627808,0.8287143707275391,0.11009058356285095,0.25405699014663696,0.7537574172019958,0.8087587356567383,1.014194026538462e-06,-0.2754333019256592,-0.3570576608181,-0.3073963522911072,-0.22963528335094452,-0.20931053161621094
dataset/5_94_jpg.rf.e74914fe2fe5d0cf042d2642ec63ace6.jpg,5,0.21218279004096985,0.46670541167259216,0.748829185962677,0.8177601099014282,0.7873017191886902,0.6976261734962463,0.6320501565933228,0.21203938126564026,0.31130096316337585,0.5465805530548096,0.656055212020874,0.8043298721313477,8.537260214325215e-07,-0.14925990998744965,-0.17289064824581146,-0.16209132969379425,-0.1612756997346878,-0.15474630892276764
dataset/4_78_jpg.rf.ab768148f3c207d749b720b42246203e.jpg,4,0.40334728360176086,0.3349551260471344,0.413777232170105,0.35432150959968567,0.3051205277442932,0.2516528367996216,0.8817043304443359,0.7006716132164001,0.2459143102169037,0.21875303983688354,0.26806628704071045,0.3874412775039673,9.64305286288436e-07,-0.1761215776205063,-0.2115151733160019,-0.19101065397262573,-0.16940730810165405,-0.14592505991458893
dataset/4_197_jpg.rf.c4a486a361b531f6043b731cba6baaf4.jpg,4,0.7603511214256287,0.6281555891036987,0.6765605807304382,0.5130155682563782,0.4623347222805023,0.3754098117351532,0.9920841455459595,0.8354978561401367,0.13291653990745544,0.1580108404159546,0.26480069756507874,0.4930317997932434,1.4064082733966643e-06,-0.24894051253795624,-0.28765520453453064,-0.2700870633125305,-0.24767671525478363,-0.21625569462776184
dataset/3_2_jpg.rf.17295d5131a6efda252e897c115c8625.jpg,3,0.5979748368263245,0.45195266604423523,0.40664950013160706,0.26198261976242065,0.23316533863544464,0.4851111173629761,0.8154926896095276,0.7430341243743896,0.232828289270401,0.3383620083332062,0.4842228293418884,0.7432118058204651,1.2677602398980525e-06,-0.17073684930801392,-0.18932439386844635,-0.17924395203590393,-0.19437561929225922,-0.15415836870670319
dataset/2_151_jpg.rf.61d001d5e2e55cf63d29c1598537aed8.jpg,2,0.5737370252609253,0.7209134697914124,0.654622495174408,0.7237815856933594,0.6587947607040405,0.6733015179634094,0.8536199331283569,0.5953031182289124,0.34747394919395447,0.34687429666519165,0.6624693870544434,0.7209086418151855,1.2591183349286439e-06,-0.08263028413057327,-0.007981889881193638,-0.03388272225856781,-0.0935150757431984,-0.1100623682141304
dataset/1_104_jpg.rf.736bd37843ae12410eb32f50cb0622be.jpg,1,0.5505647659301758,0.6470174193382263,0.7484971880912781,0.6249963045120239,0.6469215154647827,0.6953908205032349,0.9108051061630249,0.6401171088218689,0.31613868474960327,0.7316895127296448,0.7918086051940918,0.8286195993423462,-2.461856638547033e-07,-0.20983773469924927,-0.21950362622737885,-0.18415048718452454,-0.12059053033590317,-0.12695284187793732
dataset/0_76_jpg.rf.247f220e9d76482867ca90226e801930.jpg,0,0.6336122751235962,0.25001609325408936,0.38741376996040344,0.4803199768066406,0.5757461190223694,0.6540004014968872,0.7155236005783081,0.45078375935554504,0.5596670508384705,0.5468370914459229,0.5418459177017212,0.4992982745170593,-2.0801173832296627e-06,-0.14912277460098267,-0.19370192289352417,-0.143573597073555,-0.05644241347908974,-0.04044179618358612
dataset/3_147_jpg.rf.252e8c5284d1e89d3adf9e59dc118bbe.jpg,3,0.5819199085235596,0.5002518892288208,0.5862184762954712,0.44666436314582825,0.3352120518684387,0.5039136409759521,0.8317540287971497,0.5464402437210083,0.20037266612052917,0.18929961323738098,0.2745811939239502,0.681393027305603,7.95523305896495e-07,-0.04816387966275215,-0.06050257384777069,-0.07278181612491608,-0.1578507423400879,-0.11788491159677505
dataset/1_33_jpg.rf.23f7f269576c6cc1f730b4a4db05f6d3.jpg,1,0.32762688398361206,0.4439420700073242,0.6852206587791443,0.423882395029068,0.3516632914543152,0.26672685146331787,0.9102935194969177,0.6157864928245544,0.2591235935688019,0.6728682518005371,0.7536917328834534,0.7366684079170227,9.107944265451806e-07,-0.37266114354133606,-0.2929190993309021,-0.28814834356307983,-0.19955407083034515,-0.1775222271680832
dataset/5_137_jpg.rf.995c2abfbaaee6f56a6f0b7c08a74030.jpg,5,0.6255000233650208,0.7620000839233398,0.362130343914032,0.22477935254573822,0.16390526294708252,0.13937801122665405,0.8412449359893799,0.3417103886604309,0.2618520259857178,0.306926965713501,0.42415210604667664,0.5631839036941528,6.007778665662045e-07,-0.07513441890478134,-0.04329269006848335,-0.05006652697920799,-0.07342232018709183,-0.07960904389619827
dataset/1_208_jpg.rf.a263c959d6c3fb604cc3b148351b19db.jpg,1,0.4510098397731781,0.4520077407360077,0.4827200472354889,0.4532082676887512,0.4790842831134796,0.529335618019104,0.8669355511665344,0.5628751516342163,0.2712348997592926,0.6480019092559814,0.7092463970184326,0.7358053922653198,-5.032608214605716e-07,-0.14352117478847504,-0.13724495470523834,-0.13878537714481354,-0.1023210883140564,-0.10802917927503586
dataset/4_104_jpg.rf.259d7ed8d1eb65275f6aa9841df0d89e.jpg,4,0.5812739133834839,0.435482919216156,0.5551328063011169,0.43841928243637085,0.32633376121520996,0.2628791928291321,0.9063973426818848,0.6207209825515747,0.26252150535583496,0.2881559133529663,0.3921698033809662,0.5222123265266418,1.2353017382338294e-06,-0.07450307160615921,-0.003909376449882984,0.06366310268640518,0.02119743451476097,0.012842591851949692
dataset/3_184_jpg.rf.4a2646c1a468b038d72fdd88f1eaf165.jpg,3,0.45211973786354065,0.5500921010971069,0.44956469535827637,0.5610975623130798,0.6856325268745422,0.5594672560691833,0.8313082456588745,0.5680637955665588,0.27665162086486816,0.272616446018219,0.36147868633270264,0.6831203699111938,6.403372481145198e-07,0.039192501455545425,0.04508195072412491,0.023608606308698654,-0.0706697478890419,-0.05018330737948418
dataset/5_50_jpg.rf.886f716988c2f332f7f74c082874b40d.jpg,5,0.490189790725708,0.8845272064208984,0.45102548599243164,0.3577987253665924,0.26014208793640137,0.18729165196418762,0.8817780613899231,0.5137647986412048,0.28525012731552124,0.2517571747303009,0.30486005544662476,0.38441580533981323,1.2775699360645376e-06,-0.05242728441953659,0.06828859448432922,0.05712933465838432,0.006986737716943026,-0.01548572164028883
dataset/2_69_jpg.rf.7adfe301cd6461ad31fcc92226d17f9c.jpg,2,0.500231146812439,0.6052014827728271,0.5069756507873535,0.6740670204162598,0.6267733573913574,0.6350640654563904,0.8752153515815735,0.5254906415939331,0.23659703135490417,0.2397800087928772,0.5960419178009033,0.7068510055541992,8.644869922136422e-07,-0.05718596652150154,-0.006523165851831436,-0.056441083550453186,-0.10265182703733444,-0.12113894522190094
dataset/0_38_jpg.rf.f38114d8ba09d542705ec82e085f1671.jpg,0,0.3995288908481598,0.36558887362480164,0.4104967415332794,0.3651653826236725,0.31668877601623535,0.2613067030906677,0.564635157585144,0.2941811680793762,0.37967222929000854,0.41612768173217773,0.4543662965297699,0.48395195603370667,-1.0398265430922038e-06,-0.05069078132510185,-0.11099985241889954,-0.07944253832101822,-0.03297251835465431,-0.022994615137577057
dataset/4_130_jpg.rf.d5da158da2d151fa17354aed411d09f5.jpg,4,0.5058607459068298,0.5083113312721252,0.5071702599525452,0.5838172435760498,0.6426970958709717,0.7029114365577698,0.7983675003051758,0.5635086894035339,0.30211731791496277,0.2727517783641815,0.30945467948913574,0.3668311834335327,9.686227713245898e-07,-0.06779163330793381,-0.06559405475854874,-0.056323617696762085,-0.07260166853666306,-0.07809119671583176
dataset/1_66_jpg.rf.abe2faae44d1a8b6465c1e497ed69469.jpg,1,0.8692960143089294,0.6456393003463745,0.3479200005531311,0.6764834523200989,0.7593656778335571,0.8083134889602661,0.2584671974182129,0.5354697108268738,0.732011616230011,0.4643152058124542,0.4071473777294159,0.43948066234588623,2.713981075430638e-07,-0.1937471479177475,-0.15563438832759857,-0.15085475146770477,-0.12343206256628036,-0.11504314094781876
dataset/3_45_jpg.rf.ac06a86c005834d38400ad1bf5ec3ce0.jpg,3,0.5187658071517944,0.33261775970458984,0.4430684745311737,0.28880807757377625,0.16814760863780975,0.3930915296077728,0.6521807312965393,0.40156352519989014,0.1204739362001419,0.12354812026023865,0.19259628653526306,0.5150407552719116,1.05684046047827e-06,-0.033876895904541016,-0.06228194758296013,-0.07551984488964081,-0.17799533903598785,-0.13185493648052216
dataset/0_153_jpg.rf.0b216e60ef170b4d87100cf5f709a7a7.jpg,0,0.37775665521621704,0.31610527634620667,0.35413479804992676,0.3313838839530945,0.3113187253475189,0.2771442234516144,0.6822664141654968,0.4578711688518524,0.5275841355323792,0.5630384683609009,0.5997114181518555,0.630333423614502,-7.509659667448432e-07,-0.017214370891451836,-0.045060355216264725,-0.043686460703611374,-0.01677824556827545,-0.003454162972047925
dataset/2_33_jpg.rf.05eff9adaa99ee06257a59e2a7b11bbc.jpg,2,0.5255453586578369,0.4872366487979889,0.6036106944084167,0.4683539569377899,0.4761955738067627,0.4371713399887085,0.9304653406143188,0.5587418675422668,0.25651058554649353,0.23421037197113037,0.6758214831352234,0.7337380647659302,1.2444252206478268e-06,-0.06431817263364792,-0.027655387297272682,-0.0535578653216362,-0.07742486149072647,-0.08368459343910217
dataset/1_116_jpg.rf.ce50c3987311dee237c98f266f8dcb5d.jpg,1,0.20283329486846924,0.32875823974609375,0.6281241178512573,0.3194178640842438,0.23095574975013733,0.14535480737686157,0.8826292157173157,0.5987005233764648,0.25795796513557434,0.6399344801902771,0.7305653095245361,0.7133183479309082,9.513401550975686e-07,-0.3562522530555725,-0.2890242636203766,-0.2861187756061554,-0.20618964731693268,-0.1873977780342102
dataset/4_93_jpg.rf.cb6031af6819721c1c1f3ecf0652298a.jpg,4,0.46521520614624023,0.4712009131908417,0.4785853326320648,0.401773601770401,0.33694547414779663,0.2783076763153076,0.7856187224388123,0.5575871467590332,0.289655864238739,0.25876280665397644,0.2972162961959839,0.3604932427406311,7.593008604089846e-07,-0.04490887373685837,-0.05090910196304321,-0.04672042280435562,-0.061262354254722595,-0.04742962121963501
dataset/5_100_jpg.rf.0ad20a65e0434d275121ebd34458e505.jpg,5,0.6097216010093689,0.9008013606071472,0.3468395471572876,0.23461686074733734,0.18306982517242432,0.14262452721595764,0.8715627193450928,0.42607682943344116,0.27560335397720337,0.25970181822776794,0.31986522674560547,0.4120914340019226,8.967014650806959e-07,-0.031912680715322495,0.07073760777711868,0.05886220559477806,0.009580176323652267,-0.014430065639317036
dataset/0_146_jpg.rf.0afdd309896c56e6eb3d0c38774f58bc.jpg,0,0.5501662492752075,0.27251511812210083,0.3454630970954895,0.3844274580478668,0.4178721308708191,0.4383544325828552,0.4640265703201294,0.5172904133796692,0.4710250794887543,0.4988715648651123,0.5352723002433777,0.5748417377471924,-4.801824502465024e-07,-0.05742596089839935,-0.06703859567642212,-0.043902166187763214,0.00022589378932025284,0.04142404720187187
dataset/4_17_jpg.rf.d335a9894dba0d9767988d597c20d9f1.jpg,4,0.42745551466941833,0.3242250084877014,0.5061025023460388,0.343645840883255,0.2850275933742523,0.18667031824588776,0.8686240911483765,0.6326547265052795,0.16387778520584106,0.13969773054122925,0.2067461907863617,0.36396998167037964,9.951335186997312e-07,-0.14876945316791534,-0.18447469174861908,-0.17382191121578217,-0.16631145775318146,-0.14224688708782196
dataset/1_12_jpg.rf.6f1ed8d1221825e162b35f0dfcae0cf6.jpg,1,0.7113332748413086,0.45975416898727417,0.25025174021720886,0.5261168479919434,0.5840478539466858,0.5467424392700195,0.8617023825645447,0.6351228952407837,0.3576691150665283,0.6644195318222046,0.7534050941467285,0.8023675680160522,5.353165306587471e-07,-0.2711600661277771,-0.21286693215370178,-0.21672983467578888,-0.16340777277946472,-0.15002159774303436
dataset/1_94_jpg.rf.7ead7a24eb28d8c34cef0a13c98be53a.jpg,1,0.1812511682510376,0.4624256491661072,0.804320216178894,0.3827242851257324,0.3516915738582611,0.34150591492652893,0.47480231523513794,0.5436930060386658,0.580252468585968,0.5069710612297058,0.44641178846359253,0.37060195207595825,5.630365649267333e-07,-0.25862357020378113,-0.1963285356760025,-0.19257457554340363,-0.13484153151512146,-0.12440992891788483
dataset/3_85_jpg.rf.1416d68ad5d6aa89f6510dd73cbe3445.jpg,3,0.5735389590263367,0.4924706220626831,0.5784244537353516,0.44217783212661743,0.3317517340183258,0.5035302639007568,0.8315379023551941,0.5522521734237671,0.20808887481689453,0.19261136651039124,0.2827047109603882,0.686643123626709,8.641670206088747e-07,-0.054621484130620956,-0.07018180936574936,-0.08027119934558868,-0.16461658477783203,-0.1276659518480301
dataset/2_89_jpg.rf.655dc78adb44c8bdf941e3e9cf25a2b3.jpg,2,0.551877498626709,0.39497825503349304,0.536001980304718,0.35822412371635437,0.45523184537887573,0.4270029664039612,0.8325498104095459,0.5423953533172607,0.2726806104183197,0.2807296812534332,0.628655195236206,0.6821189522743225,1.5741270544822328e-06,-0.12049630284309387,-0.021871443837881088,-0.025226688012480736,-0.10342548042535782,-0.12728020548820496
dataset/4_125_jpg.rf.9f269e8d71f75c839d26e8daa5c4def4.jpg,4,0.22994621098041534,0.366971492767334,0.5636794567108154,0.6399126052856445,0.6554319858551025,0.6305422186851501,0.8107258081436157,0.6576575040817261,0.20767316222190857,0.22338399291038513,0.32809683680534363,0.4577943682670593,9.87926910056558e-07,-0.18620160222053528,-0.22048288583755493,-0.2067813128232956,-0.1953083574771881,-0.18574434518814087
dataset/5_161_jpg.rf.1c9ff31c5eac29d10a1f02b0b4e21517.jpg,5,0.34308192133903503,0.07246270775794983,0.4442814886569977,0.5715934634208679,0.6628157496452332,0.7276211977005005,0.8792051076889038,0.46101558208465576,0.25285786390304565,0.2602118253707886,0.33588600158691406,0.4582684338092804,5.784082190984918e-07,-0.043878328055143356,-0.014014218933880329,-0.012009301222860813,-0.04766848310828209,-0.06657815724611282
dataset/1_54_jpg.rf.1e122754a47e4ab15713e4614b9962ed.jpg,1,0.5026004314422607,0.4498470723628998,0.48959633708000183,0.4720498323440552,0.4470462203025818,0.3760363459587097,0.9565784931182861,0.6453850865364075,0.3613020181655884,0.7092085480690002,0.7934243679046631,0.8072020411491394,1.4026809935785423e-07,-0.18571870028972626,-0.15616042912006378,-0.17435075342655182,-0.11750422418117523,-0.10029923170804977
dataset/2_35_jpg.rf.25c4f97b3ddd142bfe56cc43a57c9e37.jpg,2,0.5316389203071594,0.3715517520904541,0.5110712647438049,0.3349265456199646,0.43467509746551514,0.4059131443500519,0.8286066055297852,0.5472620725631714,0.2645042836666107,0.2744368314743042,0.6176052093505859,0.6729045510292053,1.309189087805862e-06,-0.08530734479427338,-0.03968186676502228,-0.05055476725101471,-0.09939619898796082,-0.10384338349103928
dataset/4_148_jpg.rf.3ff5345cd0ee69ea470370f5f107ab56.jpg,4,0.4780921936035156,0.5440503358840942,0.52645343542099,0.7054718732833862,0.8512543439865112,0.9446589350700378,0.8321355581283569,0.5618295073509216,0.1457265317440033,0.1506980061531067,0.2739529609680176,0.4748496413230896,9.658535873313667e-07,-0.16473154723644257,-0.1868181824684143,-0.19571153819561005,-0.2320806086063385,-0.2316114753484726
dataset/1_151_jpg.rf.de36be9f59f33708f7be9735d0079f0f.jpg,1,0.5649556517601013,0.48751896619796753,0.37708112597465515,0.5145479440689087,0.49886900186538696,0.4537612199783325,0.8899933695793152,0.649416983127594,0.3135237991809845,0.7232829332351685,0.7831252217292786,0.8112620711326599,1.568835159559967e-07,-0.20577625930309296,-0.19298255443572998,-0.18933138251304626,-0.12870298326015472,-0.1142192929983139
dataset/2_134_jpg.rf.545b85b3057fc3f96cebddf5c29f3cc4.jpg,2,0.6707045435905457,0.5363730192184448,0.7549712657928467,0.47166138887405396,0.5724368691444397,0.5496978759765625,0.8863730430603027,0.7602329850196838,0.19117212295532227,0.27417752146720886,0.7264909744262695,0.7771281003952026,1.542307131785492e-06,-0.2781769037246704,-0.3729053735733032,-0.33391326665878296,-0.18809281289577484,-0.17054292559623718
dataset/1_130_jpg.rf.9935ef351f17db94fbe9474df809c74b.jpg,1,0.6340184211730957,0.4587424099445343,0.43434643745422363,0.5223203301429749,0.5178111791610718,0.49520641565322876,0.8944352865219116,0.9065337777137756,0.30732208490371704,0.8271083235740662,0.8822029829025269,0.9219919443130493,4.4246661445868085e-07,-0.2523632347583771,-0.27541881799697876,-0.23091650009155273,-0.16194704174995422,-0.12934759259223938
dataset/5_187_jpg.rf.bb71539934e07097993630e9ef1a839d.jpg,5,0.49926403164863586,0.35479936003685,0.4172663688659668,0.5572056770324707,0.6126534342765808,0.697008490562439,0.8237262964248657,0.3969030976295471,0.11739587783813477,0.11777272820472717,0.17216411232948303,0.30671951174736023,7.355467346314981e-07,-0.13480357825756073,-0.17808164656162262,-0.16289864480495453,-0.15538105368614197,-0.15318815410137177
dataset/3_110_jpg.rf.d972368f840718571b2787b0cf4555e6.jpg,3,0.6151249408721924,0.7339578866958618,0.6284473538398743,0.7062984704971313,0.7926227450370789,0.7346913814544678,0.8345426321029663,0.5837862491607666,0.31300032138824463,0.2938254475593567,0.3345443606376648,0.6872082948684692,9.502181228526752e-07,-0.050049375742673874,-0.04719666764140129,-0.007698190864175558,-0.15630026161670685,-0.14293935894966125
dataset/5_92_jpg.rf.74237ab5815a8814c6395ced590148c2.jpg,5,0.43794140219688416,0.5169953107833862,0.4262831211090088,0.3551003932952881,0.30435359477996826,0.26181817054748535,0.8339616060256958,0.37532562017440796,0.12417864799499512,0.09307456016540527,0.16375362873077393,0.29123741388320923,7.060243092382734e-07,-0.12029656022787094,-0.1481623500585556,-0.13598118722438812,-0.126520574092865,-0.11447864770889282
dataset/3_70_jpg.rf.6d86d5e22cd1d4786536a204eb556b4d.jpg,3,0.09680601954460144,0.2815564274787903,0.5187157988548279,0.6584081649780273,0.6409260034561157,0.2442866563796997,0.6259034872055054,0.7317883968353271,0.12448781728744507,0.3099380135536194,0.5057904720306396,0.7343597412109375,1.6613450952718267e-06,-0.39712879061698914,-0.41842857003211975,-0.3569377362728119,-0.3560257852077484,-0.2888442277908325
dataset/4_158_jpg.rf.7ef30e011583f67ecf903587ecb93c87.jpg,4,0.3946734070777893,0.32391440868377686,0.5799877643585205,0.4142293930053711,0.3375709652900696,0.23050689697265625,0.8358826637268066,0.6117804050445557,0.1690240502357483,0.1105780303478241,0.16078248620033264,0.321300208568573,1.1203675285287318e-06,-0.1934860497713089,-0.2466040849685669,-0.23356208205223083,-0.2233288288116455,-0.19855539500713348
dataset/3_125_jpg.rf.fdc0d230fc29b17f32bc25add94c25a1.jpg,3,0.7785727977752686,0.6478782892227173,0.7554242014884949,0.6207392811775208,0.5022521615028381,0.6733497977256775,0.8206081986427307,0.5868034362792969,0.3327641487121582,0.32695162296295166,0.38227909803390503,0.6921435594558716,1.1193724276381545e-06,-0.02247980609536171,-0.0430418960750103,-0.04262666404247284,-0.15152356028556824,-0.10993149131536484
dataset/0_150_jpg.rf.c89686d4435f65e9ab5be17ff16c438e.jpg,0,0.49209970235824585,0.46780169010162354,0.46399644017219543,0.5187044739723206,0.5763692259788513,0.6368799209594727,0.5983636379241943,0.3101913034915924,0.3936745226383209,0.4240620732307434,0.4536080062389374,0.47140681743621826,-1.3485657746059587e-06,-0.09152041375637054,-0.10306873172521591,-0.06547745317220688,-0.01936182752251625,-0.01348136831074953
dataset/2_26_jpg.rf.e024524b9770558a5c5524c8a92a79ff.jpg,2,0.36993688344955444,0.28427040576934814,0.4278770089149475,0.3509064018726349,0.33007609844207764,0.29897040128707886,0.8532596230506897,0.5822267532348633,0.3404902219772339,0.3320588171482086,0.6455370783805847,0.714005172252655,1.2636130577448057e-06,-0.056249573826789856,-0.0056216055527329445,0.0010419118916615844,-0.10087274014949799,-0.11374729871749878
dataset/3_80_jpg.rf.092f9756f1f0e3e17b0e4824ca95f52c.jpg,3,0.6322435140609741,0.46161770820617676,0.5763527154922485,0.42536139488220215,0.2964751124382019,0.5107647776603699,0.7540892362594604,0.5022982358932495,0.21142703294754028,0.21637848019599915,0.28592169284820557,0.6230891942977905,1.181004336103797e-06,-0.0456053651869297,-0.0681215226650238,-0.07219136506319046,-0.1869242787361145,-0.1482260525226593
dataset/5_2_jpg.rf.48a61f00119417895ccba85d521b7220.jpg,5,0.621209979057312,0.8627500534057617,0.4969368577003479,0.36399346590042114,0.26001298427581787,0.20355981588363647,0.6683449745178223,0.2822420597076416,0.06490540504455566,0.06927788257598877,0.17244000732898712,0.3299664556980133,7.13049871592375e-07,-0.09804973006248474,-0.10738750547170639,-0.1170157939195633,-0.13631688058376312,-0.13787205517292023
dataset/5_164_jpg.rf.e6ddf1d8e06fdc21ad3a64054d4a71d7.jpg,5,0.6461834907531738,0.9251633286476135,0.5574524402618408,0.4243321418762207,0.3352729380130768,0.2676311433315277,0.8735500574111938,0.46023476123809814,0.2585778832435608,0.254753053188324,0.3415454626083374,0.4554075002670288,6.793927695980528e-07,-0.07071393728256226,-0.019793521612882614,-0.020720452070236206,-0.04691725969314575,-0.061285197734832764
dataset/0_15_jpg.rf.1d8e05f96879fd9d2b30e757268f0374.jpg,0,0.4884722828865051,0.8741246461868286,0.7048643827438354,0.6223751902580261,0.5366112589836121,0.468047559261322,0.5437490940093994,0.2868831157684326,0.38743025064468384,0.37930893898010254,0.35577672719955444,0.30852675437927246,-1.4914883195160655e-06,-0.1630374640226364,-0.21325920522212982,-0.1663157194852829,-0.08890396356582642,-0.06457186490297318
dataset/0_71_jpg.rf.eb2694c699bdce13ddb45d5427ba64e3.jpg,0,0.5060126781463623,0.45663633942604065,0.4883139133453369,0.44311487674713135,0.39804404973983765,0.3453897535800934,0.5833804607391357,0.31203725934028625,0.3950977325439453,0.4285149574279785,0.46456706523895264,0.48830896615982056,-7.708592875133036e-07,-0.07677924633026123,-0.10574755072593689,-0.07183682918548584,-0.026876753196120262,-0.012492143549025059
dataset/4_82_jpg.rf.4a8a260cc61aca4d3fce4823b48734c4.jpg,4,0.715213418006897,0.6680703163146973,0.8133055567741394,0.6150322556495667,0.42104852199554443,0.28212571144104004,0.7719142436981201,0.5240446925163269,0.14460432529449463,0.10972917079925537,0.18195728957653046,0.33475106954574585,1.3067538020550273e-06,-0.17420713603496552,-0.1782759130001068,-0.16337423026561737,-0.187251478433609,-0.1730179786682129
dataset/3_65_jpg.rf.aff60fa91a76c4a1f8493a1696f4d24a.jpg,3,0.5742527842521667,0.4978305697441101,0.6106080412864685,0.5443068146705627,0.4540867209434509,0.4866797924041748,0.8306930661201477,0.5641552209854126,0.3015574812889099,0.27928370237350464,0.3063421845436096,0.6686893105506897,8.8608595660844e-07,-0.0222488921135664,-0.05500265955924988,-0.04702988266944885,-0.15094758570194244,-0.0830298662185669
dataset/1_96_jpg.rf.cd45d0b73edac7450bbda76e11ef8f0f.jpg,1,0.49396130442619324,0.5279049873352051,0.5284404158592224,0.501703143119812,0.5346258282661438,0.5930883884429932,0.759709358215332,0.47718319296836853,0.2517760396003723,0.567459762096405,0.6239007115364075,0.6347534656524658,-3.165588395859231e-07,-0.09852977842092514,-0.09533020108938217,-0.09771191328763962,-0.05835586413741112,-0.06292324513196945
dataset/5_13_jpg.rf.ba6ae02b3644d8612b6c2cd758a56df3.jpg,5,0.3505224287509918,0.41521337628364563,0.589454174041748,0.6985902786254883,0.7313369512557983,0.7561070919036865,0.9034264087677002,0.44635289907455444,0.17575034499168396,0.2214677631855011,0.32617783546447754,0.5266478061676025,8.923353220779973e-07,-0.20364002883434296,-0.22607359290122986,-0.2026873081922531,-0.1859692931175232,-0.16945481300354004
dataset/3_17_jpg.rf.d533421d8f0207b5e20704faf1e41fda.jpg,3,0.5429871082305908,0.6661218404769897,0.47376924753189087,0.6635513305664062,0.7251991033554077,0.6262641549110413,0.8813794851303101,0.6875151991844177,0.22699478268623352,0.22179797291755676,0.30797138810157776,0.7347555756568909,5.674276621903118e-07,-0.1384306401014328,-0.1958840936422348,-0.1655554175376892,-0.20366376638412476,-0.15871502459049225
dataset/0_162_jpg.rf.51100d1735d0801bc068830151786fc5.jpg,0,0.4145343005657196,0.3652915954589844,0.39818820357322693,0.3553146719932556,0.30984070897102356,0.2626039385795593,0.42996710538864136,0.7021812200546265,0.6182950735092163,0.5806770324707031,0.5425394773483276,0.5120519399642944,-1.33835408178129e-06,-0.08279115706682205,-0.10075537115335464,-0.06769437342882156,-0.02513568475842476,-0.019059907644987106
dataset/0_105_jpg.rf.2900ba57fcc48566c0b53852925c200b.jpg,0,0.490933895111084,0.26666247844696045,0.32206979393959045,0.36638474464416504,0.41454678773880005,0.4562966227531433,0.3520289659500122,0.4982282519340515,0.40555039048194885,0.42667537927627563,0.45087432861328125,0.4944356381893158,-7.251020406329189e-07,-0.052451640367507935,-0.09315214306116104,-0.06332013756036758,-0.019331587478518486,-0.0032147185411304235
dataset/0_8_jpg.rf.8dcface5112473969011147ad74f4651.jpg,0,0.4523988962173462,0.8361142873764038,0.7036833763122559,0.664702296257019,0.6168651580810547,0.5799734592437744,0.5309550166130066,0.5911536812782288,0.599759042263031,0.560779869556427,0.5185016989707947,0.47686535120010376,-9.844517308010836e-07,-0.07388858497142792,-0.14051583409309387,-0.08716200292110443,-0.03524820879101753,-0.04248896986246109
dataset/2_162_jpg.rf.9c4c406ccdbd241933e29874cb0bd118.jpg,2,0.5293703079223633,0.6480960249900818,0.4819568991661072,0.6576209664344788,0.6037747859954834,0.6210489273071289,0.8130896091461182,0.5896109342575073,0.20426622033119202,0.22979098558425903,0.6137164831161499,0.6566675305366516,7.762306495351368e-07,-0.1335185170173645,-0.14956098794937134,-0.12047059834003448,-0.09726390242576599,-0.09698034822940826
dataset/3_177_jpg.rf.e9ade8f4c1f726635208d32386e02bb1.jpg,3,0.7125855088233948,0.5477423071861267,0.6699583530426025,0.3928963541984558,0.33505338430404663,0.5608993768692017,0.9745932817459106,0.9605789184570312,0.1275758147239685,0.19983461499214172,0.39172089099884033,0.9230327606201172,2.077978479064768e-06,-0.3875427544116974,-0.47705572843551636,-0.44448864459991455,-0.40462183952331543,-0.3092714548110962
dataset/5_32_jpg.rf.625bce636e37844877a8118c8185dbf4.jpg,5,0.488275408744812,0.7670940160751343,0.42920827865600586,0.28559410572052,0.1657908409833908,0.0736730694770813,0.9428005218505859,0.6230228543281555,0.44425493478775024,0.44379764795303345,0.5138728618621826,0.6288381218910217,7.882881050136348e-07,-0.08053708076477051,-0.04716522619128227,-0.040297478437423706,-0.07147321105003357,-0.08201390504837036
dataset/2_50_jpg.rf.b666f2f5b98baa96cfc53015aa11b386.jpg,2,0.5359766483306885,0.41242095828056335,0.5513409376144409,0.383243590593338,0.45246922969818115,0.43319880962371826,0.8547036647796631,0.5724470019340515,0.32810840010643005,0.334202378988266,0.6620660424232483,0.7082711458206177,1.2939040061610285e-06,-0.08244388550519943,-0.029827678576111794,-0.039784789085388184,-0.08728331327438354,-0.10096976161003113
dataset/1_146_jpg.rf.8eecab474205b2dcbfe1e3c788667839.jpg,1,0.1569683849811554,0.3617730140686035,0.6189707517623901,0.3323405981063843,0.26151272654533386,0.1931898444890976,0.2697014808654785,0.5370374321937561,0.7961292266845703,0.44322264194488525,0.41526269912719727,0.44316190481185913,1.830922542467306e-07,-0.21322336792945862,-0.21318165957927704,-0.1838168054819107,-0.13687469065189362,-0.13740737736225128
dataset/0_129_jpg.rf.1c4f2714454e88c1e62a7a53a6715118.jpg,0,0.35771259665489197,0.487981915473938,0.39959079027175903,0.4246934652328491,0.4472256898880005,0.4935845136642456,0.5096145868301392,0.7237288355827332,0.6800261735916138,0.634293794631958,0.5871674418449402,0.5491667985916138,-8.830518254399067e-07,-0.04280884191393852,-0.10478127747774124,-0.06028559058904648,-0.014896735548973083,0.0004474591987673193
dataset/5_49_jpg.rf.5996ff83a93b2df10dc0de6afbb71bba.jpg,5,0.4032766819000244,0.0863257348537445,0.4137444496154785,0.5562814474105835,0.6751498579978943,0.7714210152626038,0.7073829770088196,0.3645617663860321,0.07145491242408752,0.05010494589805603,0.13179121911525726,0.28643888235092163,7.298627906493493e-07,-0.11790429055690765,-0.11821089684963226,-0.1346016824245453,-0.1678474098443985,-0.16888655722141266
dataset/1_51_jpg.rf.cd620b2f02c454304898fdb09bb6b3f9.jpg,1,0.4500821530818939,0.5986104011535645,0.7622125744819641,0.5349125266075134,0.5352146029472351,0.5650660991668701,0.8628036975860596,0.6084694266319275,0.3493328094482422,0.6809098124504089,0.7433357238769531,0.7935400605201721,-2.782478532026289e-07,-0.1447165161371231,-0.16126155853271484,-0.16231903433799744,-0.11966679245233536,-0.11820976436138153
dataset/4_43_jpg.rf.22989ee0b67539e5d4343919dac5e1ea.jpg,4,0.6532778739929199,0.582876980304718,0.6602941751480103,0.49079063534736633,0.3432595729827881,0.24365153908729553,0.8576207160949707,0.5290729999542236,0.12805131077766418,0.10784804821014404,0.20258504152297974,0.35441282391548157,1.0295104857505066e-06,-0.09438737481832504,-0.09157587587833405,-0.08239258080720901,-0.11635833978652954,-0.11416031420230865
dataset/2_20_jpg.rf.b306772815c76d6fa93024b93d7043d2.jpg,2,0.6746180653572083,0.5791921019554138,0.7278817892074585,0.5459349155426025,0.6125243902206421,0.5815759897232056,0.7843769788742065,0.4913845360279083,0.25058436393737793,0.24637240171432495,0.5850089192390442,0.6222102642059326,1.1684247738230624e-06,-0.07556985318660736,-0.05471409112215042,-0.07165094465017319,-0.1029038056731224,-0.1013224720954895
dataset/4_65_jpg.rf.ec616c13a7432213004e0d935c1e1abc.jpg,4,0.3493209779262543,0.5741559267044067,0.6821882724761963,0.7829408049583435,0.8390401601791382,0.8187156915664673,0.8583078384399414,0.7075809240341187,0.4036199152469635,0.49039435386657715,0.6435449719429016,0.809061586856842,6.070399649615865e-07,-0.0456869937479496,-0.039172932505607605,-0.038262173533439636,-0.08644693344831467,-0.09571622312068939
dataset/2_135_jpg.rf.7fa1b17a33d3a37663dcdcefc6e28ac9.jpg,2,0.6446132063865662,0.4708823561668396,0.6105932593345642,0.36490702629089355,0.5078707337379456,0.5056906342506409,0.8930227756500244,0.8171002268791199,0.2177683413028717,0.28022947907447815,0.7640339732170105,0.8380312919616699,1.9553679067030316e-06,-0.32300877571105957,-0.4156930148601532,-0.4032282531261444,-0.25162965059280396,-0.21559102833271027
dataset/2_57_jpg.rf.acbba098571da5a0fa3c05856e0803e5.jpg,2,0.3979838788509369,0.2619815468788147,0.3651463985443115,0.28645777702331543,0.32390111684799194,0.31248939037323,0.8484610319137573,0.5903721451759338,0.3437381982803345,0.3410723805427551,0.6581953167915344,0.7184169292449951,1.0929888958344236e-06,-0.04105296730995178,-0.0063195484690368176,-0.00032564764842391014,-0.08942676335573196,-0.10189471393823624
dataset/0_149_jpg.rf.af8165c3393fdbddbadc7ce14a9bbd04.jpg,0,0.4536372423171997,0.5065500736236572,0.5071512460708618,0.45905786752700806,0.4125881791114807,0.3631211221218109,0.6414278745651245,0.31511208415031433,0.42106547951698303,0.4523852467536926,0.4851275384426117,0.5036391019821167,-7.919870768091641e-07,-0.05382385849952698,-0.0868753120303154,-0.07597909867763519,-0.029525015503168106,-0.013474703766405582
dataset/2_124_jpg.rf.6c6bc9112696e05e87257370e93b1182.jpg,2,0.40916773676872253,0.22645027935504913,0.34621667861938477,0.17360255122184753,0.289607435464859,0.2670346796512604,0.8667514324188232,0.6089648604393005,0.33782249689102173,0.359815776348114,0.6811482906341553,0.7331616878509521,1.317039050263702e-06,-0.09229442477226257,-0.009330898523330688,-0.004673691466450691,-0.07967106252908707,-0.09443478286266327
dataset/1_101_jpg.rf.4505df7b307673465d48644ba6c5e58e.jpg,1,0.5108855366706848,0.49401384592056274,0.4524132013320923,0.49503204226493835,0.4684150218963623,0.41152989864349365,0.8692619800567627,0.5687929391860962,0.32019543647766113,0.6718072891235352,0.7280802726745605,0.7424952983856201,-6.131432428446715e-08,-0.11299683898687363,-0.11301148682832718,-0.1326528936624527,-0.08221833407878876,-0.07270944863557816
dataset/1_191_jpg.rf.25c7aa402a0e1819c710c98b4bc0d7ea.jpg,1,0.4994443356990814,0.49482250213623047,0.4808961749076843,0.5023363828659058,0.4670681059360504,0.40407416224479675,0.8614470958709717,0.502627432346344,0.2493807077407837,0.6181749105453491,0.6803081035614014,0.6898407936096191,-8.394081163487499e-08,-0.0934033915400505,-0.062494974583387375,-0.08095774799585342,-0.04594593122601509,-0.042225778102874756
dataset/1_3_jpg.rf.f91fa755c39bd7cd3a71a71a80a0afdd.jpg,1,0.05127894878387451,0.3506258428096771,0.6438865065574646,0.2918880581855774,0.21400047838687897,0.20182102918624878,0.49293753504753113,0.5611867308616638,0.5256604552268982,0.5236648321151733,0.5595200657844543,0.6278811693191528,-1.2282998795853928e-07,-0.14925456047058105,-0.1304311454296112,-0.14145922660827637,-0.09582889080047607,-0.09099945425987244
dataset/3_136_jpg.rf.80acbfdacc516f16ada239127c6b78da.jpg,3,0.4068998396396637,0.5143817663192749,0.42067256569862366,0.5686607360839844,0.6860698461532593,0.5091040730476379,0.8233385682106018,0.5277860760688782,0.17326462268829346,0.17412835359573364,0.26351916790008545,0.6527873873710632,3.088259745709365e-07,-0.0676872655749321,-0.06763586401939392,-0.08197665959596634,-0.16090986132621765,-0.14055901765823364
dataset/4_109_jpg.rf.ac66585338da6c92a31236fb2bcea519.jpg,4,0.5960588455200195,0.4405980408191681,0.37241142988204956,0.25161418318748474,0.23289570212364197,0.22262683510780334,0.6874390840530396,0.5846707224845886,0.084737628698349,0.15226343274116516,0.24986669421195984,0.4343230426311493,9.661648618930485e-07,-0.13895127177238464,-0.16358326375484467,-0.15506795048713684,-0.15172676742076874,-0.13289469480514526
dataset/0_178_jpg.rf.0bc92830d754c7774710171f5887541e.jpg,0,0.618593156337738,0.25413399934768677,0.41252273321151733,0.4908960163593292,0.5621882677078247,0.6250404119491577,0.5387450456619263,0.3000381290912628,0.38855165243148804,0.37924349308013916,0.3633742332458496,0.3091576099395752,-1.645037514208525e-06,-0.1854362189769745,-0.18383479118347168,-0.15028634667396545,-0.0680878609418869,-0.050022438168525696
dataset/2_159_jpg.rf.485cab5ecb4d42c2d9bf7efe9ea54e22.jpg,2,0.5867735743522644,0.5216687321662903,0.5711374282836914,0.41736602783203125,0.5303621292114258,0.5078043341636658,0.8702654838562012,0.5725958943367004,0.27639240026474,0.284248948097229,0.676020622253418,0.7328513264656067,8.573958893975941e-07,-0.08492442220449448,-0.06693212687969208,-0.09698168188333511,-0.09580234438180923,-0.09682659804821014
dataset/2_6_jpg.rf.53d5cb19a4556467bfc8a777f2f681ab.jpg,2,0.4716746509075165,0.6370788812637329,0.4968603849411011,0.6805142164230347,0.5745236873626709,0.5967867970466614,0.82882159948349,0.5414212346076965,0.2680976688861847,0.27254825830459595,0.6261155009269714,0.67880779504776,1.2810265843654633e-06,-0.10567934811115265,-0.06987161934375763,-0.09826825559139252,-0.11180286854505539,-0.12362518161535263
dataset/4_145_jpg.rf.f360ed7349b957ab9764170adef6f1f0.jpg,4,0.31769615411758423,0.4508328437805176,0.6142712831497192,0.6870589256286621,0.7009695768356323,0.6883693337440491,0.7464054226875305,0.5773359537124634,0.18217873573303223,0.19056928157806396,0.27777791023254395,0.40063247084617615,9.27512985526846e-07,-0.11606445908546448,-0.15273666381835938,-0.14176450669765472,-0.14225086569786072,-0.1382301151752472
dataset/0_111_jpg.rf.078ce225832faebde55240b57c993a18.jpg,0,0.49913811683654785,0.5563602447509766,0.5563993453979492,0.49876636266708374,0.43306073546409607,0.36446672677993774,0.5875186920166016,0.2898668944835663,0.3763013184070587,0.3996709883213043,0.42904624342918396,0.4454295039176941,-8.740001362639305e-07,-0.0789957046508789,-0.1132880449295044,-0.07599614560604095,-0.026195403188467026,-0.010480283759534359
dataset/0_176_jpg.rf.abdfc3af6196f169397f328be9185ca3.jpg,0,0.44857534766197205,0.353512704372406,0.36750656366348267,0.4358314275741577,0.5006151795387268,0.5585412979125977,0.7077800035476685,0.3896085023880005,0.45785707235336304,0.48695075511932373,0.5148447751998901,0.5425462126731873,-1.5333635019487701e-06,-0.12048245221376419,-0.13140422105789185,-0.0931362435221672,-0.03734251856803894,-0.03451407700777054
dataset/4_102_jpg.rf.9c4b63b9ab3b183a105ce44dd7959ed6.jpg,4,0.2724691927433014,0.3036242723464966,0.16644419729709625,0.36631351709365845,0.5688497424125671,0.7042893171310425,0.8177486658096313,0.5723267197608948,0.19230547547340393,0.17084431648254395,0.2424917370080948,0.38865041732788086,7.516729851886339e-07,-0.13712769746780396,-0.1442033052444458,-0.14688065648078918,-0.19041873514652252,-0.19071555137634277
dataset/3_126_jpg.rf.7b8a9d747aaae24ac4c7c09e293c0b90.jpg,3,0.6961545348167419,0.5406956076622009,0.661693811416626,0.5093006491661072,0.38491004705429077,0.575896680355072,0.6439083814620972,0.38271135091781616,0.1123436689376831,0.10088939964771271,0.16714540123939514,0.4913429617881775,1.0482416428203578e-06,-0.036683712154626846,-0.04017704352736473,-0.0584447868168354,-0.1551218181848526,-0.11197303980588913
dataset/4_122_jpg.rf.f86ee86f111c531afa387a3701ba9df2.jpg,4,0.5876657962799072,0.488089382648468,0.6211472153663635,0.42477691173553467,0.238456591963768,0.1276082992553711,0.7884703874588013,0.5585459470748901,0.19440841674804688,0.1748526692390442,0.25658419728279114,0.40492382645606995,1.2079132147846394e-06,-0.15838906168937683,-0.1581455022096634,-0.14358338713645935,-0.16692884266376495,-0.15366598963737488
dataset/5_147_jpg.rf.6980e82093e84a9dd9f6443ef3700cd1.jpg,5,0.5971001386642456,0.9315775632858276,0.5618809461593628,0.4184238910675049,0.298525869846344,0.22234883904457092,0.8063434958457947,0.44859516620635986,0.13940393924713135,0.12098130583763123,0.22183190286159515,0.37816864252090454,8.736791414776235e-07,-0.16703134775161743,-0.16630180180072784,-0.1696431189775467,-0.1788979321718216,-0.1754738837480545
dataset/4_22_jpg.rf.8b00ec1040d23d971b3a236ea492558a.jpg,4,0.7284190654754639,0.5829885005950928,0.3244243860244751,0.2485194355249405,0.24483777582645416,0.26570701599121094,0.7575569748878479,0.6927230358123779,0.25217294692993164,0.2812877297401428,0.3919232189655304,0.5762503147125244,1.2178193173895124e-06,-0.24528992176055908,-0.27639228105545044,-0.2524411082267761,-0.23025448620319366,-0.19943591952323914
dataset/0_172_jpg.rf.46e63fcf9e2703b59cc6cd513f781f6a.jpg,0,0.3319805860519409,0.7793349623680115,0.5826451778411865,0.5141089558601379,0.43898865580558777,0.3813578486442566,0.6732519268989563,0.4880616366863251,0.5543739795684814,0.5329060554504395,0.5039902925491333,0.44715142250061035,-1.158770828624256e-06,-0.1995064914226532,-0.23673012852668762,-0.17518866062164307,-0.09756426513195038,-0.0658486858010292
dataset/5_76_jpg.rf.f370657af7e38594343bc8514f996c87.jpg,5,0.47092440724372864,0.881854772567749,0.6259613037109375,0.5103942155838013,0.3630804419517517,0.24107149243354797,0.7856487035751343,0.5170869827270508,0.18459215760231018,0.12402081489562988,0.1580200493335724,0.24444396793842316,9.456414886699349e-07,-0.07861386984586716,-0.029258301481604576,-0.03344053402543068,-0.07137832790613174,-0.07742325216531754
dataset/5_168_jpg.rf.548a92361be957781352f468971d7d95.jpg,5,0.36475592851638794,0.1633797287940979,0.5557363033294678,0.6880593299865723,0.7747758626937866,0.8229448795318604,0.8629087209701538,0.39563125371932983,0.2444922924041748,0.2725893259048462,0.37069258093833923,0.5094617009162903,6.922655302332714e-07,-0.04636240005493164,-0.019757170230150223,-0.016502248123288155,-0.05158768594264984,-0.0684547871351242
dataset/5_16_jpg.rf.580618269eec8ce82727b825872a488c.jpg,5,0.5886444449424744,0.9342012405395508,0.5971085429191589,0.4450010061264038,0.3125464916229248,0.20256012678146362,0.557158887386322,0.25289520621299744,0.05471113324165344,0.03992755711078644,0.09630322456359863,0.19762617349624634,8.049089501582785e-07,-0.07982967793941498,-0.041352707892656326,-0.036030881106853485,-0.06791040301322937,-0.08069956302642822
dataset/2_55_jpg.rf.01c91114d214125efde0e0a07481c752.jpg,2,0.536715567111969,0.37621018290519714,0.5135682821273804,0.3335936665534973,0.4359310567378998,0.40590229630470276,0.83251953125,0.5456351041793823,0.26763826608657837,0.2777756154537201,0.6294270157814026,0.6834369897842407,1.6186411357921315e-06,-0.12129882723093033,-0.006535487715154886,-0.00456002913415432,-0.09455615282058716,-0.12149165570735931
dataset/0_67_jpg.rf.c61abe4b90905feb8ad6be0fc58628fe.jpg,0,0.46719419956207275,0.6690735220909119,0.597939133644104,0.6167639493942261,0.6230884194374084,0.6347141265869141,0.6659235954284668,0.17808233201503754,0.3728332817554474,0.4329144358634949,0.504591166973114,0.5502844452857971,-1.5298994640033925e-06,-0.05618834123015404,-0.0741875097155571,-0.04999839514493942,-0.026787016540765762,-0.03800105303525925
dataset/1_162_jpg.rf.3140328714bc317849ee8005f5132b1b.jpg,1,0.5021732449531555,0.5125329494476318,0.5231747627258301,0.49857276678085327,0.5351191163063049,0.6013707518577576,0.8601641654968262,0.5036628842353821,0.25085049867630005,0.6136413216590881,0.6788903474807739,0.6916453242301941,-3.3345042993460083e-07,-0.09850720316171646,-0.06875873357057571,-0.08694777637720108,-0.04858066141605377,-0.053989484906196594
dataset/1_69_jpg.rf.8cab17d6934b4918af5805b9ec5aed93.jpg,1,0.07843375205993652,0.37398791313171387,0.7196263074874878,0.3343086242675781,0.24418622255325317,0.22219257056713104,0.44858407974243164,0.5645292401313782,0.5139455795288086,0.5199031829833984,0.5395278930664062,0.6055213212966919,-4.831980859876239e-08,-0.1754124015569687,-0.15422672033309937,-0.15952065587043762,-0.1169591173529625,-0.10392215847969055
dataset/5_9_jpg.rf.a0db5fa01eb50e1478ceec5dbaae068d.jpg,5,0.6088848114013672,0.9539796710014343,0.6060658693313599,0.4670001268386841,0.34359174966812134,0.2622181177139282,0.7458013296127319,0.39878109097480774,0.08120319247245789,0.051237642765045166,0.1427108198404312,0.2935076057910919,8.543326543986041e-07,-0.14431051909923553,-0.14634433388710022,-0.157521590590477,-0.17195020616054535,-0.17151017487049103
dataset/0_136_jpg.rf.5e96309c8b8d30b2e0bcfabce663b771.jpg,0,0.44609197974205017,0.48317500948905945,0.392068088054657,0.45183733105659485,0.5069700479507446,0.5691002607345581,0.7295249700546265,0.29916319251060486,0.35321640968322754,0.3763491213321686,0.4387315511703491,0.4747692942619324,-1.1302018947390025e-06,-0.1182597354054451,-0.13073359429836273,-0.07117431610822678,-0.039372630417346954,-0.031052134931087494
dataset/0_20_jpg.rf.cd4455e7d52adbc5ee02dd9116da1074.jpg,0,0.5187017917633057,0.5641792416572571,0.5914782285690308,0.5310127139091492,0.45824965834617615,0.3942411243915558,0.7249783277511597,0.290044903755188,0.40561410784721375,0.44646167755126953,0.4948444962501526,0.5272805094718933,-9.182384133055166e-07,-0.16535629332065582,-0.1596287190914154,-0.09823877364397049,-0.03177332133054733,-0.001510998816229403
dataset/4_106_jpg.rf.5572ad4ccff7ed63bf2a455b8673847b.jpg,4,0.3500751852989197,0.3822205662727356,0.33648109436035156,0.4920356869697571,0.6338286995887756,0.7386105060577393,0.9713828563690186,0.6440709829330444,0.2383490800857544,0.21439683437347412,0.2926167845726013,0.4372137188911438,6.546327995238244e-07,-0.08910298347473145,-0.0741153284907341,-0.07903112471103668,-0.1219276487827301,-0.12714195251464844
dataset/2_132_jpg.rf.f9bd97c10348b0d6d7c91871d3caafad.jpg,2,0.551162600517273,0.5517193078994751,0.6399061679840088,0.5286754965782166,0.5454918742179871,0.5112127065658569,0.8411104679107666,0.5615432262420654,0.37031733989715576,0.34373313188552856,0.6708976626396179,0.7060673236846924,9.566043672748492e-07,-0.05805237963795662,-0.04376901686191559,-0.0594223216176033,-0.0717342346906662,-0.07264888286590576
dataset/5_73_jpg.rf.1b6d601682e8686b1a2fecbffb80c888.jpg,5,0.4813045561313629,0.6057920455932617,0.49653398990631104,0.430406391620636,0.3780778646469116,0.33549660444259644,0.8814393281936646,0.417260080575943,0.15545868873596191,0.1118173897266388,0.17114466428756714,0.29310864210128784,6.031958719177055e-07,-0.11196155101060867,-0.15277932584285736,-0.15362992882728577,-0.1447267085313797,-0.1382693648338318
dataset/3_74_jpg.rf.1d1f26f917291c4a0ad029c8e87e7b26.jpg,3,0.5814935564994812,0.4884900152683258,0.5957977771759033,0.47238391637802124,0.35533803701400757,0.4823671281337738,0.8904620409011841,0.5866576433181763,0.2867777645587921,0.2794025242328644,0.350979745388031,0.7311718463897705,1.002837279884261e-06,-0.02051379159092903,-0.024769829586148262,-0.023329056799411774,-0.11799602210521698,-0.08285094052553177
dataset/4_67_jpg.rf.aa894decc83406d35ca8455869bf1f40.jpg,4,0.5153346657752991,0.46365147829055786,0.4749564528465271,0.29132479429244995,0.15286800265312195,0.07146668434143066,0.8170052766799927,0.5647411942481995,0.14451998472213745,0.14453163743019104,0.27252906560897827,0.467816025018692,1.111877622861357e-06,-0.19399844110012054,-0.21658867597579956,-0.20514509081840515,-0.21426308155059814,-0.20365016162395477
dataset/5_17_jpg.rf.e06b0d1efb4aa3938e54794c890f8189.jpg,5,0.43297985196113586,0.12713617086410522,0.4859189987182617,0.6265524625778198,0.7470753192901611,0.8135802745819092,0.8105714321136475,0.4771372079849243,0.18664628267288208,0.18229839205741882,0.2760358452796936,0.4256497323513031,8.409159590883064e-07,-0.13532383739948273,-0.12837053835391998,-0.13386401534080505,-0.15860171616077423,-0.15768559277057648
dataset/1_123_jpg.rf.748817943071d7e6314bc2c225e3397d.jpg,1,0.7378553152084351,0.6578558683395386,0.6071098446846008,0.6976007223129272,0.6874688863754272,0.6728072762489319,0.8363409638404846,0.7514307498931885,0.28810304403305054,0.7157056927680969,0.7673941850662231,0.8164170980453491,4.646966260679619e-07,-0.17514903843402863,-0.1914297640323639,-0.1491118222475052,-0.10703051835298538,-0.10515997558832169
dataset/5_138_jpg.rf.560303691aa433904f272ec6717289fa.jpg,5,0.2412583827972412,0.689454197883606,0.47366461157798767,0.35273095965385437,0.16384676098823547,0.026229023933410645,0.8155390024185181,0.5258562564849854,0.18504124879837036,0.10439851880073547,0.13240903615951538,0.22723707556724548,1.1363548537701718e-06,-0.0959441140294075,-0.0634806901216507,-0.06338657438755035,-0.1034962609410286,-0.10876017063856125
dataset/3_60_jpg.rf.62bbca432f5796f43b9c70c2718b9ef3.jpg,3,0.4116828441619873,0.5142992734909058,0.4087289273738861,0.53882896900177,0.6545721292495728,0.5345637202262878,0.8959853649139404,0.5815531015396118,0.28038033843040466,0.2777501046657562,0.3517630398273468,0.7218409180641174,5.373158842303383e-07,-0.013487894088029861,-0.0006794581422582269,-0.02141229622066021,-0.11231626570224762,-0.09661447256803513
dataset/2_116_jpg.rf.dc737bcc9e8f139bd685caa8c6b9691d.jpg,2,0.5565176606178284,0.42138978838920593,0.36824727058410645,0.21795931458473206,0.4221792221069336,0.43802013993263245,0.806477427482605,0.7803549766540527,0.33968520164489746,0.5104984045028687,0.7187352180480957,0.781113862991333,1.19461685699207e-06,-0.17556478083133698,-0.20596587657928467,-0.1893746256828308,-0.14127607643604279,-0.12625625729560852
dataset/1_180_jpg.rf.cdba18f8559f0ce3a2bcd9282b28f749.jpg,1,0.43631041049957275,0.6322722434997559,0.8060929775238037,0.6017371416091919,0.600039005279541,0.6131505966186523,0.7187322378158569,0.7144086956977844,0.16859933733940125,0.6666338443756104,0.7222275733947754,0.7625694274902344,1.481065794450842e-07,-0.2285284399986267,-0.283966988325119,-0.18808260560035706,-0.1175447553396225,-0.11851100623607635
dataset/0_47_jpg.rf.b43c5c963dbbec96da6c7348e9e52ca2.jpg,0,0.4161352515220642,0.3512321412563324,0.34922897815704346,0.4174763858318329,0.49231404066085815,0.5605087280273438,0.7728167772293091,0.35943883657455444,0.466248482465744,0.4881049692630768,0.5300334095954895,0.5665583610534668,-1.6810217857710086e-06,-0.1459345817565918,-0.1397973895072937,-0.11048080772161484,-0.03914392739534378,-0.025511445477604866
dataset/5_78_jpg.rf.e4af0902cf5d557387afd3fabce42377.jpg,5,0.6341389417648315,0.7506040334701538,0.3456544876098633,0.20982599258422852,0.15263763070106506,0.13901156187057495,0.8444957733154297,0.33576077222824097,0.2707348167896271,0.3265816867351532,0.4503970742225647,0.5887831449508667,5.936743150414259e-07,-0.07256784290075302,-0.03803268447518349,-0.04652778431773186,-0.07044831663370132,-0.07390229403972626
dataset/5_163_jpg.rf.e97ebe99e963f2377f71889ea3af47a5.jpg,5,0.6619608402252197,0.7385742664337158,0.6228899359703064,0.4843234121799469,0.4263302683830261,0.3531920313835144,0.8893502950668335,0.4098946452140808,0.12857586145401,0.13989752531051636,0.21974259614944458,0.40176716446876526,7.410502007587638e-07,-0.16174621880054474,-0.1991608589887619,-0.18938025832176208,-0.18062590062618256,-0.17382539808750153
dataset/0_69_jpg.rf.2d30a29433c529e3e4d1b57748c58b0e.jpg,0,0.5271651744842529,0.7227789163589478,0.6364562511444092,0.6603649258613586,0.6739640831947327,0.691307008266449,0.4709983170032501,0.7080037593841553,0.6427477598190308,0.5961463451385498,0.5443973541259766,0.49629420042037964,-8.020217592275003e-07,-0.10035745054483414,-0.13833263516426086,-0.11736785620450974,-0.06626049429178238,-0.05577946826815605
dataset/2_179_jpg.rf.632a42f511b6d00784b8f2049dd5caf8.jpg,2,0.5862855911254883,0.46390166878700256,0.6012287735939026,0.4181395173072815,0.5076797604560852,0.478084534406662,0.7161254286766052,0.43409931659698486,0.1898370087146759,0.19455833733081818,0.5290917158126831,0.5662664771080017,1.2391624295560177e-06,-0.0814046785235405,-0.06460064649581909,-0.07971686124801636,-0.10338938981294632,-0.09911057353019714
dataset/4_10_jpg.rf.2c1b2b650441c5dffa395d25dcdc9b04.jpg,4,0.5441979765892029,0.48283684253692627,0.725257158279419,0.5617737770080566,0.5046234130859375,0.3892737030982971,0.8675843477249146,0.642163097858429,0.21681037545204163,0.159272700548172,0.19925233721733093,0.347751647233963,1.0321351737729856e-06,-0.14864936470985413,-0.201013445854187,-0.18955062329769135,-0.1850976049900055,-0.16373062133789062
dataset/3_87_jpg.rf.852b931604e04fa10403bef4cedaf181.jpg,3,0.6512179970741272,0.7083186507225037,0.37004485726356506,0.5513016581535339,0.629063606262207,0.6982375383377075,0.8146380186080933,0.5255410075187683,0.17208516597747803,0.0517595112323761,0.08011424541473389,0.5748812556266785,8.688681418789201e-07,-0.2723977565765381,-0.3220607340335846,-0.26564136147499084,-0.2752072811126709,-0.20457880198955536
dataset/4_69_jpg.rf.5378048a0c3798dcd7cbd186791d6bea.jpg,4,0.2760184109210968,0.31213831901550293,0.18110129237174988,0.37737756967544556,0.5778330564498901,0.7112836241722107,0.8531144857406616,0.621374785900116,0.24106115102767944,0.2204844057559967,0.29173868894577026,0.43171241879463196,7.273050073308696e-07,-0.13695946335792542,-0.14258450269699097,-0.14599500596523285,-0.18761217594146729,-0.1871858388185501
dataset/3_120_jpg.rf.a290a2d8fb2ef2c3c1e0fe01a493f548.jpg,3,0.5602282285690308,0.6428640484809875,0.4580984115600586,0.6164206266403198,0.6734331250190735,0.628079354763031,0.8852573037147522,0.680938720703125,0.25871407985687256,0.2229255735874176,0.2976052761077881,0.6834507584571838,5.95045207774092e-07,-0.15665164589881897,-0.19806642830371857,-0.17467331886291504,-0.19415295124053955,-0.15076421201229095
dataset/4_165_jpg.rf.73890e92731f0fef6eb229129b28e754.jpg,4,0.614151120185852,0.5876561999320984,0.6554170846939087,0.4946352541446686,0.36889779567718506,0.26354527473449707,0.9699349999427795,0.6143255829811096,0.2745450735092163,0.24646657705307007,0.31335166096687317,0.43478065729141235,9.232180104845611e-07,-0.052503809332847595,0.03729444369673729,0.06929304450750351,0.008781841024756432,-0.02320868894457817
dataset/2_81_jpg.rf.0b11f27061c7870dd6279c8218f78a51.jpg,2,0.27867037057876587,0.2786857783794403,0.5002892017364502,0.4244227111339569,0.2875518202781677,0.2308279275894165,0.8611689805984497,0.5793415307998657,0.3621818423271179,0.3390747904777527,0.6442805528640747,0.7058543562889099,1.505017394265451e-06,-0.0858922004699707,-0.035635579377412796,-0.04044719040393829,-0.1212461069226265,-0.1351248323917389
dataset/0_173_jpg.rf.7bcc8eb25fd9cb349d1c54f5abe32b03.jpg,0,0.6859049797058105,0.28350651264190674,0.45460066199302673,0.5439332723617554,0.6153117418289185,0.6644724011421204,0.6019123792648315,0.37872612476348877,0.45126956701278687,0.444966584444046,0.4260828197002411,0.35941576957702637,-1.6968213003565324e-06,-0.24747589230537415,-0.20862305164337158,-0.18033060431480408,-0.1006004735827446,-0.07934381812810898
dataset/5_52_jpg.rf.8e0543b95959ef306ebc7a17c041cb8b.jpg,5,0.458712637424469,0.7854326367378235,0.4413771331310272,0.3713375926017761,0.31324100494384766,0.2626694440841675,0.735897421836853,0.4694550037384033,0.29832059144973755,0.27505576610565186,0.31026774644851685,0.36531347036361694,8.615182309767988e-07,-0.04287358373403549,0.03107801266014576,0.013709724880754948,-0.013500095345079899,-0.015990860760211945
dataset/5_85_jpg.rf.18a32e006e1caa37f01bc47791f5bb25.jpg,5,0.5679855346679688,0.912265419960022,0.5723887085914612,0.4204840064048767,0.2892123758792877,0.17292973399162292,0.724502444267273,0.4171518087387085,0.2085883617401123,0.19525286555290222,0.2560381293296814,0.36116787791252136,9.55208975028654e-07,-0.07677330821752548,-0.016841184347867966,-0.017798934131860733,-0.059464164078235626,-0.07943587005138397
dataset/0_101_jpg.rf.9b10402185595d8f3f96e9465c0802e1.jpg,0,0.5389933586120605,0.4082806706428528,0.4281454086303711,0.3942628800868988,0.3691410720348358,0.33304697275161743,0.7605760097503662,0.15824903547763824,0.389303058385849,0.4507140815258026,0.5379098653793335,0.6080938577651978,-8.308440442306164e-07,-0.04588020592927933,-0.09891147166490555,-0.05975032225251198,-0.00512368930503726,0.011120028793811798
dataset/1_20_jpg.rf.90c033ad697a4574a66525dcf66a2720.jpg,1,0.7871185541152954,0.6636664867401123,0.35489699244499207,0.662003219127655,0.7731578350067139,0.8571170568466187,0.8881278038024902,0.6144781708717346,0.2630889415740967,0.6262890100479126,0.729411244392395,0.7190182209014893,1.8712997018610622e-07,-0.29751020669937134,-0.3313101530075073,-0.308626651763916,-0.22110514342784882,-0.21620769798755646
dataset/4_35_jpg.rf.6285511b731633eb2ac08d63b02348aa.jpg,4,0.6632209420204163,0.4387539029121399,0.3323880732059479,0.22353674471378326,0.1745683252811432,0.18751345574855804,0.8463139533996582,0.7000952363014221,0.3930523991584778,0.4885264039039612,0.6274117827415466,0.7922850847244263,7.251516649375844e-07,-0.0930580124258995,-0.07130108773708344,-0.05501434579491615,-0.07929176092147827,-0.07955976575613022
dataset/2_161_jpg.rf.9d401979eb7cf97684beafaa5e38ce89.jpg,2,0.48709428310394287,0.40470731258392334,0.5787341594696045,0.39690616726875305,0.4193214178085327,0.396365761756897,0.8214529752731323,0.6095180511474609,0.2750997841358185,0.27330970764160156,0.5808072686195374,0.6287509799003601,8.910535598261049e-07,-0.13213171064853668,-0.14469905197620392,-0.12990471720695496,-0.10286225378513336,-0.09009142965078354
dataset/1_99_jpg.rf.429609e8b37aab9fea906dd1127767db.jpg,1,0.955096960067749,0.6477317810058594,0.36194345355033875,0.7002251744270325,0.7936820983886719,0.8087100386619568,0.4938458800315857,0.5501968860626221,0.5141919255256653,0.5271897912025452,0.5522791743278503,0.6223432421684265,1.0431874386540585e-07,-0.14134283363819122,-0.12097219377756119,-0.13729968667030334,-0.09293754398822784,-0.07717205584049225
dataset/0_120_jpg.rf.06073adf19bffb20f3b8ce2fbadc2b25.jpg,0,0.3727257251739502,0.5822203755378723,0.5252464413642883,0.551062285900116,0.5451325178146362,0.5529606938362122,0.5894106030464172,0.2986181378364563,0.2987089455127716,0.36175739765167236,0.4454566538333893,0.49946367740631104,-1.2284474451007554e-06,-0.06533103436231613,-0.07932760566473007,-0.05302829295396805,-0.038058847188949585,-0.042507875710725784
dataset/4_4_jpg.rf.17817d6a45093324efe7e1c192e32b08.jpg,4,0.5638211369514465,0.4589233696460724,0.5960870981216431,0.3896859288215637,0.19507262110710144,0.07432788610458374,0.7998567819595337,0.5685178637504578,0.18569648265838623,0.1685093343257904,0.25578057765960693,0.41110172867774963,1.3315683418113622e-06,-0.17843230068683624,-0.18457183241844177,-0.16690103709697723,-0.1927558183670044,-0.180588036775589
dataset/2_185_jpg.rf.7a5203fb9f473c4a024e919a8629f5da.jpg,2,0.4682641625404358,0.6392297148704529,0.4970661997795105,0.6800646781921387,0.5782209634780884,0.5945028066635132,0.8297970294952393,0.5378241539001465,0.26326724886894226,0.2684181034564972,0.630734920501709,0.6865772604942322,1.6084558183138142e-06,-0.15110662579536438,-0.04246890917420387,-0.05433886870741844,-0.12770621478557587,-0.1552857607603073
dataset/1_67_jpg.rf.3697d27e48ac76fde46f8a5b7b32e660.jpg,1,0.3819810450077057,0.5401760339736938,0.5747940540313721,0.49352332949638367,0.496052622795105,0.5574062466621399,0.9028350710868835,0.6247057914733887,0.282379150390625,0.6591070890426636,0.7603818774223328,0.7908128499984741,9.156873481686034e-09,-0.2195320576429367,-0.22035568952560425,-0.23107083141803741,-0.1668418049812317,-0.14428278803825378
dataset/1_125_jpg.rf.fd55b655f0b5a2714802fc8f9bc84993.jpg,1,0.5994947552680969,0.46339520812034607,0.2513403594493866,0.47942739725112915,0.5028557777404785,0.5097678303718567,0.8711954951286316,0.7981483936309814,0.4357730746269226,0.765993058681488,0.8424156308174133,0.89901202917099,5.528145834432507e-07,-0.20056240260601044,-0.21548885107040405,-0.18738815188407898,-0.13219735026359558,-0.11069951951503754
dataset/3_101_jpg.rf.68e7876e2c189ba0ff5482cc5c0f3d42.jpg,3,0.40653401613235474,0.5061196684837341,0.41839513182640076,0.5577373504638672,0.6706523895263672,0.5032327771186829,0.8353518843650818,0.5415858030319214,0.1950523555278778,0.19273951649665833,0.2809401750564575,0.6669488549232483,3.239878765270987e-07,-0.06088337302207947,-0.057848744094371796,-0.07557985186576843,-0.1559152454137802,-0.13719046115875244
dataset/1_36_jpg.rf.4fe5918dfcff9060ac4746a32844e6d0.jpg,1,0.6936561465263367,0.5675990581512451,0.6432138085365295,0.6910405158996582,0.6410839557647705,0.6084933280944824,0.8050079941749573,0.7578527331352234,0.15276110172271729,0.7107821702957153,0.7714250087738037,0.8053560256958008,4.5133188564250304e-07,-0.24988208711147308,-0.2697165608406067,-0.215444415807724,-0.14642642438411713,-0.12920339405536652
dataset/2_58_jpg.rf.d8b263d76cffe0a469bd5e236d27d5b0.jpg,2,0.3839152157306671,0.27395617961883545,0.4089362323284149,0.2413378208875656,0.2962821125984192,0.2794168293476105,0.8836578726768494,0.7259794473648071,0.30593183636665344,0.3256021738052368,0.707455575466156,0.7527461647987366,1.2052496458636597e-06,-0.17159399390220642,-0.19609804451465607,-0.17418648302555084,-0.11718142777681351,-0.09591749310493469
dataset/4_83_jpg.rf.27180b0b12f46feedf4af770a942b09c.jpg,4,0.6151382923126221,0.5363487005233765,0.5998309254646301,0.4408959150314331,0.31147414445877075,0.22486424446105957,0.853532612323761,0.5360996723175049,0.17077529430389404,0.1654324233531952,0.2581004202365875,0.39510583877563477,9.127672342401638e-07,-0.08548171073198318,-0.0774323046207428,-0.06791357696056366,-0.09923236817121506,-0.10194553434848785
dataset/3_149_jpg.rf.d29ce0a1db4e75c7cc703a975f45f1ee.jpg,3,0.3105508089065552,0.5107948184013367,0.3463728129863739,0.5653194189071655,0.6382879018783569,0.4946001470088959,0.9507945775985718,0.8936585187911987,0.21992149949073792,0.23527759313583374,0.36012229323387146,0.8666054010391235,1.2229436379129766e-06,-0.36333322525024414,-0.4345877468585968,-0.375434935092926,-0.3516448736190796,-0.25891536474227905
dataset/5_193_jpg.rf.d7c3d6489bbabedbf418cb0fe8e44839.jpg,5,0.3579525947570801,0.3791784644126892,0.5539564490318298,0.6555504202842712,0.6976667046546936,0.7358477115631104,0.87760329246521,0.4021608531475067,0.18096378445625305,0.20663374662399292,0.30467307567596436,0.49806052446365356,7.543360993622628e-07,-0.16370993852615356,-0.19024358689785004,-0.17905744910240173,-0.17286962270736694,-0.1618850827217102
dataset/2_100_jpg.rf.b9c0c4f60ea67edf12ebfb897b095a47.jpg,2,0.6853376626968384,0.5056100487709045,0.44133883714675903,0.20444494485855103,0.507427990436554,0.5178526639938354,0.9080005884170532,0.8524764776229858,0.14767125248908997,0.3873262107372284,0.7800211906433105,0.8667362928390503,1.733577846607659e-06,-0.29274144768714905,-0.3531934320926666,-0.3293996751308441,-0.23036806285381317,-0.20904360711574554
dataset/5_1_jpg.rf.b13196f1a650bf20f48b59d6faab565c.jpg,5,0.401643842458725,0.1128821074962616,0.37398087978363037,0.4872579276561737,0.6034104228019714,0.6756607294082642,0.8003352880477905,0.5189469456672668,0.2277473509311676,0.1949245035648346,0.2562190890312195,0.3741243779659271,5.880251592316199e-07,-0.09401902556419373,-0.08989651501178741,-0.1033526211977005,-0.1287613809108734,-0.12636752426624298
dataset/4_154_jpg.rf.f477633542cee833bc4b0d3a06dc08c6.jpg,4,0.6016010642051697,0.5331806540489197,0.5627037286758423,0.49888235330581665,0.45636463165283203,0.4084849953651428,0.882194995880127,0.6734450459480286,0.26357772946357727,0.24176007509231567,0.29899513721466064,0.4182063937187195,7.466244369425112e-07,-0.12423611432313919,-0.15678487718105316,-0.14664985239505768,-0.13731181621551514,-0.11756180971860886
dataset/3_187_jpg.rf.24f4ea6e24621d2f76ab457376ee79bf.jpg,3,0.34062618017196655,0.5235059261322021,0.417188435792923,0.5707621574401855,0.6900632381439209,0.48018431663513184,0.7580364942550659,0.5094965696334839,0.207452192902565,0.21028657257556915,0.2761411666870117,0.6178519129753113,6.629607582908648e-07,-0.0395401306450367,-0.024476509541273117,-0.04242350533604622,-0.17456509172916412,-0.16228216886520386
dataset/1_37_jpg.rf.b964510bca8d61c4cd7fa62c209d4692.jpg,1,0.5443752408027649,0.39000532031059265,0.36941200494766235,0.4492364227771759,0.43534281849861145,0.41927123069763184,0.8173485994338989,0.7079704999923706,0.16311579942703247,0.6661902666091919,0.7393299341201782,0.7817137241363525,4.377106677111442e-07,-0.212985560297966,-0.222026526927948,-0.18061769008636475,-0.12281274050474167,-0.10151359438896179
dataset/2_11_jpg.rf.63ca8fd10f32bc1cc77912364f44a521.jpg,2,0.6015298366546631,0.7280591130256653,0.637621283531189,0.7052218317985535,0.6703370809555054,0.6891887784004211,0.8560092449188232,0.5858926177024841,0.34308338165283203,0.33950239419937134,0.6652787327766418,0.7205370664596558,1.201563463837374e-06,-0.07074642181396484,-0.01623484678566456,-0.04556240141391754,-0.0864662304520607,-0.10448352992534637
dataset/3_61_jpg.rf.ff9e41166c632d3d9550dce30b57d3cd.jpg,3,0.3786781430244446,0.27047353982925415,0.3803459107875824,0.3060727119445801,0.21027939021587372,0.2731345593929291,0.8331153392791748,0.5954629182815552,0.31532353162765503,0.29445046186447144,0.33279216289520264,0.6916975975036621,9.749435321282363e-07,-0.011571111157536507,-0.02086734026670456,-0.013075225055217743,-0.15439961850643158,-0.11133316904306412
dataset/0_11_jpg.rf.8c96707089fa593e45bfa83ff9144be3.jpg,0,0.3045525550842285,0.7223612070083618,0.5353116393089294,0.4717923104763031,0.39363932609558105,0.32964128255844116,0.5978007912635803,0.37429389357566833,0.45719560980796814,0.44104084372520447,0.4151023328304291,0.35990381240844727,-1.2335619885561755e-06,-0.19350506365299225,-0.2266121655702591,-0.16940337419509888,-0.09074494242668152,-0.059365469962358475
dataset/4_27_jpg.rf.9cdf3b0598f37884674417aaee983318.jpg,4,0.5458731651306152,0.4325311779975891,0.579767107963562,0.3992067873477936,0.3302621841430664,0.24499616026878357,0.9008294343948364,0.745750904083252,0.2083820104598999,0.19050836563110352,0.2664710283279419,0.46008625626564026,1.1558821597645874e-06,-0.18514397740364075,-0.24561069905757904,-0.23522664606571198,-0.2250535935163498,-0.19748932123184204
dataset/1_18_jpg.rf.dbdbbaf4e939eedb99a09a33e17858b7.jpg,1,0.5420236587524414,0.5429084300994873,0.5475794672966003,0.531255304813385,0.5685744881629944,0.6258137226104736,0.8266268968582153,0.5102750062942505,0.3522198796272278,0.6213535666465759,0.6692219972610474,0.6796098351478577,-4.5869680320720363e-07,-0.03485116735100746,0.0036538608837872744,-0.02835775539278984,-0.012545788660645485,-0.01936604455113411
dataset/5_174_jpg.rf.e347d87e479dd970a51253b017bb2acf.jpg,5,0.7925736904144287,0.7060412168502808,0.19077128171920776,0.10419577360153198,0.11359971761703491,0.1604190170764923,0.704511821269989,0.24496829509735107,0.38830965757369995,0.43624722957611084,0.4998447299003601,0.5791634917259216,3.4137383408960886e-07,-0.05927624553442001,-0.05102052912116051,-0.06726574897766113,-0.07691200077533722,-0.07017075270414352
dataset/5_44_jpg.rf.5aa926858f6ec12f88b83d794e0c9311.jpg,5,0.6638455390930176,0.9620975255966187,0.6029618382453918,0.4726888835430145,0.38365572690963745,0.30708780884742737,0.8820528984069824,0.48023849725723267,0.2565613090991974,0.2425544261932373,0.3263426423072815,0.4428997337818146,7.654645060028997e-07,-0.0611250065267086,-0.01059023104608059,-0.01111149787902832,-0.04011068120598793,-0.05123931169509888
dataset/5_116_jpg.rf.ae908aab1c0c7a0a3eed654619b07367.jpg,5,0.49221307039260864,0.6469753384590149,0.5882773399353027,0.44445428252220154,0.3883068561553955,0.30399632453918457,0.8217796087265015,0.4033025801181793,0.1187184751033783,0.10885211825370789,0.1695774495601654,0.30106785893440247,6.897503226355184e-07,-0.12332719564437866,-0.16107521951198578,-0.15551118552684784,-0.1467602401971817,-0.14070481061935425
dataset/5_64_jpg.rf.4296e93f535204022ba3139d43696960.jpg,5,0.49358469247817993,0.37371984124183655,0.4482913911342621,0.5689743757247925,0.624019205570221,0.6876966953277588,0.7352486848831177,0.3294975757598877,0.07641002535820007,0.06272593140602112,0.1288408488035202,0.2616187632083893,5.59642614916811e-07,-0.12214936316013336,-0.14145736396312714,-0.13440023362636566,-0.1300135999917984,-0.12303768843412399
dataset/1_4_jpg.rf.2dc73aa047bbebaabadc84636232dc14.jpg,1,0.2566172480583191,0.5446969866752625,0.745266854763031,0.46193164587020874,0.41490453481674194,0.45203015208244324,0.8592127561569214,0.6477785706520081,0.34441348910331726,0.6673171520233154,0.7551193833351135,0.8116762638092041,3.077234396187123e-07,-0.26652610301971436,-0.2736878991127014,-0.282693088054657,-0.22721971571445465,-0.2020174264907837
dataset/2_142_jpg.rf.93585f53cd02380f0ca6e96b9b08ebf1.jpg,2,0.5448597073554993,0.3913571238517761,0.5258194208145142,0.3465478718280792,0.4499114155769348,0.42079901695251465,0.832011342048645,0.5480092167854309,0.27349400520324707,0.28189322352409363,0.6282640695571899,0.6816903352737427,1.514379960099177e-06,-0.11436162889003754,-0.041298575699329376,-0.04621401056647301,-0.1096600741147995,-0.1257261484861374
dataset/4_162_jpg.rf.6bb09b6c4706492e79db5926a26d9a6e.jpg,4,0.30548369884490967,0.2612839937210083,0.26113712787628174,0.33280670642852783,0.39792579412460327,0.4724467396736145,0.7907218337059021,0.5509668588638306,0.28928154706954956,0.2529459297657013,0.28517577052116394,0.3431199789047241,8.858702358338633e-07,-0.08184552937746048,-0.07916100323200226,-0.06697532534599304,-0.08204435557126999,-0.086422398686409
dataset/0_61_jpg.rf.790ffc3ab40442a26bbcd376f85226ad.jpg,0,0.7467966079711914,0.68007892370224,0.7808312773704529,0.7151604294776917,0.6734828948974609,0.6405966281890869,0.6245131492614746,0.3292991518974304,0.32184648513793945,0.35513561964035034,0.4310949444770813,0.49546071887016296,-6.038334277036483e-07,-0.23872633278369904,-0.2767013907432556,-0.21582573652267456,-0.16202229261398315,-0.1582803577184677
dataset/0_119_jpg.rf.b5ab07e5dbb02cba5955513968a653d0.jpg,0,0.37833577394485474,0.7484469413757324,0.6164013147354126,0.530441403388977,0.43307238817214966,0.3461001515388489,0.7445724010467529,0.4599255919456482,0.5634410381317139,0.560508131980896,0.5581532716751099,0.5411257743835449,-1.2786549632437527e-06,-0.1514122188091278,-0.18669693171977997,-0.17178769409656525,-0.10626114159822464,-0.07818786054849625
dataset/3_157_jpg.rf.998db0766b47eae93886f1503a9a8eff.jpg,3,0.5798068046569824,0.4979739189147949,0.5814982652664185,0.44459325075149536,0.33021312952041626,0.5058805346488953,0.8165847659111023,0.5314319133758545,0.17574116587638855,0.16434171795845032,0.2548733353614807,0.6611956357955933,9.542735597278806e-07,-0.06741032749414444,-0.07622211426496506,-0.08947514742612839,-0.16467824578285217,-0.12305222451686859
dataset/0_161_jpg.rf.18b5c34222f544ca35d059e1a0271986.jpg,0,0.5323861837387085,0.20986449718475342,0.3149518668651581,0.3275676965713501,0.3583707809448242,0.376562237739563,0.5223433971405029,0.6776463389396667,0.6426281332969666,0.5892447233200073,0.5428731441497803,0.5019124150276184,-1.4212786254574894e-06,-0.13183748722076416,-0.13997624814510345,-0.10411684960126877,-0.05331956595182419,-0.04753400385379791
dataset/0_85_jpg.rf.244465a7a95ecb1b97005ebe6bcb86a8.jpg,0,0.28640851378440857,0.5114861726760864,0.42742347717285156,0.43583762645721436,0.43734049797058105,0.4605366885662079,0.4670764207839966,0.27240189909935,0.29964274168014526,0.35095930099487305,0.4022252857685089,0.44961172342300415,-1.2329384162512724e-06,-0.06629501283168793,-0.08104664832353592,-0.03969362750649452,-0.014745945110917091,-0.008173221722245216
dataset/1_93_jpg.rf.5b6a6d1501ec9df812ef2b2321ad18b1.jpg,1,0.48771628737449646,0.37797605991363525,0.3076609969139099,0.42468273639678955,0.402143657207489,0.39499279856681824,0.8684571385383606,0.7978392839431763,0.374067485332489,0.7567315697669983,0.797550618648529,0.8425508141517639,4.25938537773618e-07,-0.15493620932102203,-0.1652432531118393,-0.13570374250411987,-0.09123902022838593,-0.07656589895486832
dataset/2_1_jpg.rf.255b8c9c7ee68de83a0e1ab3de9ddeef.jpg,2,0.18319398164749146,0.36732321977615356,0.6738525629043579,0.7669796943664551,0.3639325499534607,0.3386960029602051,0.580720067024231,0.7778692245483398,0.2561713755130768,0.5806921720504761,0.7522182464599609,0.7568987607955933,1.6150341934917378e-06,-0.3922925889492035,-0.40463507175445557,-0.3218722641468048,-0.2631351053714752,-0.23517918586730957
dataset/5_70_jpg.rf.e215f519d5b4714250f594d494ea148f.jpg,5,0.5360660552978516,0.8550066351890564,0.5149649977684021,0.3661787211894989,0.2369379997253418,0.13351163268089294,0.7850414514541626,0.4676734507083893,0.2727014720439911,0.26702848076820374,0.32913973927497864,0.43827056884765625,8.168656222551363e-07,-0.09703569114208221,-0.0581231489777565,-0.04958382248878479,-0.07648571580648422,-0.08634712547063828
dataset/2_120_jpg.rf.b76b0056dd6e45c92c7a24d01d6807ea.jpg,2,0.5622332096099854,0.3556571900844574,0.269792377948761,0.134955033659935,0.43221333622932434,0.44345784187316895,0.9247658252716064,0.6413048505783081,0.39389461278915405,0.476656049489975,0.7568838000297546,0.8217490315437317,6.789483109059802e-07,-0.020436966791749,-0.001827432308346033,-0.05305190756917,-0.07641544938087463,-0.09367949515581131
dataset/3_179_jpg.rf.c073d7e633a030de2e38714c1eeab084.jpg,3,0.39655163884162903,0.5686887502670288,0.46992942690849304,0.6281757950782776,0.7409299612045288,0.5238271951675415,0.6261749267578125,0.3848457932472229,0.09224280714988708,0.09665925800800323,0.1582014560699463,0.4775015413761139,5.819836701448367e-07,-0.028359292075037956,-0.030410079285502434,-0.05747250095009804,-0.17282843589782715,-0.14726421236991882
dataset/5_173_jpg.rf.d3e924ed1c69b723946418492cd9e171.jpg,5,0.6810044050216675,0.2646180987358093,0.4768712520599365,0.5902596712112427,0.7615188360214233,0.8969836831092834,0.8438432216644287,0.5480624437332153,0.21151819825172424,0.15103694796562195,0.16574466228485107,0.2650264501571655,4.782280598192301e-07,-0.09917682409286499,-0.09140446037054062,-0.1037888303399086,-0.13900208473205566,-0.13886067271232605
dataset/2_137_jpg.rf.55220462e153ffaf7d004eb9a40a95eb.jpg,2,0.3205161988735199,0.4414067268371582,0.25112277269363403,0.5347447991371155,0.4314880669116974,0.43010303378105164,0.8955434560775757,0.7593201398849487,0.2110883593559265,0.2640889883041382,0.702926754951477,0.7792313098907471,1.1463218925200636e-06,-0.31018298864364624,-0.4130968749523163,-0.3513210713863373,-0.24131450057029724,-0.2302474081516266
dataset/4_21_jpg.rf.c98dad8d688f1ac821460f25f049d9aa.jpg,4,0.5125399827957153,0.41908273100852966,0.5704171657562256,0.36400753259658813,0.17304334044456482,0.04190295934677124,0.6801666021347046,0.43676286935806274,0.05215948820114136,0.027660787105560303,0.10142219066619873,0.260581910610199,1.2542819831651286e-06,-0.1527070850133896,-0.16371634602546692,-0.15141955018043518,-0.1794920414686203,-0.1685987412929535
dataset/3_93_jpg.rf.f5f1cc9a153e17014eb34d09c00a19ec.jpg,3,0.2151789367198944,0.3554990589618683,0.251078724861145,0.392767995595932,0.5145641565322876,0.32710975408554077,0.8235887289047241,0.5899966955184937,0.3301388621330261,0.32390326261520386,0.38140666484832764,0.6874945163726807,5.234687705524266e-07,-0.010491160675883293,-0.021937411278486252,-0.04913702607154846,-0.15292100608348846,-0.13481342792510986
dataset/1_39_jpg.rf.54900547e814b5c5d2bb5565201ab59b.jpg,1,0.8405051231384277,0.5025336742401123,0.16713443398475647,0.583693265914917,0.6483213901519775,0.6797524690628052,0.5322144031524658,0.526139497756958,0.523928701877594,0.5411466956138611,0.47724172472953796,0.3963085412979126,-2.9177439841987507e-07,-0.15672115981578827,-0.1587861329317093,-0.16148243844509125,-0.10473986715078354,-0.10826074331998825
dataset/3_164_jpg.rf.b011428912e5f36925ffd6b073f9ea7b.jpg,3,0.8430074453353882,0.6523652076721191,0.47447219491004944,0.33822864294052124,0.346771240234375,0.6524480581283569,0.8692681789398193,0.9444025158882141,0.3690355122089386,0.5244889259338379,0.6970943808555603,0.9196809530258179,1.8070504665956832e-06,-0.3534729778766632,-0.42150187492370605,-0.34567883610725403,-0.3059728741645813,-0.2187163382768631
dataset/3_37_jpg.rf.678a931a3181ec5e66d51863766caec5.jpg,3,0.7404567003250122,0.8297668099403381,0.5791409015655518,0.3540860414505005,0.3172331750392914,0.5556929111480713,0.9900098443031311,0.9360862970352173,0.25012895464897156,0.3459570109844208,0.5352282524108887,0.9505313038825989,2.3035413505567703e-06,-0.4909147322177887,-0.5570516586303711,-0.5304733514785767,-0.4964706599712372,-0.38593488931655884
dataset/4_191_jpg.rf.bcae1c0d62e8f4510df6d80f4f05d7f6.jpg,4,0.5690467953681946,0.4871223270893097,0.6182137131690979,0.4137786328792572,0.21800994873046875,0.09155333042144775,0.9511594772338867,0.7378808856010437,0.333455890417099,0.3156368136405945,0.40608811378479004,0.5518884658813477,1.388867985951947e-06,-0.17219099402427673,-0.1932293027639389,-0.1784466803073883,-0.2009313404560089,-0.18522608280181885
dataset/4_155_jpg.rf.e30759a66d245397a4c0a3ea10eb6b60.jpg,4,0.6601525545120239,0.4361177682876587,0.3343644142150879,0.2228124737739563,0.17121663689613342,0.1824692040681839,0.8540024757385254,0.7009221911430359,0.391587495803833,0.4848710298538208,0.622518002986908,0.789900541305542,7.461923701157502e-07,-0.09686547517776489,-0.06679952144622803,-0.04741467535495758,-0.07460228353738785,-0.07865254580974579
dataset/4_199_jpg.rf.a99dd05850dbb646197980480b2ed9a7.jpg,4,0.4962245523929596,0.5050238370895386,0.5106798410415649,0.43513762950897217,0.3698328733444214,0.30609312653541565,0.7976208329200745,0.5676372051239014,0.30410265922546387,0.2713383734226227,0.3086259365081787,0.3689863383769989,7.227183687064098e-07,-0.046920035034418106,-0.052673567086458206,-0.048554811626672745,-0.06331509351730347,-0.05237383022904396
dataset/0_170_jpg.rf.d0173767d4e19933596646e9ad996479.jpg,0,0.4948701858520508,0.3539204001426697,0.4209449589252472,0.3923996388912201,0.36665621399879456,0.32595786452293396,0.5391433238983154,0.3077077865600586,0.3753160536289215,0.4173876643180847,0.459607869386673,0.49744027853012085,-7.706375413363276e-07,-0.0982929915189743,-0.13485045731067657,-0.09034942835569382,-0.04127371311187744,-0.028580866754055023
dataset/2_56_jpg.rf.82c34238b0aa7a52913a3a23351d83a0.jpg,2,0.7436196804046631,0.5944674015045166,0.7929802536964417,0.5233550667762756,0.6414156556129456,0.6280800700187683,0.8686681985855103,0.7418811321258545,0.12885528802871704,0.21025782823562622,0.6909933090209961,0.7636800408363342,1.657154598433408e-06,-0.2613822817802429,-0.33581915497779846,-0.3210757374763489,-0.1832021325826645,-0.16323934495449066
dataset/3_81_jpg.rf.7aaa65d6d1f413e207ffdce2beeb6561.jpg,3,0.6396092176437378,0.5047439932823181,0.6725127100944519,0.4678928256034851,0.3966982960700989,0.5022463798522949,0.9571171998977661,0.9292463660240173,0.3067343831062317,0.31307750940322876,0.4213060140609741,0.9290745854377747,1.725075776448648e-06,-0.37611332535743713,-0.46232250332832336,-0.4445691704750061,-0.39219728112220764,-0.2869632840156555
dataset/3_67_jpg.rf.cbb057da5b84dd052945c3212104dc7d.jpg,3,0.5051860809326172,0.3899745047092438,0.5066400170326233,0.3791225850582123,0.22256825864315033,0.41500604152679443,0.8261704444885254,0.5487801432609558,0.22935929894447327,0.2211369276046753,0.3158532679080963,0.6866413950920105,1.0173314421990653e-06,-0.008421878330409527,-0.037779632955789566,-0.046522825956344604,-0.14972920715808868,-0.11206122487783432
dataset/2_42_jpg.rf.e752d514fef2796bab0c66b80c01db78.jpg,2,0.6539278030395508,0.5471299290657043,0.6944260597229004,0.5090245604515076,0.5817023515701294,0.5532540082931519,0.749493420124054,0.45542046427726746,0.2166687548160553,0.21203866600990295,0.5510357618331909,0.5911331176757812,1.2035603731419542e-06,-0.07557772845029831,-0.06432266533374786,-0.0773828774690628,-0.10202337801456451,-0.09956881403923035
dataset/5_158_jpg.rf.aceeb842c72f5bc9837b9d80bde6419b.jpg,5,0.5328752398490906,0.7815425395965576,0.570029079914093,0.376286119222641,0.3116534948348999,0.20807719230651855,0.8521138429641724,0.5099627375602722,0.12365847826004028,0.12166893482208252,0.22780928015708923,0.42693892121315,1.0605932629914605e-06,-0.20633631944656372,-0.22489425539970398,-0.21429750323295593,-0.20368796586990356,-0.19154039025306702
dataset/5_182_jpg.rf.ee3b3f7f6eaaa3cb18228e51420e8076.jpg,5,0.5427332520484924,0.6182233095169067,0.47856736183166504,0.4081815481185913,0.36523938179016113,0.3037603795528412,0.9151142835617065,0.433508038520813,0.17426446080207825,0.15203717350959778,0.22515591979026794,0.3683019280433655,6.62126751649339e-07,-0.1263580471277237,-0.14711470901966095,-0.13698315620422363,-0.13177870213985443,-0.12820275127887726
dataset/3_103_jpg.rf.b557f9fb21bbeb669251e498cc3187ad.jpg,3,0.37973177433013916,0.5092310905456543,0.23706676065921783,0.46374231576919556,0.5622970461845398,0.5223181247711182,0.7780271172523499,0.7361781597137451,0.10836976766586304,0.070415198802948,0.15216100215911865,0.690082311630249,1.2561155244839028e-06,-0.47659122943878174,-0.6289203763008118,-0.6192785501480103,-0.5663357377052307,-0.4041745960712433
dataset/2_199_jpg.rf.434d9b67f8d3ebdab8337a1da288f46b.jpg,2,0.6186037063598633,0.40341171622276306,0.5401729941368103,0.24312199652194977,0.45493239164352417,0.4652775526046753,0.8597069978713989,0.8155074119567871,0.11018139123916626,0.2576647698879242,0.7521231174468994,0.8359953165054321,1.824512992243399e-06,-0.30004680156707764,-0.3543349802494049,-0.31992119550704956,-0.2093673050403595,-0.18516626954078674
dataset/1_182_jpg.rf.64cef35260e0cd2598a1c8496b3dc7b4.jpg,1,0.47102928161621094,0.552650511264801,0.5053820013999939,0.5304132103919983,0.483698308467865,0.41745665669441223,0.8871985077857971,0.540675938129425,0.2689598798751831,0.6493324041366577,0.7148264050483704,0.7164106369018555,3.7995128820966784e-08,-0.08236420154571533,-0.07727115601301193,-0.10436833649873734,-0.07540863007307053,-0.072282575070858
dataset/0_77_jpg.rf.83cb1b667605e4401a06ffb222c7c8a0.jpg,0,0.4619739055633545,0.28837263584136963,0.3151532709598541,0.3617159128189087,0.41236454248428345,0.4574190378189087,0.250083327293396,0.4912002682685852,0.3823457658290863,0.3832452893257141,0.38712841272354126,0.41361144185066223,-6.871457003398973e-07,-0.03666737303137779,-0.08517302572727203,-0.05716688558459282,-0.018124790862202644,-0.006770480889827013
dataset/2_12_jpg.rf.e61e2d4ec6bec35a0f437975dd8082a2.jpg,2,0.4989720582962036,0.3390839993953705,0.463581919670105,0.27922627329826355,0.38776689767837524,0.37089869379997253,0.8407508134841919,0.5691635608673096,0.2945959270000458,0.3101052939891815,0.6398882865905762,0.697861909866333,1.450970557925757e-06,-0.09716607630252838,-0.025239212438464165,-0.033272914588451385,-0.10414297133684158,-0.1246623545885086
dataset/0_7_jpg.rf.67f93cca42b4aafa0aecd050e70098fa.jpg,0,0.42526060342788696,0.5883617401123047,0.5303784012794495,0.4680560827255249,0.4065615236759186,0.3483216464519501,0.8295977115631104,0.43809598684310913,0.5449853539466858,0.5757652521133423,0.6036525368690491,0.6246521472930908,-1.0895226978391293e-06,-0.05739183723926544,-0.09976270794868469,-0.12759631872177124,-0.07465813308954239,-0.055021487176418304
dataset/0_42_jpg.rf.fe50d90d6b939b31cb0105a844c53cf0.jpg,0,0.5388155579566956,0.5012121200561523,0.4938470721244812,0.5420260429382324,0.5922104120254517,0.6458837985992432,0.5680897831916809,0.21692326664924622,0.34225112199783325,0.3765355348587036,0.41331392526626587,0.4405413269996643,-1.14593785838224e-06,-0.07667818665504456,-0.10040456056594849,-0.07393454760313034,-0.036356713622808456,-0.03056301176548004
dataset/0_164_jpg.rf.918a2651436a96f2e26840db496a2a02.jpg,0,0.6516627073287964,0.505154550075531,0.5914222002029419,0.5708827376365662,0.5476735234260559,0.5071218013763428,0.4939619302749634,0.2670568823814392,0.3238959312438965,0.3665827810764313,0.41425636410713196,0.4555700421333313,-8.608171810919885e-07,-0.07937580347061157,-0.12099752575159073,-0.07401849329471588,-0.020673461258411407,-0.0019378619035705924
dataset/0_97_jpg.rf.29d9b56fe006a6fd1452868fc01dada0.jpg,0,0.6176081299781799,0.4009539484977722,0.49442896246910095,0.5484877824783325,0.6133112907409668,0.6773306727409363,0.7014678716659546,0.16535528004169464,0.36426571011543274,0.37981513142585754,0.4090130627155304,0.42827683687210083,-1.355467702524038e-06,-0.08774525672197342,-0.09660299867391586,-0.05430370196700096,-0.0258241668343544,-0.024782201275229454
dataset/3_122_jpg.rf.d6bea54cff938b78bb77061e7c2c2b2a.jpg,3,0.24269068241119385,0.3579329252243042,0.3027893304824829,0.5054700374603271,0.5707653164863586,0.3954562544822693,0.9616931676864624,0.8908199071884155,0.14492520689964294,0.194388747215271,0.323047012090683,0.7966093420982361,6.350096555252094e-07,-0.31440266966819763,-0.3849674165248871,-0.3358335793018341,-0.3343258500099182,-0.24786369502544403
dataset/5_37_jpg.rf.24ea8aeba95d6ad4b1fae6c06bba693c.jpg,5,0.6022403240203857,0.606293261051178,0.4034843146800995,0.3023574948310852,0.27450260519981384,0.21951431035995483,0.8679901957511902,0.38512957096099854,0.1603420078754425,0.16354069113731384,0.26530885696411133,0.45775488018989563,9.138770451500022e-07,-0.17529840767383575,-0.2009861022233963,-0.19053249061107635,-0.17518989741802216,-0.15736334025859833
dataset/1_124_jpg.rf.032199a35001e37f880d0d1a6c6a7c8a.jpg,1,0.21489736437797546,0.3482792377471924,0.6336138844490051,0.3271358609199524,0.24673980474472046,0.1638873666524887,0.8798271417617798,0.5916508436203003,0.24967694282531738,0.6395269632339478,0.7167967557907104,0.6973590850830078,7.43509417588939e-07,-0.3262466490268707,-0.27217215299606323,-0.2756284177303314,-0.19470210373401642,-0.17074739933013916
dataset/5_31_jpg.rf.a7b4afb3ef25ff83c1e71f2c2b5330cd.jpg,5,0.4747871160507202,0.8168402910232544,0.46449169516563416,0.3021213114261627,0.1681353747844696,0.0602649450302124,0.6025671362876892,0.2839076519012451,0.09097836911678314,0.08183570206165314,0.14315824210643768,0.2526242733001709,9.387125032844779e-07,-0.06799139827489853,0.002416148316115141,0.005463359411805868,-0.03317306190729141,-0.049184463918209076
dataset/0_55_jpg.rf.1693f6ae341a3b3667b1696c16ce454a.jpg,0,0.417594313621521,0.43759340047836304,0.42279326915740967,0.3797844350337982,0.3365393877029419,0.2852771282196045,0.6073620915412903,0.11879324913024902,0.30353906750679016,0.3444189429283142,0.3887951374053955,0.42443251609802246,-6.509159788947727e-07,-0.06925652921199799,-0.10759362578392029,-0.05855479836463928,-0.0074471477419137955,0.013387194834649563
dataset/4_73_jpg.rf.c742f41beb97631a60b39c80aaffe10d.jpg,4,0.5074830651283264,0.5986160039901733,0.6433865427970886,0.7305102348327637,0.7782745361328125,0.8194131851196289,0.8102536201477051,0.5525542497634888,0.3218054175376892,0.30822116136550903,0.3592255115509033,0.4277639389038086,1.084508653548255e-06,-0.059028420597314835,-0.04020931199193001,-0.024815626442432404,-0.04387206584215164,-0.04344240576028824
dataset/5_142_jpg.rf.a1e7cc9b895bc45defbe2528208b8c55.jpg,5,0.13746187090873718,0.3395070433616638,0.6395599246025085,0.7539317011833191,0.733352541923523,0.6849861145019531,0.8144897818565369,0.2802073657512665,0.27870848774909973,0.47244101762771606,0.6121068596839905,0.8164942264556885,7.637952421646332e-07,-0.14695987105369568,-0.16030125319957733,-0.1425863355398178,-0.14098411798477173,-0.1339811086654663
dataset/4_161_jpg.rf.84a2b0998dee41f3222a2b354961c2e9.jpg,4,0.4360089600086212,0.509091854095459,0.3816370368003845,0.584815263748169,0.7921531200408936,0.9113707542419434,0.9532039165496826,0.7447623014450073,0.3340911269187927,0.3229627013206482,0.40818077325820923,0.5521848201751709,8.443798265034275e-07,-0.14927847683429718,-0.1593208760023117,-0.1621963381767273,-0.20551198720932007,-0.20275293290615082
dataset/0_10_jpg.rf.408099ae88c679551db42a418f64ac69.jpg,0,0.512393057346344,0.6009466052055359,0.5836924314498901,0.5224936008453369,0.4634822607040405,0.4069485068321228,0.7290294766426086,0.40726593136787415,0.4924244284629822,0.5137383341789246,0.5480000376701355,0.5770317912101746,-1.1542464335434488e-06,-0.08224319666624069,-0.12204322218894958,-0.11486474424600601,-0.06183648854494095,-0.045955199748277664
dataset/5_45_jpg.rf.4c12cf2bc5d1203438c77492d5458524.jpg,5,0.46147897839546204,0.08196753263473511,0.36201542615890503,0.48420047760009766,0.6159759759902954,0.7193990349769592,0.7973875999450684,0.5025017261505127,0.1637476682662964,0.1105511486530304,0.15284475684165955,0.25756847858428955,6.411258368643757e-07,-0.08343672752380371,-0.06041731312870979,-0.07137258350849152,-0.10602833330631256,-0.11239727586507797
dataset/2_110_jpg.rf.80b7b22d7b7d95f5d4da75161977d6e8.jpg,2,0.3080332577228546,0.27864038944244385,0.4701651930809021,0.3919261395931244,0.3011850118637085,0.24737566709518433,0.8544227480888367,0.573115348815918,0.34896939992904663,0.3285118341445923,0.6366412043571472,0.7009372711181641,1.4640663721365854e-06,-0.0855235606431961,-0.031147832050919533,-0.023479793220758438,-0.11393985152244568,-0.13169823586940765
dataset/4_188_jpg.rf.16c382f19ecadeb8e6e37fb6dd412aa4.jpg,4,0.7308210730552673,0.6880211234092712,0.8347874283790588,0.6303748488426208,0.43701761960983276,0.3004131019115448,0.8187876343727112,0.5778248310089111,0.1918189525604248,0.16287913918495178,0.23961365222930908,0.38964611291885376,1.3999119801155757e-06,-0.18265047669410706,-0.18985803425312042,-0.1687125414609909,-0.18636751174926758,-0.16879190504550934
dataset/5_128_jpg.rf.0d0a2e582fcecd4a8e0e9260eda215b6.jpg,5,0.506534993648529,0.8483795523643494,0.5441884994506836,0.4092557430267334,0.2826507091522217,0.186785489320755,0.8180007338523865,0.5074760317802429,0.17653140425682068,0.14785617589950562,0.22786766290664673,0.35667192935943604,9.77031277216156e-07,-0.12429732829332352,-0.11417548358440399,-0.11559688299894333,-0.13137470185756683,-0.13046108186244965
dataset/1_81_jpg.rf.26b1162366133e5f3a827e2e5b22708d.jpg,1,0.8455370664596558,0.6457485556602478,0.39453238248825073,0.6702136993408203,0.7481825351715088,0.8022715449333191,0.22881829738616943,0.5371577739715576,0.7921631932258606,0.4672222137451172,0.38598179817199707,0.4087693393230438,4.0604592754789337e-07,-0.2367161214351654,-0.16885656118392944,-0.15901519358158112,-0.12559553980827332,-0.11809166520833969
dataset/0_127_jpg.rf.4621f6f2f957f7b2f81ffa021338eef9.jpg,0,0.44353100657463074,0.30847302079200745,0.3758034408092499,0.3537951707839966,0.33831822872161865,0.3150683045387268,0.7126355767250061,0.45809534192085266,0.5252136588096619,0.5785951018333435,0.6283109784126282,0.6716009378433228,-6.973819495215139e-07,-0.04365232214331627,-0.07897044718265533,-0.07127180695533752,-0.03842004016041756,-0.026858821511268616
dataset/2_4_jpg.rf.c5d2a87c66bb49db4093c2cf1b2ebb61.jpg,2,0.45279374718666077,0.3805488049983978,0.6141606569290161,0.39478787779808044,0.4187285602092743,0.3858538568019867,0.8952398896217346,0.6849225759506226,0.28439992666244507,0.27451181411743164,0.686469554901123,0.7275052070617676,1.2230395896040136e-06,-0.1900223344564438,-0.21756254136562347,-0.2053186148405075,-0.13207003474235535,-0.12301359325647354
dataset/1_138_jpg.rf.5fda8779c5735ed38e576c16276e9971.jpg,1,0.81305992603302,0.6833294034004211,0.3255559206008911,0.7063363790512085,0.7500341534614563,0.7739387154579163,0.7541687488555908,0.7903324961662292,0.5766251087188721,0.7217833399772644,0.7516157627105713,0.7946485280990601,4.586090938119014e-07,-0.2655057907104492,-0.31516382098197937,-0.2657606601715088,-0.1993386298418045,-0.19283993542194366
dataset/5_181_jpg.rf.c3729cdf5496eaac8ad658a366ec3ea2.jpg,5,0.5729973316192627,0.9727698564529419,0.5263713598251343,0.4311627149581909,0.3568322956562042,0.299063503742218,0.8599432110786438,0.5063936114311218,0.2840577960014343,0.2523607015609741,0.29954200983047485,0.37228021025657654,9.177054494102777e-07,-0.06614575535058975,-0.011842168867588043,-0.011314013972878456,-0.03092733398079872,-0.025061089545488358
dataset/0_169_jpg.rf.4de0611820a3982a9561e9d2967d43e4.jpg,0,0.5217751860618591,0.5929466485977173,0.5906509160995483,0.5146605372428894,0.44731444120407104,0.3830540180206299,0.7920928001403809,0.4024365246295929,0.49820658564567566,0.5268079042434692,0.5590618848800659,0.5930607914924622,-1.219523710460635e-06,-0.08405758440494537,-0.15743409097194672,-0.13568590581417084,-0.044861167669296265,-0.00486117834225297
dataset/0_134_jpg.rf.ff7ec24342ceaf546f7db9d501e908d5.jpg,0,0.3972797095775604,0.5005797743797302,0.43781816959381104,0.4647180736064911,0.4985682964324951,0.5447314977645874,0.5312548875808716,0.2703002095222473,0.3269577622413635,0.3706270456314087,0.4138495922088623,0.4480300545692444,-1.1224359468542389e-06,-0.07356122136116028,-0.07820642739534378,-0.0400787852704525,-0.006840957328677177,0.0023336850572377443
dataset/0_33_jpg.rf.33caf076e4b24a61acc710a8e623e9cd.jpg,0,0.5287299156188965,0.32893767952919006,0.4050092399120331,0.39149945974349976,0.38562697172164917,0.3623136878013611,0.6634340286254883,0.18691113591194153,0.35997772216796875,0.42622262239456177,0.4937587380409241,0.5436992049217224,-7.20441164503427e-07,-0.058827925473451614,-0.08415210247039795,-0.0862320214509964,-0.07362256199121475,-0.0757768526673317
dataset/3_153_jpg.rf.43f6aad22befe85cbdbd71307738132e.jpg,3,0.788777768611908,0.6486819982528687,0.773025631904602,0.6307892203330994,0.5085027813911438,0.6825881004333496,0.7216399908065796,0.4675162434577942,0.20161564648151398,0.18945768475532532,0.2504514455795288,0.5716607570648193,1.0600251698633656e-06,-0.03671720251441002,-0.03798437491059303,-0.04573613777756691,-0.14516796171665192,-0.10256817936897278
dataset/0_93_jpg.rf.77bdd22172d9de2f2be275c91fac2d4d.jpg,0,0.36946535110473633,0.5299971699714661,0.4756951630115509,0.41251325607299805,0.3477431833744049,0.2867012917995453,0.6492413282394409,0.36112886667251587,0.4415162205696106,0.4424058496952057,0.45572876930236816,0.4687587022781372,-9.993880212277872e-07,-0.09679767489433289,-0.12179266661405563,-0.11738777160644531,-0.06003165990114212,-0.04581586271524429
dataset/1_35_jpg.rf.6b5605ec501e5932ddec48032cea9cf5.jpg,1,0.5074055790901184,0.48263564705848694,0.478925496339798,0.5038959980010986,0.47204849123954773,0.4152054786682129,0.7689987421035767,0.4720032811164856,0.2509993314743042,0.5766310691833496,0.6258567571640015,0.6320347785949707,-5.855413576227875e-08,-0.08443742245435715,-0.07786715030670166,-0.0868191123008728,-0.04554099962115288,-0.03755941987037659
dataset/1_76_jpg.rf.af5115130fb93bf28253ddecd30e822e.jpg,1,0.23178166151046753,0.33813241124153137,0.5837076306343079,0.3222174346446991,0.25066161155700684,0.17211036384105682,0.8724544048309326,0.5760249495506287,0.2323126196861267,0.6180311441421509,0.7121025323867798,0.6970475912094116,8.71574968641653e-07,-0.3444325029850006,-0.294821172952652,-0.29899728298187256,-0.21123510599136353,-0.1821250319480896
dataset/1_140_jpg.rf.b8d6c0507ff4e453542543947e6f7aab.jpg,1,0.7348711490631104,0.619602382183075,0.3263885974884033,0.6145544052124023,0.7144379615783691,0.7980412840843201,0.903917670249939,0.6213681697845459,0.27281466126441956,0.634428858757019,0.7357466220855713,0.7267192006111145,6.641511873795025e-08,-0.268545001745224,-0.29778140783309937,-0.293019562959671,-0.2114173322916031,-0.20304203033447266
dataset/3_141_jpg.rf.52cdff69d0ab978c8de23fc63e6b329a.jpg,3,0.552329957485199,0.39947178959846497,0.451821506023407,0.31145179271698,0.19615373015403748,0.43856436014175415,0.9056657552719116,0.619476318359375,0.2577320635318756,0.2732134759426117,0.38301151990890503,0.7643742561340332,9.642053555580787e-07,-0.04414599388837814,-0.04318442568182945,-0.05491793900728226,-0.14719286561012268,-0.10946721583604813
dataset/2_201_jpg.rf.b4d55e9d0c67ca2b09a78acdae18fc5d.jpg,2,0.9290045499801636,0.8364741802215576,0.43524283170700073,0.41893279552459717,0.7961759567260742,0.8787374496459961,0.3898029625415802,0.49561068415641785,0.21144962310791016,0.4493643045425415,0.4612337648868561,0.4708606004714966,1.6764463453000644e-06,-0.2710402011871338,-0.3036655783653259,-0.3085605204105377,-0.2564842104911804,-0.2414754331111908
dataset/1_78_jpg.rf.46d5a2beeddb81d9e0af2208b7b2fe32.jpg,1,0.5298452973365784,0.5305542945861816,0.5170985460281372,0.5337470173835754,0.5072513818740845,0.4555653929710388,0.852444052696228,0.5328166484832764,0.33566564321517944,0.6216246485710144,0.6895674467086792,0.7122106552124023,-3.006184812193169e-08,-0.07713551074266434,-0.06131014972925186,-0.08654166758060455,-0.05785784497857094,-0.05002957209944725
dataset/1_15_jpg.rf.87d7730cdf69f2e98c72d0eb2bafde3e.jpg,1,0.5550948977470398,0.5578854084014893,0.5120781660079956,0.5496267080307007,0.5248345732688904,0.46640411019325256,0.8725894689559937,0.5586928725242615,0.27501216530799866,0.6461658477783203,0.7152031660079956,0.7323333024978638,-7.55510285443961e-08,-0.12888340651988983,-0.1297026425600052,-0.1520567685365677,-0.09997236728668213,-0.08757283538579941
dataset/3_118_jpg.rf.91fc7f365b8517316a47e8716a66d4d7.jpg,3,0.5842292904853821,0.5017270445823669,0.6066457629203796,0.5000220537185669,0.37170469760894775,0.491158127784729,0.8271576166152954,0.5604279041290283,0.26188600063323975,0.25589439272880554,0.334087073802948,0.6748220324516296,9.366424933432427e-07,0.03717975690960884,0.017876096069812775,0.01840972527861595,-0.07379193603992462,-0.019251102581620216
dataset/0_160_jpg.rf.ed390d1b0444aeaafc3ae2d9468ede45.jpg,0,0.3534906506538391,0.5318227410316467,0.4717828333377838,0.4099608063697815,0.34602755308151245,0.2852582633495331,0.6389737725257874,0.3638029098510742,0.44643259048461914,0.44202765822410583,0.4488382041454315,0.4571615159511566,-1.0206005072177504e-06,-0.0939064770936966,-0.1142846867442131,-0.11292543262243271,-0.059541743248701096,-0.0451771542429924
dataset/2_97_jpg.rf.3ad169fc89b5a26181ac76740f9f9c7b.jpg,2,0.6464254260063171,0.44697850942611694,0.5108019709587097,0.295704185962677,0.4840977191925049,0.500648558139801,0.8787649869918823,0.8620743751525879,0.24341034889221191,0.3743422031402588,0.8154054284095764,0.8803253173828125,1.6668038824718678e-06,-0.286042183637619,-0.34006795287132263,-0.2949528098106384,-0.19124193489551544,-0.17247025668621063
dataset/1_188_jpg.rf.0acd4bc8c506f1cf3f5d86fde2cc1bd4.jpg,1,0.9025489687919617,0.7668451070785522,0.38216066360473633,0.8202552199363708,0.8344365954399109,0.8684183955192566,0.7257415652275085,0.7423710823059082,0.29289811849594116,0.6645343899726868,0.6827723383903503,0.7445231676101685,5.761985448771156e-07,-0.22576630115509033,-0.316313773393631,-0.2558976709842682,-0.18916207551956177,-0.19314734637737274
dataset/2_2_jpg.rf.f86c75b33ce59a05c39b18f71e839e42.jpg,2,0.35300102829933167,0.50835120677948,0.3931145966053009,0.6529345512390137,0.4968906044960022,0.5040273070335388,0.894271731376648,0.8210748434066772,0.21167895197868347,0.2739035189151764,0.7344064116477966,0.79239821434021,1.1277965086264885e-06,-0.34732505679130554,-0.4455946087837219,-0.4145660102367401,-0.3071846067905426,-0.2677428126335144
dataset/5_127_jpg.rf.04dc346c860d65aef5fe3e22451e4551.jpg,5,0.624462366104126,0.8376374244689941,0.44538626074790955,0.30378344655036926,0.22664204239845276,0.17654412984848022,0.8618117570877075,0.3994879126548767,0.24990642070770264,0.2683864235877991,0.37457215785980225,0.5042701959609985,6.285021072471864e-07,-0.0677063837647438,-0.029451927170157433,-0.035041432827711105,-0.060752175748348236,-0.06877665966749191
dataset/0_122_jpg.rf.c182347f085b460ec0f27ee36c4308d6.jpg,0,0.48514801263809204,0.3246970474720001,0.3622872829437256,0.4063987135887146,0.45999372005462646,0.5068535804748535,0.46199315786361694,0.7944972515106201,0.6775283217430115,0.6597833037376404,0.637444794178009,0.6174895167350769,-6.827612537563255e-07,-0.09847166389226913,-0.1072298064827919,-0.08222368359565735,-0.040239691734313965,-0.03357766941189766
dataset/1_31_jpg.rf.c2e613eda490714b052908da00a035af.jpg,1,0.6017661690711975,0.5713935494422913,0.5330803394317627,0.5816723108291626,0.5453373193740845,0.4855434000492096,0.8810497522354126,0.6095523238182068,0.3317298889160156,0.7011836171150208,0.7572445869445801,0.772773027420044,-1.435074352684751e-07,-0.1553390771150589,-0.1606488823890686,-0.16536018252372742,-0.10681557655334473,-0.08758720755577087
dataset/3_158_jpg.rf.2c45781a91d11ef6a922893ab2f4e1b6.jpg,3,0.831226110458374,0.6629630923271179,0.37644439935684204,0.26215660572052,0.2763580083847046,0.6865502595901489,0.8353366255760193,0.8850313425064087,0.2598191201686859,0.3932477533817291,0.6227186918258667,0.8934522271156311,2.160787744287518e-06,-0.3917950987815857,-0.4423370063304901,-0.3989187479019165,-0.38151198625564575,-0.29495829343795776
dataset/2_113_jpg.rf.bc09693f70b9cdc234f35a20a806beec.jpg,2,0.4742107689380646,0.626361608505249,0.48615020513534546,0.6874289512634277,0.5598106384277344,0.5888651609420776,0.7265949249267578,0.45688074827194214,0.19903028011322021,0.2044009417295456,0.5420352816581726,0.580896258354187,1.2293307918298524e-06,-0.09270769357681274,-0.08760774880647659,-0.1200767233967781,-0.11294423788785934,-0.12159911543130875
dataset/1_38_jpg.rf.27b83f0931840dc3a36853535b173ad4.jpg,1,0.06788015365600586,0.3921833336353302,0.7762882709503174,0.28642821311950684,0.24805259704589844,0.23066887259483337,0.4717467129230499,0.515982985496521,0.4551863372325897,0.46993279457092285,0.4085324704647064,0.326607882976532,3.8163076965247456e-07,-0.27263393998146057,-0.18922796845436096,-0.2000805139541626,-0.14173737168312073,-0.12564703822135925
dataset/0_103_jpg.rf.abb6a928fa46b6098238fb24ab3c1b97.jpg,0,0.7378056049346924,0.4620950222015381,0.5650328993797302,0.5613517761230469,0.5510842800140381,0.5281227827072144,0.6115450859069824,0.22793538868427277,0.3641640543937683,0.4547862708568573,0.5457003712654114,0.6292097568511963,-8.801223998489149e-07,-0.10788454115390778,-0.14466996490955353,-0.1310947835445404,-0.07633738964796066,-0.05609642341732979
dataset/2_66_jpg.rf.08c59a1c492259184510d336aa510886.jpg,2,0.5981314182281494,0.545494019985199,0.5996561050415039,0.4476378262042999,0.5493201613426208,0.5222262144088745,0.8669643402099609,0.5663063526153564,0.27105048298835754,0.27045416831970215,0.6712214350700378,0.7260175347328186,8.949680818659544e-07,-0.09188320487737656,-0.07154077291488647,-0.09911508858203888,-0.09808541089296341,-0.0983358845114708
dataset/1_171_jpg.rf.966cd8517b93cc6bb4ec597504abb8a7.jpg,1,0.4942411780357361,0.5321120619773865,0.49318256974220276,0.5256813764572144,0.48578113317489624,0.4177244305610657,0.8704056739807129,0.5248477458953857,0.26136818528175354,0.6319853067398071,0.699678897857666,0.7063007354736328,-6.274473829392946e-09,-0.08449038118124008,-0.07510250061750412,-0.10308333486318588,-0.0692983940243721,-0.062413737177848816
dataset/2_140_jpg.rf.2f6909a9db31a26fa991f06c98a3626b.jpg,2,0.4689691662788391,0.6407912373542786,0.49891525506973267,0.6819784045219421,0.5862060785293579,0.597104549407959,0.8292271494865417,0.5339908003807068,0.2644011378288269,0.2690142095088959,0.6257673501968384,0.6875395178794861,1.7065533484128537e-06,-0.16425162553787231,-0.019584087654948235,-0.02582363598048687,-0.1385595202445984,-0.17632737755775452
dataset/0_152_jpg.rf.959f5d075f462b28f21faaa8cf5446e7.jpg,0,0.5258097648620605,0.4042972922325134,0.409029483795166,0.48762232065200806,0.5665296912193298,0.63667893409729,0.7727564573287964,0.3658665418624878,0.4887336492538452,0.5158286094665527,0.546887993812561,0.5744133591651917,-1.789654334061197e-06,-0.1037716269493103,-0.12522856891155243,-0.0912727490067482,-0.022617952898144722,-0.023900173604488373
dataset/3_26_jpg.rf.80c2e5db4e3cfd4c06e51aa85f111983.jpg,3,0.4806177616119385,0.6716352105140686,0.5700741410255432,0.7305370569229126,0.8497119545936584,0.6207026839256287,0.6492815017700195,0.4109177589416504,0.11851900815963745,0.12445524334907532,0.1910862922668457,0.5143679976463318,6.544856319123937e-07,-0.02651269920170307,-0.024330448359251022,-0.04468238353729248,-0.15803052484989166,-0.1312791407108307
dataset/2_52_jpg.rf.cf23d40a4a087ddf0312c0622be705a6.jpg,2,0.4448835849761963,0.6065941452980042,0.4685339033603668,0.6555038690567017,0.5479921102523804,0.5711691379547119,0.8327236175537109,0.5484076142311096,0.27980172634124756,0.28009232878685,0.6374277472496033,0.6889919638633728,1.4955986671338906e-06,-0.13180218636989594,-0.03691345453262329,-0.06413669139146805,-0.11786511540412903,-0.1385873258113861
dataset/2_130_jpg.rf.b37cd5ceffa20409915062aedce7f912.jpg,2,0.8237323760986328,0.6346743702888489,0.32342982292175293,0.24147754907608032,0.6393347382545471,0.6713333129882812,0.6036437749862671,0.7919002175331116,0.2625620663166046,0.5868915915489197,0.7072295546531677,0.7684213519096375,1.4035180129212677e-06,-0.32545536756515503,-0.37003177404403687,-0.32688117027282715,-0.22091171145439148,-0.17863285541534424
dataset/5_188_jpg.rf.80b3eb084dfec5dd3f78bb8c695138ea.jpg,5,0.575348436832428,0.6619030833244324,0.576598048210144,0.43277549743652344,0.3755767345428467,0.28533419966697693,0.9338076114654541,0.4596560001373291,0.13828295469284058,0.13620007038116455,0.21452584862709045,0.38933098316192627,8.987036039798113e-07,-0.18886809051036835,-0.24207279086112976,-0.23050326108932495,-0.21837981045246124,-0.20813731849193573
dataset/3_24_jpg.rf.e59c1958e13245be7488d6c22d556f47.jpg,3,0.5811986327171326,0.4922518730163574,0.618730366230011,0.5469175577163696,0.4552971124649048,0.4857500195503235,0.8289422392845154,0.5602177977561951,0.3034742772579193,0.28259003162384033,0.3085383176803589,0.6667423248291016,9.266502161153767e-07,-0.024855755269527435,-0.050547875463962555,-0.032791055738925934,-0.14278890192508698,-0.08185163885354996
dataset/2_71_jpg.rf.f1a0affb3b58c6a29afacd20d1d76872.jpg,2,0.7071372866630554,0.7068531513214111,0.49645769596099854,0.5702955722808838,0.7097693681716919,0.7580098509788513,0.8736927509307861,0.5732439160346985,0.3587222695350647,0.3337878882884979,0.6613204479217529,0.7139168977737427,1.2543698630906874e-06,-0.08902934938669205,-0.00030884210718795657,-0.04179605469107628,-0.10081356018781662,-0.12407946586608887
dataset/2_183_jpg.rf.42124063662e301c7191b9595c44f4f9.jpg,2,0.6355487108230591,0.7033148407936096,0.8980083465576172,0.7608140707015991,0.6708199977874756,0.6138623356819153,0.8273485898971558,0.47678714990615845,0.2046007364988327,0.12372258305549622,0.6044164896011353,0.6437940001487732,1.3628394981424208e-06,-0.12621207535266876,-0.1389646828174591,-0.16416724026203156,-0.13513065874576569,-0.12553386390209198
dataset/4_57_jpg.rf.350d21fca6539c10568836696c6adff2.jpg,4,0.6368374228477478,0.6067845821380615,0.6699663400650024,0.5018819570541382,0.35982751846313477,0.2684054374694824,0.9710715413093567,0.6441704630851746,0.23323321342468262,0.20197585225105286,0.2926516830921173,0.4294917583465576,9.869862651612493e-07,-0.07923709601163864,-0.06281422823667526,-0.05662274733185768,-0.09478562325239182,-0.09538335353136063
dataset/2_93_jpg.rf.c1b745c2a10a445720934a983dcaf52c.jpg,2,0.2800931930541992,0.2769830822944641,0.48869991302490234,0.41232892870903015,0.2837480902671814,0.2256547510623932,0.8595802783966064,0.5780504941940308,0.35944467782974243,0.3363354206085205,0.6452193260192871,0.7029077410697937,1.5082124491527793e-06,-0.09133663028478622,-0.03719314932823181,-0.03477482497692108,-0.11031541228294373,-0.12682166695594788
dataset/0_157_jpg.rf.028c42d2f57fe049209d95852fd31f4a.jpg,0,0.3457842171192169,0.5344756841659546,0.4678686857223511,0.40888601541519165,0.34633660316467285,0.2847294807434082,0.8780488967895508,0.47537392377853394,0.5758369565010071,0.6123149394989014,0.6343737840652466,0.6393769383430481,-8.404974778386531e-07,-0.020773209631443024,-0.039897456765174866,-0.06368955224752426,-0.04930227994918823,-0.04535217955708504
dataset/0_79_jpg.rf.5d07ab7a4d5d8e619452ea8c9c93a5e9.jpg,0,0.5891681909561157,0.7147077918052673,0.716778576374054,0.665208101272583,0.6148865222930908,0.5681212544441223,0.21659860014915466,0.5342358350753784,0.4321882128715515,0.4242568910121918,0.4021947979927063,0.38918161392211914,-9.412202075509413e-07,-0.058146797120571136,-0.0652153342962265,-0.03668823838233948,-0.009442836046218872,-0.004706519655883312
dataset/2_95_jpg.rf.52cefb3b9a881676dc74633431c0ee81.jpg,2,0.5419455170631409,0.5274423956871033,0.3314661383628845,0.45035457611083984,0.5499623417854309,0.6095132231712341,0.889826774597168,0.5093764662742615,0.2311761975288391,0.1852666437625885,0.6331366300582886,0.6850630044937134,9.530739362162421e-07,-0.07615162432193756,-0.04927431046962738,-0.11062251776456833,-0.0838729664683342,-0.09954021126031876
dataset/2_117_jpg.rf.12a86fc575de10ad2aaf87fe4cca2e9d.jpg,2,0.44461894035339355,0.5887067317962646,0.5757570266723633,0.7179539203643799,0.565798819065094,0.5399801731109619,0.7899109125137329,0.685021698474884,0.24496647715568542,0.36165350675582886,0.6545049548149109,0.7197601199150085,6.773446443730791e-07,-0.12381099164485931,-0.1421125829219818,-0.12002212554216385,-0.11170710623264313,-0.12301260977983475
dataset/1_103_jpg.rf.0f6eba93632f4c0fd163683ca4aa6ad0.jpg,1,0.4652310907840729,0.5624720454216003,0.5541284680366516,0.5227649211883545,0.542182207107544,0.6124903559684753,0.9348732233047485,0.6418611407279968,0.3429664671421051,0.6819189786911011,0.7771587371826172,0.7927258610725403,-5.8632895871824076e-08,-0.18211446702480316,-0.16927684843540192,-0.18855266273021698,-0.12660016119480133,-0.12085118889808655
dataset/5_15_jpg.rf.e17aa429d942d4e70ad53c55d8a7bc3a.jpg,5,0.31059885025024414,0.9561830163002014,0.5655143857002258,0.4921140968799591,0.3950587511062622,0.2899910509586334,0.7887363433837891,0.5255192518234253,0.1995905637741089,0.15231606364250183,0.18314939737319946,0.23369619250297546,1.0167526625082246e-06,-0.13405680656433105,-0.03248554468154907,-0.02147485502064228,-0.030324384570121765,-0.019013825803995132
dataset/5_69_jpg.rf.505b5528264e413e7a540787fb7fbf71.jpg,5,0.571404755115509,0.8877706527709961,0.5538371205329895,0.409171462059021,0.2822175621986389,0.17834508419036865,0.8346843719482422,0.5219703316688538,0.32372429966926575,0.3171941637992859,0.3779880404472351,0.4891486167907715,8.319467497130972e-07,-0.08710457384586334,-0.04078812152147293,-0.0335407517850399,-0.06738865375518799,-0.0837392583489418
dataset/1_120_jpg.rf.a708ea7a2943bfc1e92e67f3b4baa544.jpg,1,0.07224345207214355,0.37259984016418457,0.7223501205444336,0.3331063985824585,0.24028317630290985,0.22929777204990387,0.502626895904541,0.5557461977005005,0.44631731510162354,0.5207990407943726,0.5606059432029724,0.6365095973014832,8.85566819874839e-08,-0.21088255941867828,-0.18424513936042786,-0.18654562532901764,-0.1370527297258377,-0.1230475977063179
dataset/4_7_jpg.rf.d38952fbea265796678d95cd61df40b5.jpg,4,0.5994746685028076,0.5048839449882507,0.6427716612815857,0.43256014585494995,0.2387390434741974,0.12078255414962769,0.780443012714386,0.5418128967285156,0.15626341104507446,0.1324274241924286,0.22064530849456787,0.3789193630218506,1.2769344266416738e-06,-0.18245506286621094,-0.18673010170459747,-0.17007404565811157,-0.19083012640476227,-0.1751473993062973
dataset/1_196_jpg.rf.1abc2099d2d3037af7fe73afcfd6de40.jpg,1,0.3503769636154175,0.4274577498435974,0.27832937240600586,0.37055209279060364,0.4007992744445801,0.4211612939834595,0.8330001831054688,0.6994451880455017,0.22636598348617554,0.6820073127746582,0.7185729146003723,0.7614287734031677,-1.6394137958286592e-07,-0.18766094744205475,-0.23563338816165924,-0.1591504067182541,-0.10979335010051727,-0.12550117075443268
dataset/3_58_jpg.rf.85da6d71303b237aa367e6f04f227373.jpg,3,0.43677979707717896,0.47664761543273926,0.24422301352024078,0.3655237853527069,0.5435173511505127,0.5071210861206055,0.87894207239151,0.5358023047447205,0.23809707164764404,0.18232125043869019,0.22369983792304993,0.6609795093536377,4.0420584923595015e-07,0.017879581078886986,0.019725097343325615,-0.014417121186852455,-0.11662624031305313,-0.08104848861694336
dataset/3_15_jpg.rf.16de0602968eb1dd0f9e5235b1c8a247.jpg,3,0.6307041049003601,0.5406792759895325,0.6629164218902588,0.5246213674545288,0.4010087251663208,0.533880889415741,0.9003235101699829,0.5822722315788269,0.254415363073349,0.2374146282672882,0.3096463084220886,0.7202731966972351,9.650067340771784e-07,-0.03658166155219078,-0.04103969410061836,-0.045622147619724274,-0.13432422280311584,-0.09504948556423187
dataset/2_22_jpg.rf.8ec74a256fb5da77665aa8694301dbef.jpg,2,0.6675478219985962,0.5203039646148682,0.42877066135406494,0.2820180356502533,0.5190473794937134,0.5612108707427979,0.7012138366699219,0.6270599365234375,0.18302473425865173,0.3563057780265808,0.5866778492927551,0.6443396806716919,1.1125090395580628e-06,-0.13129545748233795,-0.14638476073741913,-0.14733053743839264,-0.12174947559833527,-0.12344591319561005
dataset/3_193_jpg.rf.0f0759629284e44d8eaaa90454bf7764.jpg,3,0.5495437383651733,0.4653870761394501,0.5478066205978394,0.40947845578193665,0.2980896830558777,0.47359538078308105,0.8169819116592407,0.5380067229270935,0.19015970826148987,0.1779480278491974,0.2667669653892517,0.6722874641418457,8.47128831082955e-07,-0.04670193791389465,-0.06317140907049179,-0.07775581628084183,-0.16291405260562897,-0.1232289969921112
dataset/5_122_jpg.rf.eb772c7fbd4201f9eeba1a64934c48b3.jpg,5,0.5059593915939331,0.850174069404602,0.5071351528167725,0.35033679008483887,0.21633511781692505,0.10141825675964355,0.5762537121772766,0.26277780532836914,0.06820835173130035,0.06069023907184601,0.12302307784557343,0.2240615040063858,8.705618483872968e-07,-0.09472843259572983,-0.04591161385178566,-0.02995528094470501,-0.059590894728899,-0.07357709854841232
dataset/5_197_jpg.rf.a656cfec2f32adf41a47aa5a0658c62e.jpg,5,0.5844876766204834,0.24958449602127075,0.5748520493507385,0.6973907947540283,0.8505067825317383,0.9160408973693848,0.7848464250564575,0.45427069067955017,0.256192684173584,0.23967880010604858,0.334212064743042,0.45316842198371887,3.4658961567402e-07,-0.16990385949611664,-0.19049020111560822,-0.1964668482542038,-0.20592939853668213,-0.20037977397441864
dataset/1_179_jpg.rf.5a6255f5398454ee1562816a3676f78e.jpg,1,0.06464681029319763,0.3564095199108124,0.6585214138031006,0.2969712018966675,0.22297915816307068,0.2047509253025055,0.46773386001586914,0.5644652843475342,0.5547844171524048,0.5120124220848083,0.5457210540771484,0.6106407046318054,-1.3860872627446952e-07,-0.15050095319747925,-0.12621623277664185,-0.13985709846019745,-0.09635067731142044,-0.09215454012155533
dataset/0_181_jpg.rf.ddfe3bc073165ea63baf30c40c808692.jpg,0,0.4715995788574219,0.33607685565948486,0.39700356125831604,0.37233439087867737,0.3460454046726227,0.3164597749710083,0.7404031157493591,0.41357845067977905,0.4866645038127899,0.541877269744873,0.6094159483909607,0.6705480813980103,-9.062550816452131e-07,-0.09516197443008423,-0.14054745435714722,-0.10415754467248917,-0.04897825047373772,-0.034390438348054886
dataset/2_44_jpg.rf.7012afc6908f47f2a558b28f4a26ce2d.jpg,2,0.5738406777381897,0.3006267249584198,0.14625141024589539,0.029930025339126587,0.4443833827972412,0.45776432752609253,0.8855404853820801,0.707359254360199,0.4436427652835846,0.592098593711853,0.7962847948074341,0.8377630114555359,7.890435540502949e-07,-0.10310602933168411,-0.09460794925689697,-0.12725219130516052,-0.12270518392324448,-0.11404691636562347
dataset/3_59_jpg.rf.eefc0389711a35e51961e2963a06a8d3.jpg,3,0.4755048155784607,0.3858233690261841,0.4997390806674957,0.42039182782173157,0.3667070269584656,0.4003303349018097,0.8573117256164551,0.6652221083641052,0.22358503937721252,0.21081286668777466,0.27790623903274536,0.6236841082572937,9.85907831818622e-07,-0.18014346063137054,-0.2121814787387848,-0.1934952437877655,-0.19828064739704132,-0.16347357630729675
dataset/1_205_jpg.rf.3d9d9d00275eb620dadd541c741f2d0d.jpg,1,0.8042582869529724,0.6571292877197266,0.31895309686660767,0.6988816261291504,0.7127192616462708,0.6976696848869324,0.6668867468833923,0.6781269311904907,0.4025113582611084,0.6377764940261841,0.6823342442512512,0.7383933663368225,3.5804507092507265e-07,-0.22145800292491913,-0.2674688696861267,-0.20704905688762665,-0.1368013620376587,-0.11576515436172485
dataset/5_171_jpg.rf.3c04354c1c381919a6996626cd1eb7a3.jpg,5,0.5780906081199646,0.8804093599319458,0.5578276515007019,0.4310455322265625,0.3146842122077942,0.2457292675971985,0.7702168226242065,0.4442914128303528,0.1646559238433838,0.14525330066680908,0.23515547811985016,0.36874884366989136,9.78847765509272e-07,-0.1341114640235901,-0.13127616047859192,-0.13369259238243103,-0.1474912464618683,-0.14265894889831543
dataset/4_24_jpg.rf.f85fb525d03a84b39f008073808704c8.jpg,4,0.40408673882484436,0.5031994581222534,0.49455368518829346,0.5505690574645996,0.593148946762085,0.6172537803649902,0.7932450771331787,0.542967677116394,0.13593152165412903,0.11281844973564148,0.18817421793937683,0.3081255555152893,7.877388839006016e-07,-0.09310081601142883,-0.12134137004613876,-0.11554418504238129,-0.11753183603286743,-0.11566983163356781
dataset/2_19_jpg.rf.b8067bf66e55580349f9111f9426f3f1.jpg,2,0.38751378655433655,0.27501940727233887,0.39056867361068726,0.3186055123806,0.32785677909851074,0.3013012707233429,0.8528345823287964,0.5829535722732544,0.3424994945526123,0.3365202844142914,0.6555345058441162,0.7138175368309021,1.0737433058238821e-06,-0.05402195081114769,-0.014606674201786518,-0.01716584712266922,-0.0827261358499527,-0.08623090386390686
dataset/5_75_jpg.rf.c5816171768221195056572923afb63a.jpg,5,0.6040234565734863,0.823055624961853,0.4447788596153259,0.29941320419311523,0.20290681719779968,0.16489750146865845,0.6942700743675232,0.31130582094192505,0.10840444266796112,0.11991134285926819,0.23615357279777527,0.39377734065055847,6.461501129706448e-07,-0.09287469834089279,-0.0981401577591896,-0.10592299699783325,-0.13080163300037384,-0.1379462480545044
dataset/3_31_jpg.rf.2df9900bc07aaa47c6c6e6bb2d2ec66c.jpg,3,0.4875967800617218,0.5247834920883179,0.25315260887145996,0.384640634059906,0.5818639993667603,0.5553628206253052,0.9093491435050964,0.5475239157676697,0.22622168064117432,0.15919095277786255,0.19653591513633728,0.6852061152458191,4.352078519787028e-07,-0.006952004041522741,-0.014946939423680305,-0.05276249349117279,-0.15810275077819824,-0.11921662092208862
dataset/5_159_jpg.rf.0aebfa0a37838a82d4b9606c715cb4f2.jpg,5,0.5295829772949219,0.8161315321922302,0.4804326295852661,0.41149577498435974,0.3472718596458435,0.2899726629257202,0.7167784571647644,0.46311888098716736,0.3049548268318176,0.27830785512924194,0.31695935130119324,0.37357524037361145,7.078992894093972e-07,-0.017252061516046524,0.025094404816627502,0.01900959387421608,-0.004386527463793755,-0.005722201894968748
dataset/2_54_jpg.rf.39b838456c59e1babbef01699f388c78.jpg,2,0.6131637096405029,0.6518396735191345,0.7253386974334717,0.5709192752838135,0.6086370348930359,0.5473626852035522,0.8984540700912476,0.5596520900726318,0.2737131118774414,0.23186802864074707,0.6166398525238037,0.7011151313781738,1.1523484317876864e-06,-0.10929863899946213,-0.09002940356731415,-0.10536972433328629,-0.11809326708316803,-0.12817434966564178
dataset/2_112_jpg.rf.7f51ebe489b839af0d7e7ea21f5c8390.jpg,2,0.5933082103729248,0.37938424944877625,0.1908683031797409,0.29779863357543945,0.43875426054000854,0.5066741704940796,0.7338753938674927,0.5423174500465393,0.4158596992492676,0.3104155659675598,0.5104912519454956,0.5764029026031494,5.807723937323317e-07,0.1592382937669754,-0.08118188381195068,-0.06145394220948219,0.18257443606853485,0.19269423186779022
dataset/0_156_jpg.rf.c872274cd8bc5c4c78563277cd31e058.jpg,0,0.3965475857257843,0.39579328894615173,0.4106455445289612,0.3806069791316986,0.353832870721817,0.31803011894226074,0.6913383603096008,0.47105735540390015,0.5431167483329773,0.5744755864143372,0.5981138348579407,0.6111340522766113,-6.101895451138262e-07,-0.012870282866060734,-0.02296215109527111,-0.02997175045311451,-0.00960321631282568,0.0038272107485681772
dataset/1_40_jpg.rf.45a997307c1bc7c0fab13d7326cbb448.jpg,1,0.49514710903167725,0.45006585121154785,0.49267902970314026,0.46990519762039185,0.44190433621406555,0.37290212512016296,0.9559875726699829,0.6468985080718994,0.3649298846721649,0.709331214427948,0.7941554188728333,0.8089686632156372,1.550275499084819e-07,-0.1819201111793518,-0.1518060564994812,-0.16955387592315674,-0.11378902196884155,-0.09574573487043381
dataset/5_5_jpg.rf.2f8c2472c3dfdafa5336218e22c32b1d.jpg,5,0.5324117541313171,0.9498652219772339,0.5176655054092407,0.424488365650177,0.3276579976081848,0.25041499733924866,0.8740545511245728,0.509711742401123,0.25534918904304504,0.21572339534759521,0.26549914479255676,0.34648585319519043,1.1296273214611574e-06,-0.025775907561182976,0.061149731278419495,0.045358967036008835,-0.0006675617187283933,-0.016685454174876213
dataset/1_111_jpg.rf.9ceeaff54fae9af0635c69d9a48b293c.jpg,1,0.5113739967346191,0.4515204429626465,0.4840555787086487,0.46969375014305115,0.4528173804283142,0.38737252354621887,0.9462399482727051,0.6367844343185425,0.34719735383987427,0.6922410726547241,0.7841566801071167,0.7992310523986816,2.1869831812182383e-07,-0.19274947047233582,-0.15426833927631378,-0.17125685513019562,-0.11577200889587402,-0.09623464941978455
dataset/2_38_jpg.rf.dce0cbb12d678d562eeba34f1367c064.jpg,2,0.5039145946502686,0.48341038823127747,0.5414103269577026,0.4309771955013275,0.4785580337047577,0.4494347870349884,0.8486891984939575,0.5886898040771484,0.401767760515213,0.3846924901008606,0.6813234686851501,0.7259696125984192,7.947434710331436e-07,-0.03508378937840462,-0.03096308931708336,-0.05579124763607979,-0.06209663301706314,-0.06345773488283157
dataset/4_12_jpg.rf.3d6c9ec0f6563f359158f52db00eeb4a.jpg,4,0.55445396900177,0.5790923833847046,0.6943960189819336,0.5374618768692017,0.3368833661079407,0.2156447470188141,0.896491289138794,0.6486722826957703,0.3016470968723297,0.23383793234825134,0.31060540676116943,0.46895506978034973,1.2214854905323591e-06,-0.1914142221212387,-0.22462865710258484,-0.20244327187538147,-0.21263471245765686,-0.19722795486450195
dataset/1_209_jpg.rf.fdb51fb0c6f38f8e90052d727cba7561.jpg,1,0.5960757732391357,0.466948002576828,0.4176133871078491,0.5258702039718628,0.5056442022323608,0.4940376281738281,0.8314467668533325,0.7468997240066528,0.1418401300907135,0.7064547538757324,0.7632164359092712,0.8161044120788574,6.180661102916929e-07,-0.23390373587608337,-0.26332688331604004,-0.21611884236335754,-0.16141816973686218,-0.1485361009836197
dataset/3_16_jpg.rf.6632514620f53198f8beacc54de1afd5.jpg,3,0.5768656134605408,0.49501535296440125,0.5801082253456116,0.4387858510017395,0.3251722455024719,0.5009495615959167,0.8162668943405151,0.5338234901428223,0.18120479583740234,0.16986870765686035,0.2589784264564514,0.6654403805732727,8.795186090537754e-07,-0.05608696863055229,-0.06735068559646606,-0.08087136596441269,-0.16186918318271637,-0.12176108360290527
dataset/4_91_jpg.rf.254a83bb854b244af696a3224c099f48.jpg,4,0.39890316128730774,0.480703204870224,0.40559515357017517,0.565443217754364,0.727169394493103,0.8311567306518555,0.8744004964828491,0.5350068211555481,0.13457056879997253,0.12834522128105164,0.21975818276405334,0.3822196125984192,6.187507324284525e-07,-0.08761493861675262,-0.08082426339387894,-0.08295654505491257,-0.1269431859254837,-0.1294197142124176
dataset/3_46_jpg.rf.5713149b4f054079309d5d4a271ae18e.jpg,3,0.6137385368347168,0.5239136219024658,0.6426441669464111,0.5331723093986511,0.3942817151546478,0.519278347492218,0.8379178047180176,0.5627478957176208,0.2674688398838043,0.25362062454223633,0.3331965208053589,0.6895437240600586,1.0586915095700533e-06,0.010472061112523079,0.019360756501555443,0.02578870765864849,-0.09273269772529602,-0.060032639652490616
dataset/0_142_jpg.rf.01554c52d2d39e55db2fff789c577d79.jpg,0,0.5314587950706482,0.7057818174362183,0.6918036937713623,0.6402078866958618,0.5878215432167053,0.5390533804893494,0.2418462485074997,0.4937894344329834,0.397163987159729,0.4042131304740906,0.4013224244117737,0.4155745804309845,-8.812761507215328e-07,-0.05599389225244522,-0.06729553639888763,-0.03713742271065712,-0.012999694794416428,-0.007606926839798689
dataset/3_182_jpg.rf.2c41bb7223e3bc7e21468f46d77247aa.jpg,3,0.4554953873157501,0.36559319496154785,0.4241761267185211,0.35907524824142456,0.2888408601284027,0.3549533784389496,0.8287407159805298,0.5906182527542114,0.32674407958984375,0.3056720793247223,0.33149468898773193,0.6895390152931213,8.751085260882974e-07,-0.00010522636875975877,-0.01812567748129368,-0.014034771360456944,-0.15008826553821564,-0.1048385351896286
dataset/0_78_jpg.rf.d1c48462c90e1e56c7af167218a6c896.jpg,0,0.37451842427253723,0.5555774569511414,0.4916377067565918,0.43482506275177,0.37223872542381287,0.313672810792923,0.8769958019256592,0.48403292894363403,0.5844250917434692,0.612876296043396,0.6379093527793884,0.6557384729385376,-9.93935827864334e-07,-0.02919231913983822,-0.06477446854114532,-0.08880119025707245,-0.06719417870044708,-0.05967748910188675
dataset/4_23_jpg.rf.57218c59bfeacdcea718c1c11f03c10f.jpg,4,0.4577982425689697,0.5175842046737671,0.40730100870132446,0.46812888979911804,0.5325674414634705,0.5996295213699341,0.8849349617958069,0.6482263803482056,0.2083107829093933,0.17473584413528442,0.2264397144317627,0.3526673913002014,7.330406219807628e-07,-0.1400928944349289,-0.1939718872308731,-0.17571790516376495,-0.1710543930530548,-0.16908647119998932
dataset/5_86_jpg.rf.09a6f6eedff957e25f33410f397d5ce4.jpg,5,0.575849175453186,0.2763322591781616,0.5125303864479065,0.6055334210395813,0.6977623701095581,0.7759266495704651,0.7934074401855469,0.5520827770233154,0.31450584530830383,0.2814042568206787,0.3007747232913971,0.36036762595176697,3.0907131076673977e-07,-0.0016018773894757032,0.0535442978143692,0.06634192913770676,0.024900808930397034,-0.0010391541291028261
dataset/2_128_jpg.rf.f02d0de85331120d43f6ec1e6587cdd6.jpg,2,0.5079445242881775,0.4861355721950531,0.548435628414154,0.4572537839412689,0.4920455813407898,0.45899370312690735,0.8174896836280823,0.5843979716300964,0.4410785436630249,0.4248322546482086,0.6679306626319885,0.703230619430542,7.408152100651932e-07,-0.009502572007477283,0.025040043517947197,-0.0008467354928143322,-0.03391963243484497,-0.03991977125406265
dataset/5_34_jpg.rf.2feaef6c753dbcdcaba278164ac5c515.jpg,5,0.5387569665908813,0.9730812907218933,0.44311293959617615,0.3423532247543335,0.2752363681793213,0.21010372042655945,0.8787674903869629,0.4690333306789398,0.24684995412826538,0.21821916103363037,0.2766956686973572,0.3568883538246155,5.713646942240302e-07,-0.09487846493721008,-0.07579457759857178,-0.07847239077091217,-0.08110874146223068,-0.07100608199834824
dataset/3_148_jpg.rf.17a635ffde2b47081e1514d040b49833.jpg,3,0.5485818982124329,0.5080812573432922,0.6752727627754211,0.5736384987831116,0.42990347743034363,0.48551785945892334,0.8116333484649658,0.5276731252670288,0.2934532165527344,0.26767927408218384,0.3003908395767212,0.650259256362915,9.485123655395e-07,0.017365511506795883,0.003977671265602112,0.0015128508675843477,-0.09357603639364243,-0.058810748159885406
dataset/1_7_jpg.rf.5df2e09cebbfd577598e203e7a914127.jpg,1,0.4476723074913025,0.5614534020423889,0.5123274326324463,0.5148054361343384,0.5404129028320312,0.6087849736213684,0.9181044101715088,0.621146559715271,0.2808384299278259,0.6694676280021667,0.7524425387382507,0.7749955654144287,-9.895799024661756e-08,-0.24569520354270935,-0.20864684879779816,-0.2085161656141281,-0.15306684374809265,-0.13937900960445404
dataset/3_176_jpg.rf.2bd91d9ba4c22d3b5c161889d5b76a4f.jpg,3,0.5435315370559692,0.3415687084197998,0.4546416103839874,0.29843682050704956,0.16593050956726074,0.4020901620388031,0.7515268325805664,0.49955224990844727,0.1915145218372345,0.1992097645998001,0.2751820683479309,0.609870433807373,1.1792700433943537e-06,-0.039010919630527496,-0.0534164234995842,-0.06732047349214554,-0.17909924685955048,-0.13347169756889343
dataset/0_12_jpg.rf.37f8f0d3102c41ddefe05835326024d3.jpg,0,0.7431504130363464,0.4748882055282593,0.5850749611854553,0.5880808234214783,0.593173623085022,0.576537013053894,0.43081924319267273,0.27348819375038147,0.2904122471809387,0.3354124128818512,0.388407826423645,0.43771129846572876,-9.379767220707436e-07,-0.05221707746386528,-0.1144287958741188,-0.06703685969114304,-0.01748124696314335,-0.005142720881849527
dataset/2_188_jpg.rf.58a3597eaf933f079d4292376a6db999.jpg,2,0.6469466686248779,0.5428714752197266,0.6848777532577515,0.5141072869300842,0.5805634260177612,0.5514706373214722,0.839399516582489,0.5514801740646362,0.3095596134662628,0.3085812032222748,0.6427886486053467,0.682861328125,1.3726803445024416e-06,-0.09299833327531815,-0.04116954654455185,-0.05015227943658829,-0.10271512717008591,-0.1159990057349205
dataset/4_70_jpg.rf.21ef3f46ab8440a52ab3097e0bc283ee.jpg,4,0.4035913646221161,0.48739928007125854,0.3669115900993347,0.5564708113670349,0.7509617209434509,0.8714761734008789,0.7895610332489014,0.5413769483566284,0.17466101050376892,0.16106846928596497,0.23946815729141235,0.3914111256599426,6.98989708780573e-07,-0.11626685410737991,-0.11505329608917236,-0.12213754653930664,-0.17244203388690948,-0.1719527542591095
dataset/2_80_jpg.rf.c9c6c03c401c9414d60080690a0213a6.jpg,2,0.41131365299224854,0.5327218174934387,0.38292622566223145,0.559971809387207,0.48712748289108276,0.5066788792610168,0.8448886275291443,0.5753708481788635,0.32575249671936035,0.3193911612033844,0.6570318937301636,0.7034218907356262,9.936616152117494e-07,-0.07583814114332199,-0.06744571030139923,-0.10820844024419785,-0.11692159622907639,-0.12748035788536072
dataset/3_11_jpg.rf.65d09d5373a70ef69b29a8b6a5bcc725.jpg,3,0.5248947739601135,0.2680065929889679,0.19858647882938385,0.12259608507156372,0.061604976654052734,0.35727304220199585,0.7327118515968323,0.5541275143623352,0.31632184982299805,0.3955990672111511,0.5157290697097778,0.6603584289550781,6.079988565943495e-07,0.019804904237389565,0.004524714313447475,7.823881787771825e-06,-0.07374122738838196,-0.025543203577399254
dataset/4_151_jpg.rf.d71b8e9d44b54c1a261041161fb0f11d.jpg,4,0.4048573970794678,0.48814862966537476,0.36433839797973633,0.5627226829528809,0.7710576057434082,0.8885167241096497,0.7833947539329529,0.5345008373260498,0.1567992866039276,0.1391218900680542,0.22706913948059082,0.38275277614593506,7.216997346404241e-07,-0.12971317768096924,-0.1313585489988327,-0.14059989154338837,-0.19128553569316864,-0.1913033425807953
dataset/3_185_jpg.rf.9db8fe129198f48289a7e8132ebdb1a2.jpg,3,0.5649669766426086,0.47935494780540466,0.5704009532928467,0.4501270651817322,0.33660614490509033,0.4653050899505615,0.9465059638023376,0.6474766731262207,0.33738693594932556,0.32944515347480774,0.3999893069267273,0.7906902432441711,8.610492159277783e-07,0.004465271253138781,0.004739006515592337,-0.006109118927270174,-0.10860560089349747,-0.07011599093675613
dataset/3_71_jpg.rf.573f4d8c5a7ec28255814b732e90bb63.jpg,3,0.47750264406204224,0.431029736995697,0.6737902164459229,0.5606148838996887,0.38236793875694275,0.41056182980537415,0.9301928281784058,0.5911406874656677,0.2725619077682495,0.22813794016838074,0.26597827672958374,0.7175699472427368,1.2678260645770933e-06,-0.026233840733766556,-0.04216239973902702,-0.04459678381681442,-0.14794354140758514,-0.09509232640266418
dataset/5_55_jpg.rf.578318da6c8885cc8f20d963ba6c8249.jpg,5,0.48613619804382324,0.21441861987113953,0.5758452415466309,0.708270251750946,0.8175133466720581,0.8735870718955994,0.8091905117034912,0.46117493510246277,0.21015241742134094,0.21298378705978394,0.31279879808425903,0.45312556624412537,8.581825454712089e-07,-0.136697918176651,-0.11923996359109879,-0.12866397202014923,-0.15233244001865387,-0.15197281539440155
dataset/4_62_jpg.rf.26767edb277d4b7103a2d740fe5f5e93.jpg,4,0.31260237097740173,0.3591996729373932,0.23021185398101807,0.42861196398735046,0.6272042989730835,0.7533501386642456,0.8874694108963013,0.6561591625213623,0.27155253291130066,0.25325095653533936,0.32587265968322754,0.468566358089447,7.114470577107568e-07,-0.12785950303077698,-0.1320747435092926,-0.13657279312610626,-0.17993873357772827,-0.17972417175769806
dataset/5_59_jpg.rf.d01bf7e4b79518ac78b0205b9ffcdf41.jpg,5,0.5520901083946228,0.8916488289833069,0.5496701598167419,0.394911527633667,0.26128482818603516,0.1502305567264557,0.7267324924468994,0.41758596897125244,0.2141457200050354,0.2008373737335205,0.26385608315467834,0.36958885192871094,9.292610343436536e-07,-0.080050989985466,-0.023588938638567924,-0.022216830402612686,-0.06010397896170616,-0.0765194222331047
dataset/3_161_jpg.rf.4bd0ba5b41956ad18ad26e5d0e9f57db.jpg,3,0.42589980363845825,0.33021479845046997,0.5819610357284546,0.3853018581867218,0.3282233476638794,0.35278433561325073,0.8858649730682373,0.6180715560913086,0.14227312803268433,0.11407104134559631,0.19866201281547546,0.6692100763320923,1.1947628308917047e-06,-0.18610838055610657,-0.22637954354286194,-0.2092534899711609,-0.19937068223953247,-0.14529098570346832
dataset/4_38_jpg.rf.afd8f9639db18fdb37c7e5ccc1d18947.jpg,4,0.5595264434814453,0.6125901341438293,0.42321741580963135,0.5923563241958618,0.6581907272338867,0.75834059715271,0.8525481224060059,0.7026838660240173,0.18287011981010437,0.136537104845047,0.2119625210762024,0.3500727415084839,9.814390296014608e-07,-0.19200477004051208,-0.23388004302978516,-0.2148827612400055,-0.2049597203731537,-0.18680740892887115
dataset/4_111_jpg.rf.760e490b6566f04a7abefc34f320c8e2.jpg,4,0.24825429916381836,0.41753846406936646,0.5712360739707947,0.7555235624313354,0.7632673978805542,0.7254202961921692,0.735339879989624,0.6630785465240479,0.10470816493034363,0.2932547330856323,0.4337407350540161,0.7130524516105652,9.23506377148442e-07,-0.1879255622625351,-0.23057478666305542,-0.19498185813426971,-0.20104756951332092,-0.188142791390419
dataset/3_146_jpg.rf.398b72e9e548e841ad4739b117f09787.jpg,3,0.4315047562122345,0.5008333921432495,0.3893769681453705,0.4692220091819763,0.5574753284454346,0.5200134515762329,0.8331192135810852,0.5596265196800232,0.301022469997406,0.27784934639930725,0.31590667366981506,0.6614026427268982,5.836621994603775e-07,0.007903247140347958,0.003447862109169364,-0.0062333629466593266,-0.12220302224159241,-0.09184322506189346
dataset/1_75_jpg.rf.fb1dfe0175f9a0ebb47d347c777b8908.jpg,1,0.4872961640357971,0.5663895606994629,0.5404351353645325,0.5223208665847778,0.5556861162185669,0.6286090612411499,0.9371632933616638,0.6417052149772644,0.3468455672264099,0.6967446208000183,0.780984103679657,0.7936864495277405,-4.196103020603914e-08,-0.19617146253585815,-0.18099935352802277,-0.2021203637123108,-0.1388603001832962,-0.13007709383964539
dataset/0_40_jpg.rf.10e0163fd1717f5d9b93f00ed6bfb689.jpg,0,0.5967100858688354,0.5943358540534973,0.5842779874801636,0.6162682771682739,0.6438879370689392,0.6688404083251953,0.4084702134132385,0.7101334929466248,0.6142946481704712,0.588843822479248,0.5637692213058472,0.5580722093582153,-8.229298487094638e-07,-0.13670432567596436,-0.14896564185619354,-0.09538371860980988,-0.04248244687914848,-0.012864521704614162
dataset/5_196_jpg.rf.11afae6e5896b7c22fa5df7bf45b4fdd.jpg,5,0.5684983730316162,0.6311848163604736,0.5310832858085632,0.448822945356369,0.4023778438568115,0.3338085114955902,0.9183423519134521,0.4582127034664154,0.20836949348449707,0.1857318878173828,0.24869102239608765,0.3899189531803131,7.270282367244363e-07,-0.1274316906929016,-0.16617032885551453,-0.15605869889259338,-0.14683063328266144,-0.13828161358833313
dataset/3_186_jpg.rf.059847214286435786b8b1b9b8afed69.jpg,3,0.24658599495887756,0.38557198643684387,0.2698778808116913,0.40624964237213135,0.5241629481315613,0.358585000038147,0.8825706243515015,0.6515660285949707,0.38349398970603943,0.37928473949432373,0.43985459208488464,0.7420511841773987,3.9056118339431123e-07,-0.013840539380908012,-0.025880685076117516,-0.04853961616754532,-0.15035870671272278,-0.13107368350028992
dataset/5_165_jpg.rf.d8116ada73c91f2092af533d22eeaf2f.jpg,5,0.40274327993392944,0.47582724690437317,0.7127158641815186,0.7987327575683594,0.8300971984863281,0.8560181856155396,0.8632715940475464,0.3100362718105316,0.14409521222114563,0.17514383792877197,0.290421724319458,0.5150995254516602,1.1797202432717313e-06,-0.16928260028362274,-0.17193900048732758,-0.1546502709388733,-0.15345123410224915,-0.14461824297904968
dataset/3_39_jpg.rf.3dbe63d26a171eff894fd05a6f1c3492.jpg,3,0.5966971516609192,0.4587395489215851,0.30254942178726196,0.23638181388378143,0.23479977250099182,0.47500330209732056,0.8903774619102478,0.807844877243042,0.3374931812286377,0.35140174627304077,0.4777735471725464,0.8007779121398926,1.3424291864794213e-06,-0.22602969408035278,-0.2780057191848755,-0.2560850977897644,-0.2584061324596405,-0.20520460605621338
dataset/0_16_jpg.rf.afbd2a48946350748ba3542e1e7347db.jpg,0,0.7750904560089111,0.4633398652076721,0.5765546560287476,0.5865371823310852,0.6031671166419983,0.6011050939559937,0.41668516397476196,0.28932487964630127,0.29392585158348083,0.33755213022232056,0.38721635937690735,0.4373278021812439,-9.808319418880274e-07,-0.027966400608420372,-0.09092280268669128,-0.04692500829696655,0.0008971192291937768,0.013671302236616611
dataset/1_115_jpg.rf.b31b09fc8e83c5649c899bfe6b491f62.jpg,1,0.9118080139160156,0.614663302898407,0.2609874904155731,0.666204571723938,0.7537984251976013,0.7372910380363464,0.6669783592224121,0.5607752799987793,0.3143521547317505,0.5766552090644836,0.6514711976051331,0.7310259342193604,6.679792363684101e-07,-0.25372156500816345,-0.20197793841362,-0.20506934821605682,-0.1443173587322235,-0.12262699007987976
dataset/2_136_jpg.rf.4aa2b38bb5971a9774abaf6b44fb4688.jpg,2,0.2777854800224304,0.28032416105270386,0.49577754735946655,0.41714218258857727,0.2839909791946411,0.2302381545305252,0.8581712245941162,0.5823615789413452,0.3618345856666565,0.33772438764572144,0.6385117769241333,0.7054485082626343,1.6121051658046781e-06,-0.09996975213289261,-0.027398867532610893,-0.020935868844389915,-0.11602625995874405,-0.1379602700471878
dataset/2_198_jpg.rf.31c5f4fde41d09e8a342a9b247f6fde0.jpg,2,0.5099853873252869,0.32799702882766724,0.26767614483833313,0.11866804957389832,0.38917556405067444,0.38967379927635193,0.92345130443573,0.621937096118927,0.36386728286743164,0.4345082938671112,0.7388269901275635,0.8045145273208618,7.4964532359445e-07,-0.031347423791885376,-0.036526210606098175,-0.09446249157190323,-0.08459591865539551,-0.0840962678194046
dataset/5_38_jpg.rf.9c6cf243c4e3b4e678a8517ea722c2b4.jpg,5,0.49183833599090576,0.7264118194580078,0.4621800184249878,0.3652902841567993,0.27305108308792114,0.21095319092273712,0.703223705291748,0.3966900408267975,0.23222675919532776,0.22353698313236237,0.2921019494533539,0.39471235871315,5.955709525551356e-07,-0.07374203205108643,-0.06046354025602341,-0.06755640357732773,-0.08139623701572418,-0.08245532214641571
dataset/3_169_jpg.rf.5d527b65f7eaa0f7fa0b365a4e172062.jpg,3,0.45436057448387146,0.6156237721443176,0.5150102972984314,0.6558340191841125,0.772955596446991,0.5737327337265015,0.7396154403686523,0.516805112361908,0.24696871638298035,0.24463175237178802,0.3095458745956421,0.6045671701431274,6.060605528546148e-07,-0.012967315502464771,-0.02322835475206375,-0.053302645683288574,-0.15329070389270782,-0.12589780986309052
dataset/0_121_jpg.rf.126af0fdfbac3457cbf30ffe4e115a6d.jpg,0,0.623094916343689,0.42572468519210815,0.46427738666534424,0.45521166920661926,0.46211111545562744,0.45656293630599976,0.5663878321647644,0.2842411398887634,0.28319045901298523,0.36023327708244324,0.44174250960350037,0.48937270045280457,-3.734717495262885e-07,-0.09875702112913132,-0.10941167175769806,-0.09045185148715973,-0.07179844379425049,-0.065970279276371
dataset/1_175_jpg.rf.1e744382944ed87f5e4fbddf3c0f3a06.jpg,1,0.554545521736145,0.6834090352058411,0.8227897882461548,0.6424214839935303,0.6591032147407532,0.7071313261985779,0.9205632209777832,0.7493464350700378,0.4295473098754883,0.8201936483383179,0.8503192663192749,0.8860372304916382,3.49741725358399e-07,-0.5038371682167053,-0.5317581295967102,-0.37589898705482483,-0.27036941051483154,-0.2762286365032196
dataset/2_98_jpg.rf.7b49fea6bb790f63cb1c45f916c02ddd.jpg,2,0.652457058429718,0.7087189555168152,0.5448569655418396,0.6202396154403687,0.6802338361740112,0.7192665934562683,0.8611875772476196,0.57381671667099,0.3438296318054199,0.32269614934921265,0.6555892825126648,0.7099491357803345,1.380135586259712e-06,-0.10744891315698624,-0.03884884715080261,-0.07449328154325485,-0.11729037761688232,-0.12741731107234955
dataset/1_174_jpg.rf.ab8910ba0fce82929a30ebaa9f626fec.jpg,1,0.48947209119796753,0.4194469153881073,0.46747589111328125,0.46115440130233765,0.4283374845981598,0.37744656205177307,0.8443702459335327,0.48853105306625366,0.2625868320465088,0.589005708694458,0.6588734984397888,0.6730325222015381,-1.0418313678428603e-07,-0.06280989944934845,0.0005991396028548479,-0.026491554453969002,-0.00509898504242301,0.0068954662419855595
dataset/4_107_jpg.rf.3150c8dca635053c7e56dff30ad96284.jpg,4,0.5254348516464233,0.42295515537261963,0.30046433210372925,0.1601545810699463,0.14768394827842712,0.14647644758224487,0.8414856195449829,0.7310540676116943,0.25626665353775024,0.3562288284301758,0.45200929045677185,0.6458181142807007,1.034253273246577e-06,-0.1954485923051834,-0.22761406004428864,-0.215426504611969,-0.1963769644498825,-0.1676006317138672
dataset/2_202_jpg.rf.4aac0a4de0726df3dbd127bffa0c732f.jpg,2,0.599361777305603,0.5404362678527832,0.5908612012863159,0.43584659695625305,0.5473605394363403,0.5216549038887024,0.8650861978530884,0.5723676085472107,0.2664318084716797,0.272245854139328,0.6740793585777283,0.727083683013916,8.776079312156071e-07,-0.09251870959997177,-0.07573021948337555,-0.10538025945425034,-0.10066088289022446,-0.09682002663612366
dataset/1_119_jpg.rf.33753521fc3bb1443c9d6448bfbae6f5.jpg,1,0.04176768660545349,0.3485880494117737,0.6362317204475403,0.28728950023651123,0.20588241517543793,0.19232821464538574,0.5057588815689087,0.5548975467681885,0.5195976495742798,0.5226914286613464,0.5584367513656616,0.6327760219573975,-1.6558124116272666e-07,-0.1427980214357376,-0.11945846676826477,-0.1278933733701706,-0.08224975317716599,-0.07994194328784943
dataset/3_76_jpg.rf.dbda3461d7caadfa2749f0dd78229f4b.jpg,3,0.440311461687088,0.5435911417007446,0.457016259431839,0.6003913879394531,0.7091090679168701,0.5367119312286377,0.8236422538757324,0.5358245372772217,0.18223091959953308,0.1849398910999298,0.2755367159843445,0.6582624912261963,4.032947344967397e-07,-0.06504623591899872,-0.06773344427347183,-0.08309421688318253,-0.1632850170135498,-0.14478719234466553
dataset/3_97_jpg.rf.55da12e5f00d79f6652f933104d51dd2.jpg,3,0.4433007538318634,0.3424021303653717,0.5254289507865906,0.3348720967769623,0.28286463022232056,0.3652747869491577,0.8718780279159546,0.7000570297241211,0.24112442135810852,0.2285832166671753,0.3284035623073578,0.7489551901817322,1.2622393796846154e-06,-0.18349675834178925,-0.2201116532087326,-0.20002514123916626,-0.198939710855484,-0.15500624477863312
dataset/5_14_jpg.rf.3c63eec16982c7fe6edd53884ec53cf8.jpg,5,0.6413577795028687,0.5602559447288513,0.30331048369407654,0.2493448108434677,0.2502063512802124,0.2631508708000183,0.6127546429634094,0.16698086261749268,0.18805555999279022,0.23108282685279846,0.3096589744091034,0.45595353841781616,5.399584779297584e-07,-0.06874102354049683,-0.06453026086091995,-0.06261411309242249,-0.06824763119220734,-0.06577618420124054
dataset/1_113_jpg.rf.9606372268996b333df80cfc5886b9f1.jpg,1,0.6997489333152771,0.48632606863975525,0.2788785696029663,0.5362856984138489,0.5629512667655945,0.5745818614959717,0.7243544459342957,0.6346325874328613,0.34256428480148315,0.6010262966156006,0.6630175113677979,0.7302002310752869,3.5473090065352153e-07,-0.13680650293827057,-0.14251843094825745,-0.12606047093868256,-0.09543324261903763,-0.08361545205116272
dataset/3_107_jpg.rf.abc3b11d8dd59875b138735f07143e95.jpg,3,0.3682127892971039,0.5337780117988586,0.4221334159374237,0.5621656775474548,0.6859582662582397,0.49746155738830566,0.8864713907241821,0.6631896495819092,0.38361334800720215,0.3837348520755768,0.4545287787914276,0.7554987668991089,5.329231385076127e-07,0.002585157286375761,-0.011991942301392555,-0.035120151937007904,-0.13896112143993378,-0.11405330896377563
dataset/2_178_jpg.rf.56a0536191e00c5e3dbaa3ddbcc8dd47.jpg,2,0.5705351233482361,0.4980059266090393,0.5381602048873901,0.38567471504211426,0.5038967132568359,0.49121278524398804,0.8744595050811768,0.5855936408042908,0.30058377981185913,0.312715083360672,0.6886231303215027,0.7505641579627991,9.461331842430809e-07,-0.07048387080430984,-0.04044134169816971,-0.0694509893655777,-0.0831935703754425,-0.09066496789455414
dataset/0_175_jpg.rf.ff1ba27e49f3a7fca44f646aa0d9b659.jpg,0,0.600002110004425,0.28899112343788147,0.38364341855049133,0.41449177265167236,0.44248417019844055,0.451096773147583,0.5978727340698242,0.5997180342674255,0.5758649706840515,0.6180181503295898,0.6506209373474121,0.6795322895050049,-5.37369487574324e-07,-0.09399577230215073,-0.09561026096343994,-0.05832267180085182,-0.024255381897091866,-0.002438783645629883
dataset/2_92_jpg.rf.ff019a834ce4e365b4e1f8fe1cd710ee.jpg,2,0.5388537645339966,0.38020217418670654,0.5127662420272827,0.33552277088165283,0.43520426750183105,0.4130598306655884,0.833975613117218,0.5424689650535583,0.2696927487850189,0.2811627686023712,0.6283125877380371,0.6833688020706177,1.5305926126529812e-06,-0.11430469900369644,-0.015539351850748062,-0.012932615354657173,-0.09397828578948975,-0.11945980042219162
dataset/0_104_jpg.rf.efcf5b5ee0de7e917b187daafd5729f5.jpg,0,0.7439477443695068,0.5067200660705566,0.6073135733604431,0.6096816658973694,0.6062780022621155,0.5791721343994141,0.481094092130661,0.30589938163757324,0.3260648250579834,0.3760291039943695,0.42663902044296265,0.47393321990966797,-8.40123448142549e-07,-0.03866061195731163,-0.10356706380844116,-0.06355404108762741,-0.011667175218462944,0.00030804830021224916
dataset/5_28_jpg.rf.79dba0cbfb594980db29718ea491c49d.jpg,5,0.4179994463920593,0.7270052433013916,0.4907474219799042,0.39867401123046875,0.3033258318901062,0.22035031020641327,0.7879616022109985,0.5516732931137085,0.31452327966690063,0.2784888744354248,0.3022284209728241,0.3560428023338318,5.977530008749454e-07,-0.02375517040491104,0.0451556071639061,0.04820429906249046,0.01477802637964487,-0.003262585261836648
dataset/2_47_jpg.rf.51ed877e94a059b2c82ed99a65dbaf70.jpg,2,0.7586749792098999,0.5737097859382629,0.5119892358779907,0.2818686366081238,0.5989696383476257,0.5973742604255676,0.8624176979064941,0.8457555770874023,0.11592844128608704,0.34615451097488403,0.7762296199798584,0.8579349517822266,1.8003022432822036e-06,-0.3253729045391083,-0.3674134314060211,-0.349796861410141,-0.2567856013774872,-0.22177422046661377
dataset/1_135_jpg.rf.4f92817dfa96cb48e0fc0843fc8668ab.jpg,1,0.39045265316963196,0.4851239323616028,0.42767810821533203,0.4538254737854004,0.4092070162296295,0.34213200211524963,0.9014549255371094,0.5265069603919983,0.22333195805549622,0.6532506942749023,0.7226356863975525,0.7243216037750244,8.881449531372709e-08,-0.11344782263040543,-0.11155850440263748,-0.14132262766361237,-0.10007461905479431,-0.10013027489185333
dataset/0_9_jpg.rf.6aa214dfa2c7ef0d38df4ceb87574ac5.jpg,0,0.5802857875823975,0.6526308655738831,0.6446590423583984,0.5714750289916992,0.5030343532562256,0.4378129243850708,0.7707316279411316,0.35933005809783936,0.4625261723995209,0.4931679964065552,0.5278880596160889,0.5595712661743164,-1.2259943105163984e-06,-0.11179108917713165,-0.16006197035312653,-0.14071354269981384,-0.04802718758583069,-0.01187759730964899
dataset/1_155_jpg.rf.f3161c5370b5205e97710c78000c522e.jpg,1,0.37916868925094604,0.27006107568740845,0.419546902179718,0.3499329090118408,0.293043315410614,0.2537549138069153,0.9565495848655701,0.695953369140625,0.3055918514728546,0.7064514756202698,0.7309370040893555,0.7596213817596436,1.3665381004557275e-07,-0.13200418651103973,-0.13660025596618652,-0.12187206745147705,-0.07834035158157349,-0.05273344740271568
dataset/1_19_jpg.rf.8ef8a08afd752cf753216ca920e38a44.jpg,1,0.6968689560890198,0.7687808275222778,0.8012773990631104,0.740530788898468,0.6963067054748535,0.6338707804679871,0.8694637417793274,0.5634685754776001,0.2777401804924011,0.6631523370742798,0.7090606689453125,0.7063513994216919,-4.914394580168846e-08,-0.12225760519504547,-0.1195002943277359,-0.14020654559135437,-0.09242047369480133,-0.08717546612024307
dataset/2_51_jpg.rf.cdebe2f4e03ebe795ffb950538cfd185.jpg,2,0.6088572144508362,0.6332255601882935,0.7876407504081726,0.6238556504249573,0.6190345287322998,0.5695538520812988,0.9776554703712463,0.6499828100204468,0.33054137229919434,0.2898638844490051,0.7758344411849976,0.8187366724014282,1.2468756267480785e-06,-0.1477096527814865,-0.15051895380020142,-0.15678651630878448,-0.13865073025226593,-0.12423406541347504
dataset/1_183_jpg.rf.427d8fd82e7248cd8fe60b16471e80bf.jpg,1,0.9477696418762207,0.6479309797286987,0.3601492643356323,0.7017315030097961,0.7844885587692261,0.8033809661865234,0.4954950213432312,0.5526814460754395,0.5248658061027527,0.5327110886573792,0.5564598441123962,0.6178634762763977,1.4736713183083339e-07,-0.13919547200202942,-0.11341327428817749,-0.1287182718515396,-0.08694840222597122,-0.07448823004961014
dataset/0_168_jpg.rf.ae2d6010396d48bc6784235b018d090d.jpg,0,0.38434889912605286,0.5890476107597351,0.5380047559738159,0.4617948830127716,0.38323938846588135,0.30074185132980347,0.8829057216644287,0.4182843565940857,0.555109441280365,0.5865227580070496,0.6197757720947266,0.6391772031784058,-1.234302203556581e-06,-0.12486160546541214,-0.16397599875926971,-0.12314549088478088,-0.04168328642845154,-0.019955795258283615
dataset/4_53_jpg.rf.4e05392208e897c97e527c155b35f6ff.jpg,4,0.6689296364784241,0.5388326644897461,0.381747305393219,0.3147720694541931,0.29785633087158203,0.3187412619590759,0.7463669180870056,0.5801716446876526,0.18683862686157227,0.19710925221443176,0.27211886644363403,0.39740878343582153,6.397273750735621e-07,-0.08697094768285751,-0.12478963285684586,-0.12170873582363129,-0.125025674700737,-0.11313428729772568
dataset/1_168_jpg.rf.10b4a4fbaf31f1fcf5ee60f64739d818.jpg,1,0.6721429824829102,0.7314513325691223,0.7422088384628296,0.7075550556182861,0.6675997376441956,0.6089397072792053,0.8779541850090027,0.5677928924560547,0.31718552112579346,0.6519222855567932,0.7110300064086914,0.7179430723190308,-6.902443061562735e-08,-0.09141632169485092,-0.09024549275636673,-0.11374875158071518,-0.07424543797969818,-0.06617870926856995
dataset/1_132_jpg.rf.d12da47343270e4334ad91288733ffb2.jpg,1,0.4502304196357727,0.4673835337162018,0.6249350309371948,0.47285276651382446,0.4189930856227875,0.33575841784477234,0.9352310299873352,0.6173173189163208,0.2712441682815552,0.6796340942382812,0.7636609673500061,0.7658261060714722,3.9561643916385947e-07,-0.2747690975666046,-0.23824520409107208,-0.2480793595314026,-0.16714057326316833,-0.1337968409061432
dataset/5_22_jpg.rf.c5a2034048a2b4e015fa7125f4c5012d.jpg,5,0.7402409911155701,0.3006388247013092,0.5334794521331787,0.6496860384941101,0.8405365943908691,0.9650143384933472,0.8274918794631958,0.5200034976005554,0.1806727647781372,0.10649588704109192,0.12458071112632751,0.2259274274110794,4.5809051130163425e-07,-0.0679856538772583,-0.04697210341691971,-0.05867352336645126,-0.10001851618289948,-0.09974022954702377
dataset/0_13_jpg.rf.dc9fa14d88b22c0d33b85b62efcef737.jpg,0,0.449739933013916,0.5893347859382629,0.5446585416793823,0.57878577709198,0.6032994985580444,0.633202075958252,0.6450822949409485,0.10927265882492065,0.30887237191200256,0.36488664150238037,0.45342642068862915,0.5214918851852417,-1.3287601632328006e-06,-0.09013041853904724,-0.09770724177360535,-0.05172019824385643,-0.016561461612582207,-0.011829606257379055
dataset/1_45_jpg.rf.4086d902a4cee303ead803ece0467409.jpg,1,0.2687596380710602,0.539080023765564,0.7952492237091064,0.4447169005870819,0.41957324743270874,0.44586247205734253,0.8418881893157959,0.6402696967124939,0.3771093487739563,0.6661562323570251,0.7390012741088867,0.8049341440200806,2.1948430628526694e-07,-0.28186243772506714,-0.2837359607219696,-0.25242191553115845,-0.1937912255525589,-0.18491680920124054
dataset/4_9_jpg.rf.93cc6b473f9c109263ed6533827f7c82.jpg,4,0.48037534952163696,0.5727638602256775,0.46511194109916687,0.574005663394928,0.626730740070343,0.7036128640174866,0.7724766731262207,0.5820510983467102,0.10951155424118042,0.09120655059814453,0.16390101611614227,0.30326294898986816,6.989992584749416e-07,-0.13973696529865265,-0.16650646924972534,-0.1581079363822937,-0.15895754098892212,-0.14993295073509216
dataset/2_118_jpg.rf.6adc2968b015378d0686938122201128.jpg,2,0.4881736934185028,0.5118391513824463,0.4517301023006439,0.5439884662628174,0.5123453140258789,0.5409282445907593,0.8151734471321106,0.584043025970459,0.44365906715393066,0.4257346987724304,0.6692656874656677,0.7054268717765808,4.6862965064065065e-07,0.00824904628098011,0.047198522835969925,0.014641562476754189,-0.011648952029645443,-0.018689759075641632
dataset/4_133_jpg.rf.66919770ba1b876513b7aa78ed2455fa.jpg,4,0.38825827836990356,0.4663224518299103,0.34051579236984253,0.5369889736175537,0.7411311864852905,0.8647394180297852,0.7759937644004822,0.52214115858078,0.14825916290283203,0.13123846054077148,0.21305012702941895,0.3662779927253723,7.162649922065611e-07,-0.1274559050798416,-0.12442080676555634,-0.1313723474740982,-0.18372902274131775,-0.18663842976093292
dataset/5_155_jpg.rf.999f18e20006cab2221341e7e4e03b54.jpg,5,0.40082645416259766,0.7136962413787842,0.4685524106025696,0.36923718452453613,0.26707524061203003,0.18298858404159546,0.7806512117385864,0.5203985571861267,0.2551286220550537,0.21545125544071198,0.2532542049884796,0.3281739056110382,6.863514840915741e-07,-0.053328629583120346,-0.0262637697160244,-0.03057972341775894,-0.055793434381484985,-0.058322884142398834
dataset/0_65_jpg.rf.883500788d31a35b168bec4eb9b499be.jpg,0,0.5428393483161926,0.5961335301399231,0.5918855667114258,0.5192486047744751,0.45099347829818726,0.3858022689819336,0.7805732488632202,0.36396002769470215,0.4714626371860504,0.5001688003540039,0.5417492389678955,0.5758348703384399,-1.0869428024307126e-06,-0.126177579164505,-0.16200953722000122,-0.13643750548362732,-0.043537963181734085,-0.017377546057105064
dataset/5_79_jpg.rf.cd6a862729018e16d722b99a90288ac1.jpg,5,0.5840847492218018,0.9077222347259521,0.5847167372703552,0.4496750831604004,0.3353075087070465,0.24512788653373718,0.7721924781799316,0.40272554755210876,0.1456713080406189,0.1191977858543396,0.20048753917217255,0.32775750756263733,8.02342071892781e-07,-0.11187595874071121,-0.09401712566614151,-0.09585138410329819,-0.11881326138973236,-0.1262022852897644
dataset/5_10_jpg.rf.53d1d8edd6e510b6fbf670de10d562dc.jpg,5,0.5440073013305664,0.8302356004714966,0.48707279562950134,0.41768592596054077,0.35559821128845215,0.2978935241699219,0.7124423980712891,0.45734500885009766,0.29685157537460327,0.2713949978351593,0.3111421465873718,0.365019291639328,7.018096539468388e-07,-0.022610029205679893,0.018579620867967606,0.014144806191325188,-0.006992010865360498,-0.004613613244146109
dataset/5_186_jpg.rf.2ec4eb5836f63fcf1c16ec08cd5fd94e.jpg,5,0.5055017471313477,0.5480663180351257,0.7289935350418091,0.8235803842544556,0.8215771913528442,0.8005000352859497,0.6477344036102295,0.3111423850059509,0.2839772403240204,0.41673532128334045,0.4938209354877472,0.6440154314041138,6.032623218743538e-07,-0.07204420119524002,-0.08268588781356812,-0.07716700434684753,-0.087535560131073,-0.08539887517690659
dataset/0_96_jpg.rf.140cb91606441096da41b7b8df6d375f.jpg,0,0.7712264060974121,0.2965943515300751,0.4760792851448059,0.5746647715568542,0.6401182413101196,0.6821646094322205,0.6695908308029175,0.4951364994049072,0.5404613018035889,0.5143436193466187,0.48160842061042786,0.40318697690963745,-1.9833123587886803e-06,-0.2167511284351349,-0.22010567784309387,-0.19581812620162964,-0.12425439804792404,-0.10377126932144165
dataset/2_79_jpg.rf.cca0bbd28f0ba2cbf8a7d59beb9d8874.jpg,2,0.48308122158050537,0.4106987714767456,0.49180299043655396,0.332710862159729,0.3838534653186798,0.3685954213142395,0.8851057291030884,0.5165355801582336,0.23904737830162048,0.24517813324928284,0.5972021222114563,0.6949389576911926,1.1922853673240752e-06,-0.09259732067584991,0.012116605415940285,0.006862157490104437,-0.07037292420864105,-0.1040744036436081
dataset/0_48_jpg.rf.e2bdf99304dadbdb1646e5d5153e055f.jpg,0,0.46729013323783875,0.44901710748672485,0.42388635873794556,0.45911023020744324,0.4961872398853302,0.533894419670105,0.45570895075798035,0.8452960252761841,0.7128323316574097,0.668965756893158,0.6119110584259033,0.5747231245040894,-6.078957994759548e-07,-0.05576019734144211,-0.09838376194238663,-0.05588432773947716,-0.022608358412981033,-0.03289561718702316
dataset/1_112_jpg.rf.3c7e44ab7d451f659e3d5a4b095f2cc2.jpg,1,0.5540089011192322,0.5461486577987671,0.37870317697525024,0.5257713794708252,0.5838978886604309,0.6575690507888794,0.9295746088027954,0.6251091957092285,0.27068185806274414,0.6677980422973633,0.7583119869232178,0.7603967785835266,-1.3308108748333325e-07,-0.26855215430259705,-0.2542327046394348,-0.24498237669467926,-0.17014794051647186,-0.16183379292488098
dataset/1_73_jpg.rf.8fa11f71e2762d431829b984621ec92d.jpg,1,0.6940678358078003,0.5147424936294556,0.35300183296203613,0.5687776803970337,0.5849258303642273,0.5355615615844727,0.8703111410140991,0.6157269477844238,0.3179331421852112,0.6649777889251709,0.7465128302574158,0.7860357761383057,7.107285000529373e-07,-0.3382035195827484,-0.24697691202163696,-0.23631080985069275,-0.18905742466449738,-0.18217965960502625
dataset/5_60_jpg.rf.16dc46f17035e40cc829a6639bbd0e09.jpg,5,0.7398090362548828,0.6627150177955627,0.40355339646339417,0.26727962493896484,0.2518351078033447,0.26363447308540344,0.7157548666000366,0.24289506673812866,0.06728196144104004,0.19802196323871613,0.3168422281742096,0.533433198928833,9.351198855256371e-07,-0.17523114383220673,-0.19655364751815796,-0.18074172735214233,-0.17148053646087646,-0.16201356053352356
dataset/4_30_jpg.rf.96d124d7fd1bc4c15b5640bcf942a40f.jpg,4,0.6852264404296875,0.6357825398445129,0.7828803062438965,0.5835965275764465,0.39063918590545654,0.25241801142692566,0.7336382269859314,0.4838709235191345,0.1041383445262909,0.07220286130905151,0.14980024099349976,0.3002822697162628,1.2347998108452884e-06,-0.16169537603855133,-0.16965360939502716,-0.1574857234954834,-0.1782521903514862,-0.16524125635623932
dataset/4_61_jpg.rf.3a0fa232efcc34fe1799d4f14e1d09ae.jpg,4,0.6719908714294434,0.5272210836410522,0.41946014761924744,0.34809935092926025,0.3219478130340576,0.3055248558521271,0.7001219987869263,0.5481458902359009,0.0690055787563324,0.07770517468452454,0.1747492104768753,0.3451032042503357,9.007935091176478e-07,-0.15654759109020233,-0.191910058259964,-0.1815979927778244,-0.17559608817100525,-0.15418030321598053
dataset/5_139_jpg.rf.a44b81d562a02bf6d594a6a360d970c7.jpg,5,0.3883409798145294,0.07029983401298523,0.42225393652915955,0.5602769255638123,0.6833190321922302,0.7538045644760132,0.8025799989700317,0.46214261651039124,0.15965703129768372,0.1453181803226471,0.23864500224590302,0.3897111415863037,8.131266895361478e-07,-0.14273673295974731,-0.1353698968887329,-0.14611203968524933,-0.16950175166130066,-0.16733376681804657
dataset/4_74_jpg.rf.66f16a25bcab1e0bda9ffa551f3b6d2a.jpg,4,0.5540825724601746,0.5902490615844727,0.6408718824386597,0.504528820514679,0.3623734712600708,0.2621460258960724,0.8387843370437622,0.5362727642059326,0.22552797198295593,0.1938711404800415,0.25827494263648987,0.3738592863082886,9.439104360353667e-07,-0.1463998407125473,-0.147947296500206,-0.11986716836690903,-0.13124234974384308,-0.12606565654277802
dataset/0_5_jpg.rf.116350646d564ff37a2e736fe0d9daf6.jpg,0,0.5602058172225952,0.7211772203445435,0.7115408182144165,0.6600260138511658,0.6082369089126587,0.5576299428939819,0.24448835849761963,0.5295265913009644,0.4320825934410095,0.43469518423080444,0.42459794878959656,0.4242737293243408,-9.892023626889568e-07,-0.05360319837927818,-0.06355197727680206,-0.02722223475575447,-0.0031110576819628477,0.0037744694855064154
dataset/3_40_jpg.rf.14ec9263bb67b0dc66514a702ff8d8b1.jpg,3,0.6632107496261597,0.4861457645893097,0.6526950597763062,0.43745002150535583,0.3731793165206909,0.5091933608055115,0.9369106292724609,0.8804576396942139,0.21928361058235168,0.2389107346534729,0.3823935389518738,0.8573099970817566,1.8045008118861006e-06,-0.36569803953170776,-0.4469958245754242,-0.4053269028663635,-0.347506582736969,-0.24935491383075714
dataset/1_210_jpg.rf.c742f108781b2cd5a9c2f9d2df6fd1b9.jpg,1,0.3436882197856903,0.48784807324409485,0.6024891138076782,0.4260650873184204,0.4404918849468231,0.5036230683326721,0.8929154276847839,0.6272506713867188,0.31853461265563965,0.6745263338088989,0.7524703741073608,0.7846732139587402,1.7917547445733817e-09,-0.22218523919582367,-0.22382554411888123,-0.22588098049163818,-0.16405156254768372,-0.15399447083473206
dataset/2_61_jpg.rf.ccb06ba71f8af427ccda10268eb9426b.jpg,2,0.5728322863578796,0.439604252576828,0.3894607424736023,0.215462788939476,0.43808239698410034,0.4546354413032532,0.8236608505249023,0.7139893770217896,0.19960877299308777,0.3498922884464264,0.664330005645752,0.7512138485908508,1.3179994766687742e-06,-0.1727316528558731,-0.21280589699745178,-0.20528598129749298,-0.1367228776216507,-0.1337176114320755
dataset/1_85_jpg.rf.bda62229169219f230a703e2ab0f62d7.jpg,1,0.48174765706062317,0.3575872480869293,0.3336895704269409,0.42521217465400696,0.40762415528297424,0.3874790072441101,0.8818966746330261,0.6830234527587891,0.22851648926734924,0.6861703395843506,0.7661370635032654,0.8388980627059937,3.730995388195879e-07,-0.17957481741905212,-0.18807172775268555,-0.16398558020591736,-0.11786714196205139,-0.10280813276767731
dataset/0_88_jpg.rf.9351a292a0b79cb58613a24806ab592b.jpg,0,0.23067739605903625,0.49660399556159973,0.4063025116920471,0.40876486897468567,0.4011263847351074,0.4085403382778168,0.44072800874710083,0.2771822512149811,0.2834509015083313,0.3361611068248749,0.3895348906517029,0.44257789850234985,-1.1910373132195673e-06,-0.07856013625860214,-0.0928550735116005,-0.046968974173069,-0.014661426655948162,-0.004184253513813019
dataset/2_169_jpg.rf.b5a102750e6c0567cf979d91b33f2fed.jpg,2,0.34591910243034363,0.46690839529037476,0.31009653210639954,0.5023865699768066,0.41806575655937195,0.44692087173461914,0.7432657480239868,0.4696190655231476,0.21840831637382507,0.2068694829940796,0.5524402260780334,0.5947330594062805,1.0070241387438728e-06,-0.08312743902206421,-0.058250825852155685,-0.1038951575756073,-0.11801434308290482,-0.11976627260446548
dataset/4_96_jpg.rf.59260ea7fad19c415c3e83aa86ff4912.jpg,4,0.4554895758628845,0.4873935282230377,0.6083430051803589,0.47854748368263245,0.2862808406352997,0.1425119936466217,0.9651740789413452,0.6867601275444031,0.33301424980163574,0.2720004618167877,0.3310837745666504,0.46272727847099304,1.072409190783219e-06,-0.15035635232925415,-0.1584559679031372,-0.1436728835105896,-0.17052142322063446,-0.16690683364868164
dataset/1_13_jpg.rf.abb04be1d864edbf89e32c42c3ea1078.jpg,1,0.14174339175224304,0.4204108715057373,0.7294737696647644,0.3307890295982361,0.3189743757247925,0.33217746019363403,0.3050636649131775,0.5141457319259644,0.6807055473327637,0.40828168392181396,0.30977755784988403,0.2249070703983307,2.921821078416542e-07,-0.16813036799430847,-0.16097235679626465,-0.16118527948856354,-0.11253740638494492,-0.10577864199876785
dataset/1_150_jpg.rf.d31f3b0951adf7b6476fe1a10ea2ff04.jpg,1,0.7347355484962463,0.617306649684906,0.4970419406890869,0.6746559143066406,0.6480643153190613,0.6366798281669617,0.8511217832565308,0.8467739820480347,0.38885194063186646,0.7631540894508362,0.8185647130012512,0.8715102076530457,4.228124623750773e-07,-0.19491510093212128,-0.21100370585918427,-0.15910986065864563,-0.10240784287452698,-0.09411438554525375
dataset/4_44_jpg.rf.5fee1c8ac70a3a0cccf4e4062655731d.jpg,4,0.7238807678222656,0.6838365197181702,0.824719250202179,0.6208023428916931,0.4267761707305908,0.28925392031669617,0.8575935363769531,0.6255154013633728,0.23623791337013245,0.20867344737052917,0.2891385853290558,0.43285372853279114,1.4598726920667104e-06,-0.188803032040596,-0.20012900233268738,-0.174907386302948,-0.19241169095039368,-0.17449386417865753
dataset/0_109_jpg.rf.82152a4faef92e6c83ac8220949017f6.jpg,0,0.41341304779052734,0.48912158608436584,0.4796697199344635,0.4122471809387207,0.3450789153575897,0.28385984897613525,0.7128137350082397,0.2969798445701599,0.4116393029689789,0.44816136360168457,0.48532599210739136,0.5184876918792725,-1.2284649528737646e-06,-0.0985136553645134,-0.146433025598526,-0.15009649097919464,-0.06047714874148369,-0.028320949524641037
dataset/3_82_jpg.rf.22ea80f710249ceea8cacaf3c8143dc7.jpg,3,0.7502583265304565,0.5789378881454468,0.6979264616966248,0.4886970818042755,0.43293851613998413,0.589237630367279,0.928430438041687,0.8469984531402588,0.15000852942466736,0.18890440464019775,0.33351075649261475,0.8016860485076904,1.7773238596419105e-06,-0.3723160922527313,-0.4395442306995392,-0.40386632084846497,-0.350164532661438,-0.24621018767356873
dataset/2_60_jpg.rf.ab346f55304f0ca8a968efc8a1feebdd.jpg,2,0.7427526712417603,0.5490728616714478,0.6176331639289856,0.3561632037162781,0.5782875418663025,0.5861942172050476,0.849304735660553,0.8194820880889893,0.16199716925621033,0.31991875171661377,0.753656268119812,0.8327963352203369,1.657330585658201e-06,-0.2764044404029846,-0.3561207056045532,-0.31571054458618164,-0.19204206764698029,-0.1681910902261734
dataset/2_34_jpg.rf.99c03c3936f706fe901a90b78caff226.jpg,2,0.46485745906829834,0.29335033893585205,0.3409348428249359,0.2687191665172577,0.3552201986312866,0.3663122057914734,0.8353469371795654,0.5977200865745544,0.3465420603752136,0.3484231233596802,0.6563422679901123,0.7214354276657104,1.159878706857853e-06,-0.0402659997344017,0.012087542563676834,0.022915206849575043,-0.10092734545469284,-0.1333855837583542
dataset/5_185_jpg.rf.617be1da5cd5be09d1c0c6b13b6ee9dd.jpg,5,0.6411322951316833,0.7202693223953247,0.31342753767967224,0.18477001786231995,0.13822978734970093,0.1300249695777893,0.8373745679855347,0.3250982165336609,0.29089200496673584,0.3622056841850281,0.48875701427459717,0.6308022737503052,6.271179131545068e-07,-0.07174362987279892,-0.026390034705400467,-0.030363747850060463,-0.05324776470661163,-0.05590103939175606
dataset/2_197_jpg.rf.702a56f0352ac28735af2201a60e3613.jpg,2,0.5409690737724304,0.3817121386528015,0.5185778141021729,0.33789774775505066,0.44486650824546814,0.41435104608535767,0.8315954208374023,0.5492839813232422,0.2725140452384949,0.28091883659362793,0.6321641802787781,0.6832740306854248,1.4973807083151769e-06,-0.11576589196920395,-0.037549298256635666,-0.04123690351843834,-0.10065977275371552,-0.11628026515245438
dataset/3_156_jpg.rf.cf25ea978c3f65cc457364a78aaf0238.jpg,3,0.576026976108551,0.38519471883773804,0.5020723342895508,0.34489312767982483,0.2138182371854782,0.438201904296875,0.76738440990448,0.5098764896392822,0.2092350423336029,0.21404670178890228,0.28871390223503113,0.6208884716033936,1.1364296597093926e-06,-0.03630348667502403,-0.052684951573610306,-0.06673732399940491,-0.17597147822380066,-0.12826231122016907
dataset/3_79_jpg.rf.5eac22ff4dd8563bf04a1182a185dec4.jpg,3,0.6474646329879761,0.5669912695884705,0.6691067814826965,0.5438550710678101,0.42900538444519043,0.5506702661514282,0.9383339881896973,0.6409410238265991,0.3206557333469391,0.3043793737888336,0.36916694045066833,0.7718085050582886,9.079124652089376e-07,-0.013017873279750347,-0.01998218707740307,-0.024938730522990227,-0.11638550460338593,-0.07415055483579636
dataset/5_105_jpg.rf.5af73dcb0d7cbb5eaf1f207b2d99dcd6.jpg,5,0.5265318751335144,0.12698838114738464,0.4252133369445801,0.5513800978660583,0.6979107856750488,0.8104467391967773,0.8552290797233582,0.49779635667800903,0.18331697583198547,0.13457325100898743,0.1823585331439972,0.2949746251106262,5.932906788075343e-07,-0.07087363302707672,-0.04952060803771019,-0.06490696221590042,-0.1042889878153801,-0.10893981158733368
dataset/1_157_jpg.rf.11b2d001ed467bffb187400d53e087eb.jpg,1,0.5934976935386658,0.5639564990997314,0.838247537612915,0.6139114499092102,0.5822380781173706,0.5476452112197876,0.6199135780334473,0.42439931631088257,0.04788270592689514,0.45261824131011963,0.504677414894104,0.5195028781890869,5.892238164051378e-07,-0.17507168650627136,-0.20628660917282104,-0.16064514219760895,-0.11777480691671371,-0.1050199642777443
dataset/3_98_jpg.rf.5a954bda7f4a0ef766f592895067ec25.jpg,3,0.398055762052536,0.5193951725959778,0.4349064826965332,0.5872496366500854,0.7070941925048828,0.5022544860839844,0.8311401605606079,0.5403456091880798,0.16734415292739868,0.17001378536224365,0.27994680404663086,0.6662308573722839,3.9611046531717875e-07,-0.07410663366317749,-0.07614816725254059,-0.0918324813246727,-0.17404848337173462,-0.15529654920101166
dataset/0_131_jpg.rf.5e08f0efd98ae6e626412c6070e5b10d.jpg,0,0.6693626642227173,0.2407524585723877,0.41140198707580566,0.4942969083786011,0.5662981271743774,0.6040760278701782,0.6806338429450989,0.4877043068408966,0.5488077998161316,0.5320111513137817,0.5082504749298096,0.4509795904159546,-1.709929279058997e-06,-0.22430196404457092,-0.1937023401260376,-0.15655291080474854,-0.08494316041469574,-0.06995895504951477
dataset/3_77_jpg.rf.2c062378e4d88c3c548369af125a0bd6.jpg,3,0.6888793110847473,0.7526265382766724,0.4007149934768677,0.6093235015869141,0.7030059099197388,0.749025821685791,0.9504411220550537,0.6743296980857849,0.33590763807296753,0.20207729935646057,0.2328166365623474,0.7448574304580688,4.663602055643423e-07,-0.1800508052110672,-0.2115546315908432,-0.18638090789318085,-0.21697261929512024,-0.16056101024150848
dataset/2_8_jpg.rf.f0f2b5b6872aacc0f4ef91549ba518a9.jpg,2,0.2976777255535126,0.49425816535949707,0.46449434757232666,0.7317188382148743,0.5064181089401245,0.47984686493873596,0.86083984375,0.8480902910232544,0.13577169179916382,0.3001345992088318,0.7749281525611877,0.8476970791816711,1.0097987797053065e-06,-0.3226114809513092,-0.4243791699409485,-0.3507572412490845,-0.2653564512729645,-0.2508851885795593
dataset/3_92_jpg.rf.0386cd1e1963e46254d85fd1ff5e6be1.jpg,3,0.5395229458808899,0.6411280035972595,0.5802571773529053,0.6564822793006897,0.7139555811882019,0.6406028270721436,0.8356809020042419,0.5820298194885254,0.32252436876296997,0.30046066641807556,0.3358519673347473,0.6868301630020142,9.120977324528212e-07,0.005807667970657349,0.014238324947655201,0.03735344856977463,-0.11842901259660721,-0.12299107760190964
dataset/0_63_jpg.rf.3268fb305d3927b1684783b0b501814c.jpg,0,0.4938119649887085,0.646748423576355,0.5877156257629395,0.6115835309028625,0.6380069851875305,0.6760885119438171,0.5375123620033264,0.3131090998649597,0.3711905777454376,0.4153810441493988,0.4626983106136322,0.4976792335510254,-1.3195744941185694e-06,-0.08163606375455856,-0.10514993965625763,-0.07057923823595047,-0.0319463312625885,-0.03389602527022362
dataset/0_41_jpg.rf.0dbd64e1cea02debf6899803ab64a6fa.jpg,0,0.4504746198654175,0.3934202194213867,0.46390676498413086,0.42432087659835815,0.39192745089530945,0.37708207964897156,0.5838391184806824,0.277024507522583,0.3637951910495758,0.39806506037712097,0.428915798664093,0.44002431631088257,-3.3979998192990024e-07,-0.2255716770887375,-0.16157986223697662,-0.08994778245687485,-0.025320766493678093,0.07526742666959763
dataset/3_8_jpg.rf.c8c9a91467bab1161bf843ab97dd5e23.jpg,3,0.9399971961975098,0.9022860527038574,0.4130953252315521,0.30695897340774536,0.3743932843208313,0.7995634078979492,0.8615760803222656,0.6270900368690491,0.3765689432621002,0.5283722877502441,0.7804393768310547,0.9479416608810425,2.461980784573825e-06,-0.43079352378845215,-0.5862772464752197,-0.5737265348434448,-0.5417565703392029,-0.3949379622936249
dataset/5_77_jpg.rf.69030ebb304141c265998c57dc4e34da.jpg,5,0.6484781503677368,0.6233591437339783,0.45478951930999756,0.34591418504714966,0.3072497546672821,0.2636391520500183,0.8788387179374695,0.4034504294395447,0.18018746376037598,0.20954418182373047,0.3035305142402649,0.49935880303382874,7.799524155416293e-07,-0.1537235826253891,-0.17639699578285217,-0.16139040887355804,-0.15399987995624542,-0.14535832405090332
dataset/3_3_jpg.rf.b8448e2ad2da5b429556545ddc3feb8a.jpg,3,0.38862577080726624,0.5483657121658325,0.5992414951324463,0.7382769584655762,0.7687878608703613,0.5238159894943237,0.8143488764762878,0.7385534048080444,0.23121744394302368,0.33522891998291016,0.47102490067481995,0.7339502573013306,7.232717393890198e-07,-0.17019949853420258,-0.18590147793293,-0.1653059720993042,-0.19548341631889343,-0.15299838781356812
dataset/1_187_jpg.rf.dc3d5878a0f3777be6f92d24442e23bb.jpg,1,0.5616339445114136,0.5963811278343201,0.6336037516593933,0.5774454474449158,0.6086994409561157,0.6640936136245728,0.8618353605270386,0.5219141244888306,0.29260191321372986,0.6386089324951172,0.6959027051925659,0.7175970673561096,-4.609862003235321e-07,-0.10725807398557663,-0.09716174006462097,-0.10469646751880646,-0.07051172852516174,-0.08067587018013
dataset/5_199_jpg.rf.b502e6543e64ca2ced0e41ae97844ef6.jpg,5,0.2576959431171417,0.4359193742275238,0.7146062254905701,0.7965893149375916,0.7763484716415405,0.697819709777832,0.6479649543762207,0.23326241970062256,0.29052895307540894,0.5121667981147766,0.6357816457748413,0.8055238723754883,8.915636726669618e-07,-0.17478395998477936,-0.18022030591964722,-0.16331042349338531,-0.1629117876291275,-0.15434642136096954
dataset/5_177_jpg.rf.b38224bd66eba23925e4801484e926ac.jpg,5,0.20903542637825012,0.4257938861846924,0.700160026550293,0.7866495251655579,0.7787677049636841,0.725138247013092,0.6817827224731445,0.2128984034061432,0.1728011965751648,0.28591036796569824,0.40029361844062805,0.5883237719535828,9.289261129197257e-07,-0.16395226120948792,-0.1852199137210846,-0.17315195500850677,-0.16902144253253937,-0.1615687608718872
dataset/4_118_jpg.rf.8c05cd0721ca2eb928f0114edfcfdce6.jpg,4,0.7151085138320923,0.7653765082359314,0.7790771722793579,0.7138739228248596,0.6433090567588806,0.5742306113243103,0.8002246618270874,0.570241391658783,0.3047657608985901,0.26595085859298706,0.2980269193649292,0.3541416525840759,8.038112468966574e-07,-0.061388541013002396,-0.0669754296541214,-0.05733243003487587,-0.06565933674573898,-0.049608152359724045
dataset/0_29_jpg.rf.46f3d48d15eb975c32cd0082cca00da6.jpg,0,0.5691674947738647,0.42139554023742676,0.4552057683467865,0.5308853983879089,0.601466178894043,0.6627908945083618,0.837276816368103,0.4469723403453827,0.5536478757858276,0.5809221863746643,0.6116976141929626,0.6261759996414185,-1.908431613628636e-06,-0.09131782501935959,-0.11034910380840302,-0.07994706183671951,-0.026081988587975502,-0.02634752355515957
dataset/4_180_jpg.rf.d66c3f0fe99cb57a2390bbc70c2bd88d.jpg,4,0.4670550227165222,0.47662192583084106,0.4843966066837311,0.4066547155380249,0.33897048234939575,0.280887246131897,0.7795293927192688,0.5590124726295471,0.2870211601257324,0.2604243755340576,0.2958003878593445,0.3546445071697235,8.026067348509969e-07,-0.04643876850605011,-0.05353306233882904,-0.05380210652947426,-0.07362475991249084,-0.06348395347595215
dataset/1_77_jpg.rf.0e8037c99e520831c6756626bfcd3672.jpg,1,0.5104992389678955,0.5622779130935669,0.5688215494155884,0.5284688472747803,0.5622072815895081,0.6209222674369812,0.8450005054473877,0.5322710871696472,0.2510518729686737,0.627510666847229,0.6908124685287476,0.705278217792511,-3.260912819769146e-07,-0.12532231211662292,-0.12660938501358032,-0.12141250818967819,-0.07284422963857651,-0.07361942529678345
dataset/3_152_jpg.rf.50d5be70ba46ac78c0f022fb5bacec56.jpg,3,0.5588312745094299,0.5283823609352112,0.763002872467041,0.6487003564834595,0.46990659832954407,0.5060613751411438,0.8650966286659241,0.5281599164009094,0.24597695469856262,0.19986867904663086,0.22770431637763977,0.6569555401802063,1.2645091373997275e-06,-0.01231585256755352,-0.028201285749673843,-0.03275519981980324,-0.1379312425851822,-0.09407962113618851
dataset/0_57_jpg.rf.290ee7e92cbd3145eaf512a8a5f203e6.jpg,0,0.38258230686187744,0.5115429162979126,0.4257791340351105,0.4857257008552551,0.5306751728057861,0.5853176116943359,0.7265036106109619,0.3574812710285187,0.381696879863739,0.4177674651145935,0.4973645508289337,0.5527074933052063,-1.139501705438306e-06,-0.15444132685661316,-0.15291830897331238,-0.09623352438211441,-0.06499432027339935,-0.0580805279314518
dataset/1_21_jpg.rf.058d59e1b973052776cd2501e494765b.jpg,1,0.3421010375022888,0.3177603483200073,0.30816540122032166,0.3198729157447815,0.36320847272872925,0.43212732672691345,0.8687398433685303,0.5774450302124023,0.27297914028167725,0.676422119140625,0.7279307246208191,0.7301880121231079,-7.744961294520181e-07,-0.1581830531358719,-0.16261515021324158,-0.1572515219449997,-0.10591930150985718,-0.10509935021400452
dataset/4_76_jpg.rf.d78b06d3edd3127a920a2abb4bb9e9f3.jpg,4,0.4746027886867523,0.48258551955223083,0.4910551607608795,0.4152960181236267,0.34752872586250305,0.2849516272544861,0.7907221913337708,0.5690696239471436,0.29520970582962036,0.2679236829280853,0.30551987886428833,0.36307960748672485,7.841416618248331e-07,-0.04410206899046898,-0.04718651622533798,-0.045502714812755585,-0.06548720598220825,-0.05555137246847153
dataset/4_16_jpg.rf.f70739e6cc6477926df02d1cba176ac5.jpg,4,0.32830315828323364,0.40136581659317017,0.3363206386566162,0.4931403398513794,0.6332056522369385,0.7303193211555481,0.8790837526321411,0.5550011992454529,0.1577293574810028,0.1565726399421692,0.24048344790935516,0.3904496431350708,6.523250704049133e-07,-0.08976525813341141,-0.08385280519723892,-0.08349458873271942,-0.1227278858423233,-0.12472239136695862
dataset/5_176_jpg.rf.0376e3e4258a955de233ce2e1c796293.jpg,5,0.5620574355125427,0.9203709363937378,0.5580347180366516,0.39539769291877747,0.2575567960739136,0.1428283154964447,0.6422818899154663,0.3286512494087219,0.11970965564250946,0.10773119330406189,0.1681717485189438,0.2774612009525299,9.039324027071416e-07,-0.10803298652172089,-0.054205723106861115,-0.04562065750360489,-0.07975784689188004,-0.09640797972679138
dataset/3_36_jpg.rf.6c9c66a24c81b1b37e93575c2dbd71af.jpg,3,0.4685143828392029,0.3731202781200409,0.4316595196723938,0.3669177293777466,0.29830050468444824,0.36352115869522095,0.8305351138114929,0.5835990905761719,0.3230772018432617,0.30225569009780884,0.3282047510147095,0.684463620185852,8.95241896614607e-07,-0.015515442006289959,-0.02865852601826191,-0.013449645601212978,-0.14312481880187988,-0.09575291723012924
dataset/5_145_jpg.rf.8c86a6f54580056255001d27a14b401c.jpg,5,0.5878821015357971,0.5885146260261536,0.337812602519989,0.22519318759441376,0.20897769927978516,0.19027382135391235,0.8161567449569702,0.30058619379997253,0.14932101964950562,0.21176254749298096,0.30603596568107605,0.48653483390808105,7.615295771756792e-07,-0.12587352097034454,-0.1397775411605835,-0.13062283396720886,-0.13104909658432007,-0.12457534670829773
dataset/2_45_jpg.rf.1741821b1a5305751ca1231cf2126cd6.jpg,2,0.4249500632286072,0.4130719006061554,0.298200786113739,0.4545200765132904,0.4318307936191559,0.47080063819885254,0.9049214124679565,0.6030675172805786,0.3194580078125,0.2917599380016327,0.7157319784164429,0.7653430700302124,6.10704603332124e-07,-0.1260310411453247,-0.13552334904670715,-0.14127708971500397,-0.1254226267337799,-0.12967728078365326
dataset/5_153_jpg.rf.a03e879416ee8aef8fca4901021378c2.jpg,5,0.4632158875465393,0.3259844183921814,0.5247742533683777,0.6080254316329956,0.6685779094696045,0.7513220310211182,0.9042029976844788,0.4670804440975189,0.16240176558494568,0.14402493834495544,0.22993919253349304,0.3990548551082611,1.0403877013231977e-06,-0.22510863840579987,-0.2384084016084671,-0.21635983884334564,-0.19925260543823242,-0.18607527017593384
dataset/5_124_jpg.rf.3a41e158db7050d544083090a81df27d.jpg,5,0.36787134408950806,0.23467299342155457,0.6399320363998413,0.7741625308990479,0.8378584384918213,0.8597431182861328,0.8418563604354858,0.3417239189147949,0.25190049409866333,0.30965498089790344,0.42717641592025757,0.5724003314971924,8.320378697135311e-07,-0.05842776224017143,-0.02015087753534317,-0.013839012943208218,-0.05085363611578941,-0.06487644463777542
dataset/2_28_jpg.rf.7b129d1e52c48b29465aaf99e44656cb.jpg,2,0.5138798356056213,0.34498584270477295,0.4910024404525757,0.3055439293384552,0.40380245447158813,0.38690823316574097,0.8191133141517639,0.5304784178733826,0.2498391568660736,0.258766233921051,0.6062474846839905,0.6698353290557861,1.3820490494254045e-06,-0.09149368852376938,-0.03186846897006035,-0.037103235721588135,-0.10075296461582184,-0.11340722441673279
dataset/4_174_jpg.rf.5fa4ebd6489909604dd1dc12dab4b5ea.jpg,4,0.5258084535598755,0.4587111175060272,0.5728434324264526,0.5040481686592102,0.4433310329914093,0.3402014374732971,0.79060959815979,0.6702508330345154,0.25086337327957153,0.20917785167694092,0.23488682508468628,0.3456711173057556,8.548052505830128e-07,-0.19025889039039612,-0.2373744696378708,-0.21990284323692322,-0.2085525244474411,-0.1880064308643341
dataset/3_194_jpg.rf.b5acab9f1bb3ecb136ba1bf15f75f68d.jpg,3,0.5595217943191528,0.4347533583641052,0.5457297563552856,0.4670703411102295,0.3952362537384033,0.4434109330177307,0.8126332759857178,0.5728697180747986,0.29364967346191406,0.2843071520328522,0.32872283458709717,0.6673996448516846,7.379667863460782e-07,-0.001496747019700706,-0.006889697629958391,0.028389228507876396,-0.10274460166692734,-0.06369077414274216
dataset/4_127_jpg.rf.32caf118b808c637f40eb10e869377d9.jpg,4,0.6396005749702454,0.5569769144058228,0.6188604831695557,0.4588422179222107,0.32569456100463867,0.23963427543640137,0.8755195140838623,0.5496821403503418,0.1707042157649994,0.16705846786499023,0.2597919702529907,0.40287062525749207,9.1677173941207e-07,-0.09106184542179108,-0.08309296518564224,-0.07158232480287552,-0.10089252889156342,-0.10282658040523529
dataset/0_58_jpg.rf.c9da59573a254b46ea950b16ff307f39.jpg,0,0.24882793426513672,0.5206275582313538,0.43041136860847473,0.4326740801334381,0.4207631051540375,0.4230240285396576,0.4376155734062195,0.2752548158168793,0.2890586256980896,0.3391955494880676,0.3901834487915039,0.44027429819107056,-1.2745291542159976e-06,-0.06710795313119888,-0.08807361871004105,-0.04361546412110329,-0.012131585739552975,-0.0051435125060379505
dataset/4_166_jpg.rf.0078dbcc36fac4ec1932e2688ed456db.jpg,4,0.590137779712677,0.6868593096733093,0.5390440225601196,0.7093057632446289,0.7747759222984314,0.838571310043335,0.778350293636322,0.5276293754577637,0.09691515564918518,0.09027376770973206,0.16447395086288452,0.3448528051376343,5.916065219935263e-07,-0.1242927834391594,-0.15083396434783936,-0.13224995136260986,-0.13479271531105042,-0.12583641707897186
dataset/0_113_jpg.rf.09994b0da8f04ea29f7f739f4b274c72.jpg,0,0.4660924971103668,0.6039422154426575,0.5791495442390442,0.5023549795150757,0.4339311122894287,0.36599352955818176,0.7700158357620239,0.36290082335472107,0.4802410900592804,0.5116407871246338,0.5464933514595032,0.5710349082946777,-1.2282151828912902e-06,-0.08748546987771988,-0.1273103654384613,-0.11695803701877594,-0.05788934603333473,-0.03619026020169258
dataset/4_117_jpg.rf.062fa4c37291858d2cc5cd735a30c552.jpg,4,0.5915627479553223,0.49155181646347046,0.6282261610031128,0.42705437541007996,0.24492841958999634,0.1304025650024414,0.786089301109314,0.5522623658180237,0.18345502018928528,0.16222712397575378,0.24438627064228058,0.39591535925865173,1.2481287967602839e-06,-0.170078843832016,-0.17053955793380737,-0.15366442501544952,-0.17415332794189453,-0.15933145582675934
dataset/2_104_jpg.rf.a2f435769d4c7d229a25a84c534793b5.jpg,2,0.7954437732696533,0.6134544014930725,0.5057029128074646,0.26692691445350647,0.6149399876594543,0.6485874652862549,0.8465757966041565,0.9179823994636536,0.20082086324691772,0.5401028394699097,0.8443721532821655,0.9283507466316223,1.8213106613984564e-06,-0.3384855091571808,-0.39600658416748047,-0.3561813533306122,-0.264040470123291,-0.22908885776996613
dataset/1_60_jpg.rf.aaf81b61ad39ad7a880ca5bdeddfcaa8.jpg,1,0.4809379577636719,0.568361222743988,0.5247558951377869,0.513892412185669,0.5217705368995667,0.5463368892669678,0.9469959735870361,0.8339865207672119,0.2935958206653595,0.7966156601905823,0.8555317521095276,0.8933444023132324,1.8286499425812508e-07,-0.2599242031574249,-0.311710000038147,-0.21905517578125,-0.15470287203788757,-0.17627814412117004
dataset/5_84_jpg.rf.0e78f96fdbd7691c6a4f154ac548be45.jpg,5,0.5327308177947998,0.6731215715408325,0.4725649058818817,0.3887522518634796,0.3353748917579651,0.2434478998184204,0.912513017654419,0.4712652564048767,0.16013211011886597,0.1456511914730072,0.22554156184196472,0.3939548432826996,9.710703352538985e-07,-0.1932806372642517,-0.20484218001365662,-0.1856827437877655,-0.17050769925117493,-0.15534739196300507
dataset/2_43_jpg.rf.14aa7e25a2dc2f038c66271c6627df2b.jpg,2,0.7089064717292786,0.7102965116500854,0.4994458556175232,0.575807511806488,0.7098395228385925,0.7602453231811523,0.8737787008285522,0.5752750635147095,0.3634098768234253,0.33833691477775574,0.6638982892036438,0.7151493430137634,1.148476371781726e-06,-0.07191627472639084,-0.0023444003891199827,-0.044911693781614304,-0.09329245984554291,-0.11385229229927063
dataset/1_86_jpg.rf.1dc053a3f43760abda79904be8241136.jpg,1,0.4878380298614502,0.5221548080444336,0.5232536196708679,0.49536439776420593,0.5292036533355713,0.5861092805862427,0.7611631155014038,0.47400206327438354,0.251908540725708,0.5660598874092102,0.6224281787872314,0.6373511552810669,-3.3033325053111184e-07,-0.09682135283946991,-0.09723402559757233,-0.09942545741796494,-0.05978870764374733,-0.06501362472772598
dataset/0_53_jpg.rf.6bada3f5c23e4dd9be76bc2070751e41.jpg,0,0.5486124753952026,0.5212635397911072,0.6185928583145142,0.550273597240448,0.5007026195526123,0.4414985179901123,0.7296851873397827,0.30393606424331665,0.34465402364730835,0.3661425709724426,0.4246560037136078,0.4619525074958801,-7.128727474992047e-07,-0.10987308621406555,-0.12408638000488281,-0.08235655725002289,-0.04517779499292374,-0.02318420074880123
dataset/4_128_jpg.rf.1272abd8f69517cbfe1fcf008a5b1b5b.jpg,4,0.6913323998451233,0.7317180633544922,0.748031735420227,0.6749504208564758,0.6017273664474487,0.5283229351043701,0.7934627532958984,0.5614258050918579,0.29002177715301514,0.2512265741825104,0.28727418184280396,0.3447738289833069,8.194012366402603e-07,-0.06136682257056236,-0.07101547718048096,-0.05880724638700485,-0.06640133261680603,-0.04932748153805733
dataset/5_109_jpg.rf.25fd975e8b3cf99879bd664cc9fe0910.jpg,5,0.6362749934196472,0.9250314235687256,0.564871609210968,0.5011119246482849,0.4521334767341614,0.4083230793476105,0.6862843036651611,0.4382217526435852,0.3089790940284729,0.2914600372314453,0.31918275356292725,0.36782997846603394,5.749388378717413e-07,-0.010034753009676933,0.06699033826589584,0.07033025473356247,0.047865815460681915,0.04522591084241867
dataset/4_181_jpg.rf.272a238f5064d90774d732444ccbd52c.jpg,4,0.3252413272857666,0.4673633873462677,0.5847262144088745,0.6551169157028198,0.6844004392623901,0.6980642080307007,0.7039454579353333,0.539135754108429,0.06813129782676697,0.07550466060638428,0.18068557977676392,0.35164931416511536,8.803542641544482e-07,-0.14769215881824493,-0.18761585652828217,-0.18207818269729614,-0.18191756308078766,-0.17422474920749664
dataset/2_63_jpg.rf.c51c521ba3f06481c03d1a1a524caa81.jpg,2,0.4439886510372162,0.4486728608608246,0.36528831720352173,0.4782656133174896,0.45826512575149536,0.48841094970703125,0.8420219421386719,0.5671867728233337,0.3695146143436432,0.34565871953964233,0.6642135381698608,0.7116872072219849,4.907977881885017e-07,-0.049353908747434616,-0.030493902042508125,-0.05561396852135658,-0.057884592562913895,-0.06030958518385887
dataset/2_85_jpg.rf.48d6ca067adc34202a3717555c567745.jpg,2,0.5950323343276978,0.7808110117912292,0.6557859778404236,0.8375537991523743,0.7082726359367371,0.7281447649002075,0.8693265318870544,0.6058342456817627,0.3387090861797333,0.3587447702884674,0.6919063925743103,0.7361316680908203,1.6043135246945894e-06,-0.12753944098949432,-0.019960973411798477,-0.009065289981663227,-0.06701790541410446,-0.10221654176712036
dataset/2_148_jpg.rf.d62cd3d8ce06bcff88fddca896b09912.jpg,2,0.4146587550640106,0.22800785303115845,0.35011762380599976,0.17096668481826782,0.2933826446533203,0.2720831036567688,0.8608219623565674,0.6073431968688965,0.325106680393219,0.3465932011604309,0.6698437333106995,0.7263032793998718,1.3587974763140664e-06,-0.09808968007564545,-0.01806066185235977,-0.007238227874040604,-0.08960854262113571,-0.10364986956119537
dataset/3_102_jpg.rf.0c55788cb24c82edfc51dc177217aa04.jpg,3,0.39291542768478394,0.283337265253067,0.37837156653404236,0.3045293688774109,0.21482451260089874,0.2828424274921417,0.8332453966140747,0.5957324504852295,0.31435686349868774,0.2935970425605774,0.33023202419281006,0.689436137676239,9.761612318470725e-07,-0.007003649603575468,-0.014044254086911678,-0.00944432057440281,-0.15548647940158844,-0.11233744025230408
dataset/2_193_jpg.rf.8abc7c157028697d8999478ce5dea887.jpg,2,0.7803457379341125,0.5718159079551697,0.5790202617645264,0.36615145206451416,0.5873700380325317,0.5904362201690674,0.7782993316650391,0.7879887223243713,0.12606081366539001,0.28299465775489807,0.7161189317703247,0.772729754447937,1.7697442444841727e-06,-0.31949755549430847,-0.3904000520706177,-0.3449493944644928,-0.22431254386901855,-0.1853317767381668
dataset/2_127_jpg.rf.3c0a46e9708f0938f9d752f93ecc11f6.jpg,2,0.6348028779029846,0.5330291390419006,0.6763231754302979,0.5104930996894836,0.5711386799812317,0.5427285432815552,0.8408477306365967,0.5599172711372375,0.3221970498561859,0.3178281784057617,0.6495253443717957,0.6912820935249329,1.3081742054055212e-06,-0.0769134983420372,-0.047686610370874405,-0.06568769365549088,-0.10516814142465591,-0.11355157196521759
dataset/5_152_jpg.rf.8bbb0f017c94084bc4cbe9e75989e568.jpg,5,0.3725588321685791,0.19594013690948486,0.5947819948196411,0.72577303647995,0.8051988482475281,0.8478982448577881,0.8566502928733826,0.3768981993198395,0.2476613074541092,0.2837333679199219,0.3877270817756653,0.5310723781585693,7.383777642644418e-07,-0.04944879189133644,-0.01532590202987194,-0.00925853569060564,-0.04621025174856186,-0.06402011215686798
dataset/4_108_jpg.rf.0e98c76dc43e9a3f785d1f11f2cafd7f.jpg,4,0.5318308472633362,0.4556049704551697,0.5992372035980225,0.41378238797187805,0.22783926129341125,0.1023213267326355,0.9573277831077576,0.7578551173210144,0.36751678586006165,0.3427475094795227,0.4205130338668823,0.559566855430603,1.4127903114058427e-06,-0.16921067237854004,-0.180634006857872,-0.1641087830066681,-0.18971212208271027,-0.17456501722335815
dataset/4_114_jpg.rf.f63e8e16cdd8791efd5ca07cef3fe2c3.jpg,4,0.6020556688308716,0.6737379431724548,0.420327365398407,0.5899447202682495,0.6568712592124939,0.7695873379707336,0.8329654932022095,0.6075605154037476,0.17123758792877197,0.10022827982902527,0.16043943166732788,0.312686562538147,6.331711688289943e-07,-0.16589614748954773,-0.216925710439682,-0.19326438009738922,-0.19296331703662872,-0.18124517798423767
dataset/3_57_jpg.rf.344c236e948fea5a423e6cc6b02a43d5.jpg,3,0.5964299440383911,0.679162859916687,0.5760581493377686,0.635556697845459,0.6941752433776855,0.6525709629058838,0.9546701908111572,0.7129757404327393,0.2813836634159088,0.24024707078933716,0.31407952308654785,0.7703719735145569,6.540070671690046e-07,-0.16456763446331024,-0.19815239310264587,-0.18422666192054749,-0.20756688714027405,-0.17278437316417694
dataset/0_27_jpg.rf.64af5a9525a739ca35279e60ec691e5a.jpg,0,0.583743691444397,0.6352676153182983,0.597531259059906,0.6401058435440063,0.6881006956100464,0.7365567684173584,0.5727522373199463,0.2964010536670685,0.3780466318130493,0.41442230343818665,0.45595577359199524,0.48563626408576965,-1.388090481668769e-06,-0.07117181271314621,-0.09744632989168167,-0.06515704840421677,-0.01817511022090912,-0.009477239102125168
dataset/4_167_jpg.rf.1381c49e3ffccbb3455aa5eacb44958a.jpg,4,0.6567223072052002,0.44390732049942017,0.30289405584335327,0.16391390562057495,0.11202970147132874,0.14920282363891602,0.7587285041809082,0.5899105072021484,0.22244715690612793,0.3185426890850067,0.4877660870552063,0.6662358641624451,9.441962447453989e-07,-0.1849644035100937,-0.1888587474822998,-0.17328664660453796,-0.17624463140964508,-0.16563937067985535
dataset/3_128_jpg.rf.828b9d4534be393bebd547a1d1c18a1e.jpg,3,0.7078506946563721,0.5226055383682251,0.638951301574707,0.4260265827178955,0.3751668930053711,0.5309118628501892,0.8982619047164917,0.8648475408554077,0.21098080277442932,0.26138657331466675,0.4091864228248596,0.8374884128570557,1.8261872583025252e-06,-0.38079002499580383,-0.466130793094635,-0.40772247314453125,-0.3516867458820343,-0.24892525374889374
dataset/5_156_jpg.rf.59bfe6776bd2f726e2a6726696287ce7.jpg,5,0.7928657531738281,0.5347995162010193,0.24780112504959106,0.1821572184562683,0.21161743998527527,0.29879456758499146,0.6299894452095032,0.20835739374160767,0.3055199682712555,0.5428363680839539,0.6569507718086243,0.8003032207489014,8.038618375394435e-07,-0.14511021971702576,-0.17197340726852417,-0.16363519430160522,-0.15765924751758575,-0.15319237112998962
dataset/4_71_jpg.rf.57b802d634855cdaaa6ca36a1b3ec04e.jpg,4,0.671109676361084,0.6304323673248291,0.6722143888473511,0.4922533631324768,0.3246385455131531,0.2234349250793457,1.0054024457931519,0.70321124792099,0.2184942066669464,0.18855538964271545,0.3187478184700012,0.506695568561554,1.2311077171034412e-06,-0.17906591296195984,-0.20856812596321106,-0.20379655063152313,-0.22288735210895538,-0.21258744597434998
dataset/4_137_jpg.rf.71a2bc252b2d169fc484e607ece83083.jpg,4,0.6037614345550537,0.5061774253845215,0.6418686509132385,0.4388033151626587,0.25465551018714905,0.13770514726638794,0.7830673456192017,0.542228102684021,0.1643320620059967,0.14087310433387756,0.22427265346050262,0.3801835775375366,1.226983158630901e-06,-0.17282740771770477,-0.16516532003879547,-0.14606329798698425,-0.16752207279205322,-0.15393663942813873
dataset/0_115_jpg.rf.77879434d6a8de3496a3d96eca00d062.jpg,0,0.46392929553985596,0.4101007282733917,0.404015451669693,0.4706978499889374,0.5468971729278564,0.6177619099617004,0.769310712814331,0.3555373549461365,0.46002671122550964,0.48852768540382385,0.532926082611084,0.5754768252372742,-1.7153486169263488e-06,-0.1510366052389145,-0.14457349479198456,-0.1154942661523819,-0.05431044474244118,-0.04440171644091606
dataset/3_29_jpg.rf.aef6756c2d5ee3dc8080eba2ba6629cd.jpg,3,0.7455148696899414,0.623035192489624,0.7365775108337402,0.6035165190696716,0.4884839653968811,0.6394579410552979,0.8786748647689819,0.6512359380722046,0.3867378830909729,0.3790093660354614,0.43509745597839355,0.7513498663902283,1.0702655117711402e-06,-0.027585793286561966,-0.04045669734477997,-0.04222996532917023,-0.1445012390613556,-0.10170795023441315
dataset/0_17_jpg.rf.5ce8a0678634c0228aaa12f05b1adf76.jpg,0,0.4865679144859314,0.5452768802642822,0.5126186013221741,0.5560675263404846,0.6026654243469238,0.6524246335029602,0.582282304763794,0.3154580593109131,0.3921700119972229,0.4260042607784271,0.4651060700416565,0.49506518244743347,-1.2993249356441083e-06,-0.0778871476650238,-0.10068269819021225,-0.0662214457988739,-0.021698055788874626,-0.018785178661346436
dataset/2_145_jpg.rf.2d2731d9ea2f0185d75f0d245dd22305.jpg,2,0.3999080955982208,0.4684252142906189,0.4190184473991394,0.5679722428321838,0.46272873878479004,0.48287680745124817,0.8657405376434326,0.5674840211868286,0.26545676589012146,0.2727814018726349,0.6727055311203003,0.72589510679245,7.807310566931847e-07,-0.10862837731838226,-0.09905629605054855,-0.13358983397483826,-0.11400451511144638,-0.11994744092226028
dataset/5_172_jpg.rf.baba69801b24f7f7ff069b8d94b233db.jpg,5,0.6036345362663269,0.9279029369354248,0.5780129432678223,0.4432002604007721,0.32087332010269165,0.24555248022079468,0.8014187812805176,0.4607822000980377,0.16484791040420532,0.14669090509414673,0.2414930760860443,0.3888966143131256,9.154994700111274e-07,-0.14708231389522552,-0.14377310872077942,-0.14728397130966187,-0.16182146966457367,-0.159804567694664
dataset/0_179_jpg.rf.aed43e5c485f8bb8a984f65d35f6d10a.jpg,0,0.3131304979324341,0.7397961616516113,0.5447883605957031,0.4834267497062683,0.40699028968811035,0.3489043116569519,0.6416488885879517,0.4316585063934326,0.5076044797897339,0.4918503761291504,0.46272122859954834,0.4049825370311737,-1.3585644182967371e-06,-0.18458543717861176,-0.22423188388347626,-0.16499671339988708,-0.09100642800331116,-0.05944286659359932
dataset/3_63_jpg.rf.52541af5d7d5b0f0e41fabc53acc4a99.jpg,3,0.5894485712051392,0.43369317054748535,0.37840351462364197,0.2250836044549942,0.20978236198425293,0.4634711742401123,0.8735923171043396,0.7727285623550415,0.25079596042633057,0.3840676546096802,0.5102464556694031,0.7944598197937012,1.3444011983665405e-06,-0.20193259418010712,-0.21882863342761993,-0.20363354682922363,-0.20731909573078156,-0.1598837524652481
dataset/4_75_jpg.rf.e1165a4d45a8d6916f8a78c9f5f44b79.jpg,4,0.4118075966835022,0.49742695689201355,0.3790469467639923,0.5669812560081482,0.7599035501480103,0.8764185905456543,0.7887847423553467,0.5438055992126465,0.1835167109966278,0.16992822289466858,0.24657897651195526,0.39897504448890686,6.728413382006693e-07,-0.1089077964425087,-0.10907424986362457,-0.11651993542909622,-0.1665695607662201,-0.16571225225925446
dataset/0_135_jpg.rf.7250a5a6371b244499c0f95e1adbf89d.jpg,0,0.5250425934791565,0.2910825312137604,0.35772842168807983,0.4033496677875519,0.45563381910324097,0.5027107000350952,0.5248381495475769,0.7252872586250305,0.6358036398887634,0.6597929000854492,0.6739619374275208,0.6890510320663452,-5.896926040804829e-07,-0.08397802710533142,-0.10975705087184906,-0.0950230285525322,-0.05393126234412193,-0.04298543557524681
dataset/4_134_jpg.rf.2ae41a72d6f12f635383e07bb79b51ea.jpg,4,0.37704554200172424,0.4178367257118225,0.35200417041778564,0.5084484219551086,0.6346163749694824,0.7380107641220093,0.9723227620124817,0.606619119644165,0.2656278908252716,0.25274571776390076,0.3168976604938507,0.4382626414299011,6.575692736987548e-07,-0.03787817806005478,0.016292504966259003,0.02040581777691841,-0.03105207346379757,-0.04191716015338898
dataset/1_57_jpg.rf.9556a730cebfd2159fc32bf01cca26bf.jpg,1,0.472747802734375,0.4210706949234009,0.4026440978050232,0.4541431665420532,0.4217401146888733,0.3608507513999939,0.8678525686264038,0.5398288369178772,0.2461528182029724,0.6431425213813782,0.7075760364532471,0.7250089645385742,-4.4375386920592064e-08,-0.12330377101898193,-0.1101224422454834,-0.1209283396601677,-0.06718391925096512,-0.05582544580101967
dataset/5_48_jpg.rf.0fa2ebff511c198c9d13ccbf833d4bf9.jpg,5,0.6012076139450073,0.5288965702056885,0.28611186146736145,0.20445813238620758,0.17861518263816833,0.14063876867294312,0.8620163202285767,0.3133326768875122,0.14396080374717712,0.1726047694683075,0.28911399841308594,0.5185340046882629,8.73420447078388e-07,-0.1569623500108719,-0.17981861531734467,-0.1593981683254242,-0.16218258440494537,-0.15844310820102692
dataset/0_18_jpg.rf.3cd874e2727b1107f5c9185968a13879.jpg,0,0.4648900628089905,0.49093982577323914,0.5155754089355469,0.45519208908081055,0.3885813355445862,0.3244032561779022,0.6858212947845459,0.2521457076072693,0.36265790462493896,0.40447917580604553,0.45643824338912964,0.4928116202354431,-9.097293514059857e-07,-0.18225128948688507,-0.1854410320520401,-0.12042958289384842,-0.03925544396042824,-0.008186466060578823
dataset/5_106_jpg.rf.28d3068825f1c9170922213ec923f8d1.jpg,5,0.3423030972480774,0.26621127128601074,0.3810195326805115,0.5132506489753723,0.5749994516372681,0.6455893516540527,0.8867294192314148,0.40195557475090027,0.12070220708847046,0.133078932762146,0.21954351663589478,0.4005695879459381,7.610614716213604e-07,-0.19515520334243774,-0.23651587963104248,-0.22221922874450684,-0.211068794131279,-0.1962304413318634
dataset/1_148_jpg.rf.a9890e9308dd332909340901d68503a4.jpg,1,0.5362120866775513,0.5025990605354309,0.4680914878845215,0.5204133987426758,0.49445194005966187,0.4407540559768677,0.8322864174842834,0.5332210063934326,0.24968940019607544,0.6378265619277954,0.6958850622177124,0.7150391340255737,2.8859803435921094e-09,-0.13151368498802185,-0.11637550592422485,-0.1378667652606964,-0.0864267572760582,-0.07791116833686829
dataset/4_146_jpg.rf.42bc46de514606565628f90bd02b5f28.jpg,4,0.31639277935028076,0.36110883951187134,0.22024841606616974,0.41179001331329346,0.6163455247879028,0.7489385604858398,0.7300832271575928,0.4763737618923187,0.10560807585716248,0.07631394267082214,0.1508537083864212,0.29981452226638794,7.141424021028797e-07,-0.13402505218982697,-0.13542386889457703,-0.14141790568828583,-0.18512700498104095,-0.18349622189998627
dataset/1_143_jpg.rf.4f3c9f909f64f7362745bcb50f7ee28c.jpg,1,0.5557743906974792,0.5497727990150452,0.5105987191200256,0.5467729568481445,0.5144902467727661,0.4551743268966675,0.8709640502929688,0.5766668915748596,0.3029508590698242,0.6805586814880371,0.732772707939148,0.7495452761650085,-1.083935927681523e-07,-0.12885834276676178,-0.12548279762268066,-0.13912343978881836,-0.08776615560054779,-0.07478240877389908
dataset/3_138_jpg.rf.8780ff4245449c8b234ed491928e01b6.jpg,3,0.5081948041915894,0.4869065582752228,0.7498824596405029,0.6228391528129578,0.4340990483760834,0.454247385263443,0.8972039818763733,0.5451684594154358,0.23310524225234985,0.17737385630607605,0.20731231570243835,0.6760058999061584,1.383229914608819e-06,-0.023205384612083435,-0.04580187425017357,-0.04888404533267021,-0.16043584048748016,-0.11280322074890137
dataset/2_192_jpg.rf.4c9900bda66a34fa5fff4c9202366225.jpg,2,0.42849552631378174,0.587862491607666,0.45103126764297485,0.6348892450332642,0.5291399359703064,0.5572863817214966,0.8307132720947266,0.5509142279624939,0.2820967435836792,0.28132638335227966,0.6301215887069702,0.6859943866729736,1.3764598634224967e-06,-0.12402621656656265,-0.05108555406332016,-0.08784578740596771,-0.13059011101722717,-0.13968710601329803
dataset/4_8_jpg.rf.a7e99df88b11f71d5e7d8b010278b5a5.jpg,4,0.5443687438964844,0.4252763092517853,0.5155843496322632,0.305963397026062,0.26767486333847046,0.20693880319595337,0.9192137718200684,0.8595210909843445,0.2781333923339844,0.2965563237667084,0.38028478622436523,0.5794905424118042,1.2973206366950762e-06,-0.2731177508831024,-0.3362768292427063,-0.3096400797367096,-0.2707188129425049,-0.22546714544296265
dataset/1_46_jpg.rf.821c7893d63ac318440a3832f2aa15c7.jpg,1,0.8562313318252563,0.5698432326316833,0.2743859887123108,0.6633062362670898,0.6792721748352051,0.6612586975097656,0.31475192308425903,0.517039954662323,0.6860314607620239,0.4183327853679657,0.31222003698349,0.20857205986976624,-6.191643819875026e-07,-0.1543896347284317,-0.183732271194458,-0.1693001091480255,-0.11411537230014801,-0.12373568117618561
dataset/1_160_jpg.rf.e9b170ab69fbc03a0f2b86a4a8fb9470.jpg,1,0.5254426598548889,0.4026258885860443,0.4491903781890869,0.4544377326965332,0.433826208114624,0.4056999981403351,0.7862030863761902,0.6919466257095337,0.1231880784034729,0.6467551589012146,0.7168379426002502,0.7504420280456543,4.5256800262905017e-07,-0.22149305045604706,-0.23571014404296875,-0.18548855185508728,-0.12587277591228485,-0.10125687718391418
dataset/0_80_jpg.rf.c9cf09ce8e6def42199bfd777c044f41.jpg,0,0.5380784869194031,0.5651880502700806,0.5736250877380371,0.5081780552864075,0.45240941643714905,0.40270131826400757,0.7125823497772217,0.37286177277565,0.4508817195892334,0.48502016067504883,0.5265771746635437,0.5688321590423584,-1.3095472013446852e-06,-0.09164363145828247,-0.13514961302280426,-0.1214461401104927,-0.06726903468370438,-0.04900212585926056
dataset/4_110_jpg.rf.6941474ef84c7571124ab644552d1a8a.jpg,4,0.45109495520591736,0.5589395761489868,0.4198930561542511,0.5976559519767761,0.6796849966049194,0.7609158754348755,0.8948920965194702,0.7356789112091064,0.20826420187950134,0.1880013644695282,0.27347320318222046,0.45611298084259033,8.542888849660812e-07,-0.1864253580570221,-0.26227208971977234,-0.23532503843307495,-0.2325921654701233,-0.20882770419120789
dataset/2_156_jpg.rf.f3414f6d960ebbd05ab7f677d102e5f6.jpg,2,0.4070513844490051,0.4837370812892914,0.43370917439460754,0.5841272473335266,0.4727775454521179,0.4924737811088562,0.8715136051177979,0.570650577545166,0.27346909046173096,0.28434985876083374,0.6771765947341919,0.7317189574241638,8.183365594049974e-07,-0.1050397977232933,-0.08920518308877945,-0.12671563029289246,-0.10436466336250305,-0.11205946654081345
dataset/0_95_jpg.rf.163f69cef2fdd3062e0cc28d3a0298bb.jpg,0,0.4993506073951721,0.7212534546852112,0.6832770705223083,0.6345037817955017,0.5872759222984314,0.5465121269226074,0.33824002742767334,0.4872061014175415,0.41945669054985046,0.4418466091156006,0.4598029851913452,0.49792179465293884,-8.250704581769241e-07,-0.045312147587537766,-0.055537402629852295,-0.027644744142889977,-0.0036970532964915037,0.0034072156995534897
dataset/3_195_jpg.rf.1ba9b76a4a66cd6cd9e6f7229e3ec524.jpg,3,0.41897571086883545,0.5296106934547424,0.43676865100860596,0.5601317882537842,0.6685654520988464,0.5381063222885132,0.9479637742042542,0.6437655687332153,0.3289110064506531,0.32762616872787476,0.40905922651290894,0.78080153465271,4.171558032339817e-07,-0.0012017050758004189,0.006118372082710266,-0.017537415027618408,-0.10800163447856903,-0.09236862510442734
dataset/4_85_jpg.rf.77153e017bc09dd93fbcdf7bf1e431b8.jpg,4,0.6513586044311523,0.4972589313983917,0.2548971176147461,0.19062283635139465,0.1936919093132019,0.2400159388780594,0.693609356880188,0.5772311091423035,0.25057899951934814,0.28168976306915283,0.36778005957603455,0.48476797342300415,8.338109296346374e-07,-0.166457399725914,-0.19151847064495087,-0.17953993380069733,-0.1621284782886505,-0.13904298841953278
dataset/2_82_jpg.rf.7e34941c2077f4dc325e0de834ce6cc1.jpg,2,0.4245295822620392,0.2576354742050171,0.38340872526168823,0.21439270675182343,0.3188306987285614,0.29646703600883484,0.8643577098846436,0.6086241006851196,0.33884406089782715,0.35512790083885193,0.6775184869766235,0.7315883040428162,1.3011822375119664e-06,-0.08609586954116821,-0.026225393638014793,-0.024078717455267906,-0.0886431410908699,-0.09546231478452682
dataset/4_92_jpg.rf.38692cd7c4ade924b4c4dd97e2a21389.jpg,4,0.6371399760246277,0.659748375415802,0.7562268376350403,0.5867383480072021,0.3983951807022095,0.2880309820175171,0.8447009325027466,0.5588445067405701,0.18527188897132874,0.13075485825538635,0.2287968546152115,0.38741251826286316,1.1082089486080804e-06,-0.17758531868457794,-0.20160923898220062,-0.1879269778728485,-0.20342372357845306,-0.19395789504051208
dataset/4_123_jpg.rf.d309bd67eb9881df7d330e8b32cc77c1.jpg,4,0.5314595103263855,0.4344262182712555,0.5056462287902832,0.3490551710128784,0.22090278565883636,0.1347481906414032,0.9106022119522095,0.6128541231155396,0.22897851467132568,0.22591638565063477,0.3200118839740753,0.47313129901885986,9.418981790076941e-07,-0.09273829311132431,-0.07127151638269424,-0.055184874683618546,-0.08922802656888962,-0.09025473147630692
dataset/1_131_jpg.rf.b2ea7a5bd26203ce88dce6639935d5fe.jpg,1,0.9322929382324219,0.6179999113082886,0.28246036171913147,0.6627181172370911,0.7609159350395203,0.7800737619400024,0.49532943964004517,0.5555760860443115,0.43885284662246704,0.5393944978713989,0.5605983734130859,0.6221319437026978,1.8438269933085394e-07,-0.17766670882701874,-0.1547519415616989,-0.1639447808265686,-0.11652740836143494,-0.09826258569955826
dataset/3_44_jpg.rf.d8a2c4366ebb4ee7f16d6cdd51c4f6da.jpg,3,0.4035554528236389,0.5483642816543579,0.15205281972885132,0.418401300907135,0.5517011880874634,0.5236157774925232,0.8588193655014038,0.8008195161819458,0.28364378213882446,0.18371841311454773,0.22745606303215027,0.7857128381729126,9.790671811060747e-07,-0.43966343998908997,-0.607693076133728,-0.5995485186576843,-0.5545033812522888,-0.3920708894729614
dataset/0_44_jpg.rf.ce5c3f6079b1a90b7c041e310d7bfde7.jpg,0,0.2543622851371765,0.3077784776687622,0.23367257416248322,0.2842768132686615,0.3061293959617615,0.34377598762512207,0.6206692457199097,0.32104748487472534,0.33597463369369507,0.3761536777019501,0.44832947850227356,0.507382333278656,-1.1394007515264093e-06,-0.24392324686050415,-0.26253002882003784,-0.2004058063030243,-0.15548132359981537,-0.16494762897491455
dataset/1_144_jpg.rf.36b84eaeaa3f82325773cec227862142.jpg,1,0.8178166747093201,0.6791359186172485,0.4593203663825989,0.7516369223594666,0.7458671927452087,0.7284553050994873,0.8458408117294312,0.8766083717346191,0.23215681314468384,0.7739467620849609,0.8473659157752991,0.9138609170913696,6.76298384405527e-07,-0.3274611532688141,-0.38804879784584045,-0.3061579167842865,-0.20910003781318665,-0.1797707974910736
dataset/4_139_jpg.rf.3376179b096af9b79ebce1f1bc36051c.jpg,4,0.6034832000732422,0.5096156001091003,0.6400712728500366,0.4384891092777252,0.2547045350074768,0.13557973504066467,0.7763144969940186,0.5398082733154297,0.15982270240783691,0.13565227389335632,0.2177947610616684,0.37481123208999634,1.246710439772869e-06,-0.16823260486125946,-0.16001859307289124,-0.14604103565216064,-0.1716373860836029,-0.15885713696479797
dataset/4_64_jpg.rf.e5317fe256a7511e72a4461be1c34793.jpg,4,0.5614416599273682,0.44478175044059753,0.5881351232528687,0.45053809881210327,0.3431931734085083,0.25309646129608154,0.9580658674240112,0.6079081296920776,0.2468370795249939,0.26265421509742737,0.36355751752853394,0.4969203770160675,1.2031799769829377e-06,-0.06884858757257462,0.052781034260988235,0.11900599300861359,0.0720893144607544,0.05377677083015442
dataset/0_140_jpg.rf.a8156d64ac0cbe525b7ee10e42b05c1a.jpg,0,0.3941144347190857,0.2661513388156891,0.2946057915687561,0.3581991195678711,0.42524367570877075,0.4822476804256439,0.7239904403686523,0.43451130390167236,0.486594021320343,0.5014004707336426,0.5196782350540161,0.5420854091644287,-1.530216195533285e-06,-0.1525849848985672,-0.1360224038362503,-0.09914124757051468,-0.051122792065143585,-0.044255323708057404
dataset/4_90_jpg.rf.2ae08f61af870887ee35711a249da33e.jpg,4,0.5721684098243713,0.48269906640052795,0.4919719398021698,0.3437608778476715,0.21537254750728607,0.13343119621276855,0.8694558143615723,0.6260048151016235,0.24790814518928528,0.2503863275051117,0.35542428493499756,0.5197201371192932,9.602752015780425e-07,-0.1540675163269043,-0.1490255743265152,-0.13342785835266113,-0.15529416501522064,-0.15134523808956146
dataset/4_131_jpg.rf.f66b2af5f28f7a66ce72f1b37d6e2037.jpg,4,0.43090155720710754,0.4927837550640106,0.276096373796463,0.4339376389980316,0.5168681740760803,0.6216501593589783,0.8883863091468811,0.6481999158859253,0.21003639698028564,0.16234716773033142,0.2164286971092224,0.3840002417564392,6.879425313854881e-07,-0.1389426738023758,-0.200881227850914,-0.18082548677921295,-0.1844710111618042,-0.17986905574798584
dataset/4_138_jpg.rf.558aec175783a0f328fb9c8a315bd1ad.jpg,4,0.4587271213531494,0.5544379353523254,0.48274704813957214,0.6998628973960876,0.7410545349121094,0.7967249155044556,0.9221409559249878,0.8537421226501465,0.2778686285018921,0.304649293422699,0.37857335805892944,0.5828460454940796,1.0906020406764583e-06,-0.31513768434524536,-0.3699672520160675,-0.322137713432312,-0.2927696406841278,-0.24829241633415222
dataset/1_61_jpg.rf.9b95d3133d22d4d0bc49502331fecd6f.jpg,1,0.7662994861602783,0.4569275677204132,0.20500853657722473,0.5682105422019958,0.6214015483856201,0.5955600142478943,0.8441200256347656,0.6419922113418579,0.39182761311531067,0.6789352893829346,0.7482609748840332,0.7998988628387451,5.461548653329373e-07,-0.33633890748023987,-0.23674489557743073,-0.1947712004184723,-0.1689998209476471,-0.1714276373386383
dataset/1_14_jpg.rf.70714f2e558ee760acab04f2259ce41d.jpg,1,0.4635922908782959,0.3130961060523987,0.18427510559558868,0.3835093379020691,0.33851945400238037,0.29544228315353394,0.9151158332824707,0.7542551755905151,0.4310015141963959,0.8010560274124146,0.8508251905441284,0.8968216180801392,-1.5405571218707337e-07,-0.3027646243572235,-0.3226141631603241,-0.2596438229084015,-0.17746801674365997,-0.16205011308193207
dataset/2_70_jpg.rf.ef3394a2119df27d17af9a301425e0b7.jpg,2,0.7009953856468201,0.7198198437690735,0.5229466557502747,0.5975826978683472,0.712428629398346,0.7572968602180481,0.8662570118904114,0.5690293312072754,0.35263770818710327,0.3269041180610657,0.6573187708854675,0.7103248834609985,1.219854425471567e-06,-0.0827966257929802,-0.0026583068538457155,-0.040517061948776245,-0.09991884976625443,-0.12640978395938873
dataset/2_27_jpg.rf.da813a747898edac54c2cd9e4ffe1a34.jpg,2,0.47670891880989075,0.3867095112800598,0.5743159055709839,0.383217990398407,0.4033780097961426,0.3857268691062927,0.9065639972686768,0.7008653283119202,0.32511138916015625,0.32689064741134644,0.6794210076332092,0.7424173355102539,1.2697976217168616e-06,-0.19607895612716675,-0.21682921051979065,-0.1964777559041977,-0.16040632128715515,-0.13969938457012177
dataset/5_72_jpg.rf.f09ae9da86f6dacf556adc137f4d56b1.jpg,5,0.5716565847396851,0.9162840843200684,0.5765690803527832,0.42505714297294617,0.29141706228256226,0.17522895336151123,0.7216795086860657,0.41350603103637695,0.2037673145532608,0.19109447300434113,0.2500024437904358,0.35851380228996277,1.0339523441871279e-06,-0.07817729562520981,-0.004583366680890322,-0.0027820433024317026,-0.04804420471191406,-0.07078143954277039
dataset/0_50_jpg.rf.351c1bc6ed40440e9e564d7f5c9cb787.jpg,0,0.6439189910888672,0.47330158948898315,0.5191012024879456,0.5900214910507202,0.6559505462646484,0.7166473865509033,0.643097996711731,0.37391847372055054,0.44618239998817444,0.44434067606925964,0.451433926820755,0.45919883251190186,-1.3946059880254325e-06,-0.13096973299980164,-0.13954013586044312,-0.10413336008787155,-0.04353715479373932,-0.03748601675033569
dataset/4_184_jpg.rf.f73e3c7791c800f60997d604e9511fc7.jpg,4,0.7099502086639404,0.5673196315765381,0.2997857928276062,0.2383119910955429,0.24453803896903992,0.2811574637889862,0.7054077982902527,0.6194784641265869,0.2786559760570526,0.31714415550231934,0.41846245527267456,0.5793102383613586,9.62782451097155e-07,-0.16426029801368713,-0.1923667937517166,-0.17618906497955322,-0.167871356010437,-0.14943155646324158
dataset/5_143_jpg.rf.b8fea2efe7ec1932fc29f8e84435f55d.jpg,5,0.4632456302642822,0.6789706945419312,0.6328567266464233,0.48569607734680176,0.42515429854393005,0.3322894275188446,0.8567398190498352,0.4411090314388275,0.11891007423400879,0.08180379867553711,0.1141747236251831,0.23746076226234436,8.03047328190587e-07,-0.16002853214740753,-0.19489160180091858,-0.19206088781356812,-0.18103070557117462,-0.1694985032081604
dataset/5_166_jpg.rf.ee8c5f385146185887f2eb373733089c.jpg,5,0.6269212961196899,0.9385746717453003,0.6084997057914734,0.4681372344493866,0.3442420959472656,0.24648302793502808,0.8821230530738831,0.5722801685333252,0.3707732856273651,0.36215800046920776,0.42145371437072754,0.5251464247703552,7.64877142955811e-07,-0.08421075344085693,-0.04430778697133064,-0.03647705167531967,-0.06444218009710312,-0.07673881947994232
dataset/2_195_jpg.rf.5a2b5d9e382a7b18966aec611ffc0fc2.jpg,2,0.624054491519928,0.7130907773971558,0.5788644552230835,0.650678277015686,0.6690003871917725,0.7033745646476746,0.8664531707763672,0.5810799598693848,0.34259092807769775,0.331727534532547,0.6613857746124268,0.7168433666229248,1.1768448757720762e-06,-0.0815708115696907,-0.015852008014917374,-0.051345597952604294,-0.09605690836906433,-0.10513556003570557
dataset/0_87_jpg.rf.7e84b02036e60a4aca8361038287d780.jpg,0,0.7607866525650024,0.5291998982429504,0.6276748776435852,0.6266602873802185,0.6201319694519043,0.5898311138153076,0.48459896445274353,0.30400219559669495,0.32594212889671326,0.37611687183380127,0.4271545708179474,0.4735819697380066,-8.28344525416469e-07,-0.04151829332113266,-0.10675788670778275,-0.06408034265041351,-0.011275953613221645,0.0038294808473438025
dataset/3_178_jpg.rf.8cbc34c3e7d5757711076e4ca24baf98.jpg,3,0.5764445066452026,0.6811831593513489,0.567245364189148,0.6429901719093323,0.730929970741272,0.691565215587616,0.8348475694656372,0.5786939859390259,0.3062041699886322,0.2868957817554474,0.3248955011367798,0.6779446005821228,7.947361950755294e-07,-0.006689974572509527,-0.01527343224734068,-0.006663590669631958,-0.133950337767601,-0.10576388239860535
dataset/5_82_jpg.rf.907e7d979fa32f55c4dcbf98efd2c582.jpg,5,0.5233337879180908,0.8073707222938538,0.47348034381866455,0.4039195477962494,0.3424103558063507,0.28320908546447754,0.7162373065948486,0.4595297873020172,0.30157458782196045,0.27522969245910645,0.3142749071121216,0.37035465240478516,6.925889124431706e-07,-0.018493253737688065,0.0235478226095438,0.017986368387937546,-0.003141451394185424,-0.00299306632950902
dataset/1_32_jpg.rf.91c9ce8430f296a1d144463e477597e3.jpg,1,0.6452545523643494,0.5612732172012329,0.7194738984107971,0.6297396421432495,0.5949883460998535,0.5662744641304016,0.8338278532028198,0.7024866342544556,0.23534396290779114,0.6814314126968384,0.7227917909622192,0.7519466280937195,4.713749319762428e-07,-0.17754773795604706,-0.21366114914417267,-0.15499451756477356,-0.11223596334457397,-0.10086650401353836
dataset/3_130_jpg.rf.21d493b09b9f6cd43e20e7e8f6aeba9e.jpg,3,0.6117118000984192,0.5318443775177002,0.6284925937652588,0.5107847452163696,0.40190213918685913,0.5128114223480225,0.9582390785217285,0.6597638130187988,0.3531140089035034,0.3462655246257782,0.41754820942878723,0.7995331287384033,8.766215273681155e-07,-0.022391121834516525,-0.02640046738088131,-0.030933193862438202,-0.10771956294775009,-0.07077056914567947
dataset/1_95_jpg.rf.bb8dcb47b83e1bd0e5d9dd119c2f6a71.jpg,1,0.4826396703720093,0.44806140661239624,0.44359341263771057,0.4789476990699768,0.43917280435562134,0.3769344985485077,0.8543627262115479,0.5244618058204651,0.23012658953666687,0.6388975381851196,0.697117805480957,0.7091296911239624,-1.4702101225338993e-07,-0.12060093134641647,-0.1175377294421196,-0.1370716392993927,-0.07870954275131226,-0.06605304032564163
dataset/4_187_jpg.rf.bc6535f81a4ac98c61718ceb5f3f35f4.jpg,4,0.4262641668319702,0.5600050091743469,0.6273510456085205,0.8032407760620117,0.9146072864532471,0.9346390962600708,0.805181622505188,0.5716142058372498,0.1682838797569275,0.21966011822223663,0.3801681399345398,0.5872119069099426,1.0443034170748433e-06,-0.16946807503700256,-0.1869841367006302,-0.18178831040859222,-0.21474769711494446,-0.21532365679740906
dataset/2_111_jpg.rf.4e0dcdc08898dfafccf9ef7b91cadf9d.jpg,2,0.25223174691200256,0.3905887305736542,0.21438510715961456,0.48344486951828003,0.37022140622138977,0.35579925775527954,0.8724353313446045,0.7412029504776001,0.13836190104484558,0.20511016249656677,0.6802273988723755,0.762497067451477,9.788752777240006e-07,-0.2532353699207306,-0.3524820804595947,-0.29440703988075256,-0.1996275782585144,-0.2001791149377823
dataset/2_16_jpg.rf.c2703fee6ea0a5effa27480429f59bfa.jpg,2,0.4637673497200012,0.3498803973197937,0.5172293186187744,0.3395020663738251,0.3904072344303131,0.3840979039669037,0.8139246702194214,0.5930845141410828,0.20957902073860168,0.23288151621818542,0.6049738526344299,0.6579285264015198,9.399017244504648e-07,-0.12191415578126907,-0.1366100013256073,-0.12198753654956818,-0.09644822031259537,-0.08142165094614029
dataset/3_171_jpg.rf.0d9e32d20c75128a2c6ffa63be4c7926.jpg,3,0.5327193737030029,0.6414661407470703,0.5744727849960327,0.6520277261734009,0.7092347741127014,0.6342418789863586,0.8347277641296387,0.5771665573120117,0.31863468885421753,0.2960542142391205,0.32745981216430664,0.6877291202545166,1.0185399332840461e-06,-0.021690692752599716,0.0037715646903961897,0.03644387051463127,-0.13359326124191284,-0.14276187121868134
dataset/3_95_jpg.rf.ad1d4f093a86bebe20a81bdf014211fc.jpg,3,0.15619361400604248,0.3349803388118744,0.6266387701034546,0.7452549934387207,0.7389066219329834,0.31719350814819336,0.810022234916687,0.8856080174446106,0.2754303812980652,0.39223894476890564,0.593393862247467,0.892376184463501,1.637473019400204e-06,-0.4461861550807953,-0.45786118507385254,-0.386726051568985,-0.39090725779533386,-0.33533158898353577
dataset/1_68_jpg.rf.391527a737c0203ee4eeaebb946b9b11.jpg,1,0.061739057302474976,0.35295233130455017,0.656733512878418,0.2967548668384552,0.21787439286708832,0.20382365584373474,0.4885408282279968,0.5699396729469299,0.5449142456054688,0.5270844101905823,0.5595401525497437,0.6301800608634949,-3.051366803674682e-08,-0.1675388664007187,-0.13174223899841309,-0.14232906699180603,-0.09913824498653412,-0.09039411693811417
dataset/1_177_jpg.rf.f36981b63f1095fad75d0bf100e34eee.jpg,1,0.5046916604042053,0.5541083216667175,0.4455133378505707,0.5271692276000977,0.5603674650192261,0.6256815791130066,0.927456259727478,0.6282337307929993,0.2820950150489807,0.6605626940727234,0.7583987712860107,0.7736874222755432,-6.98224624784416e-08,-0.2545153796672821,-0.2272428721189499,-0.22885708510875702,-0.15960095822811127,-0.14688163995742798
dataset/3_47_jpg.rf.c61fa276a0115214823b57b2dc5ce906.jpg,3,0.48809635639190674,0.3172096908092499,0.42697975039482117,0.2866630554199219,0.16290798783302307,0.3672493100166321,0.8303307890892029,0.599467933177948,0.32402145862579346,0.3238511085510254,0.39038151502609253,0.7010340690612793,1.0062257160825538e-06,-0.02561299502849579,-0.039546966552734375,-0.051033638417720795,-0.16033324599266052,-0.11898860335350037
dataset/5_46_jpg.rf.72ed7b606731990574e6c587e2652bf7.jpg,5,0.515551745891571,0.7998064756393433,0.4677984416484833,0.3964189887046814,0.3346306085586548,0.2765701413154602,0.7124255895614624,0.45597052574157715,0.2947025001049042,0.26917198300361633,0.31019142270088196,0.3662787079811096,7.061457267809601e-07,-0.029976608231663704,0.012197740375995636,0.009938549250364304,-0.006256318185478449,-0.004091101232916117
dataset/3_172_jpg.rf.166783d75bb470aff591247de447c0bc.jpg,3,0.4938949942588806,0.29195570945739746,0.4048910439014435,0.24589663743972778,0.11711357533931732,0.3532988429069519,0.6890711784362793,0.4464622437953949,0.14459717273712158,0.15294380486011505,0.22082141041755676,0.5578386783599854,1.163855586128193e-06,-0.03633067384362221,-0.0611809566617012,-0.07003273814916611,-0.18625479936599731,-0.14010125398635864
dataset/3_105_jpg.rf.2c26acbbc02fb5c09afb8c6895985b15.jpg,3,0.241255521774292,0.3760770857334137,0.2620162069797516,0.4037909209728241,0.5218037962913513,0.35182085633277893,0.778622031211853,0.5478620529174805,0.27624309062957764,0.27290380001068115,0.332516074180603,0.6324877142906189,3.801643799761223e-07,-0.02673858404159546,-0.024075334891676903,-0.04638601839542389,-0.14863917231559753,-0.1345670074224472
dataset/1_110_jpg.rf.c3dd2d5b4d85eb2d816b4b55a61d1390.jpg,1,0.459581583738327,0.5037951469421387,0.5349408984184265,0.4848199784755707,0.5088557004928589,0.5562491416931152,0.8283645510673523,0.5358353853225708,0.2514253854751587,0.6290306448936462,0.6908555030822754,0.7147831916809082,-3.1161920333033777e-07,-0.13321147859096527,-0.14489758014678955,-0.14574386179447174,-0.09709814935922623,-0.09899792820215225
dataset/2_62_jpg.rf.58177837d5d16596563920bd0d9a0ba2.jpg,2,0.48049822449684143,0.45523756742477417,0.525212824344635,0.3757125735282898,0.4196605384349823,0.386630654335022,0.9067476987838745,0.557735025882721,0.27716395258903503,0.25873425602912903,0.6325401067733765,0.7232418060302734,1.150328785115562e-06,-0.09040588140487671,-0.050201524049043655,-0.06197118014097214,-0.09369413554668427,-0.11090380698442459
dataset/2_83_jpg.rf.50fe4ee366373db154ae497189d65156.jpg,2,0.8126424551010132,0.6176429390907288,0.4248753786087036,0.27295565605163574,0.6387307643890381,0.6642998456954956,0.8413764834403992,0.9220494031906128,0.252429336309433,0.5186543464660645,0.8315852284431458,0.907463550567627,1.9384201550565194e-06,-0.35558822751045227,-0.4121999144554138,-0.3758815824985504,-0.2787957489490509,-0.23758073151111603
dataset/0_28_jpg.rf.eeb04ceb4dc060884e668a93f74c9e7b.jpg,0,0.5376626253128052,0.5844644904136658,0.5881059169769287,0.5133869051933289,0.445287823677063,0.38004162907600403,0.7749707698822021,0.35404348373413086,0.4603698253631592,0.49322494864463806,0.5371332168579102,0.5734516382217407,-1.110293510464544e-06,-0.12609800696372986,-0.1623113751411438,-0.1303507536649704,-0.044055208563804626,-0.02031441032886505
dataset/1_50_jpg.rf.509a5db5a3920034d4b8b8f923d5e373.jpg,1,0.6125022768974304,0.7232828140258789,0.5801532864570618,0.6535495519638062,0.6947966814041138,0.7328048944473267,0.9707450866699219,0.6910129189491272,0.3043045997619629,0.7065893411636353,0.7266732454299927,0.7592113614082336,-1.1481632355980764e-07,-0.12449191510677338,-0.16302432119846344,-0.07605281472206116,-0.024624204263091087,-0.03935748338699341
dataset/2_88_jpg.rf.155ee2ee9cfdf53e747518456346cf42.jpg,2,0.6386685967445374,0.41873064637184143,0.3717622756958008,0.30086296796798706,0.48315712809562683,0.4960821270942688,0.744454026222229,0.5398793816566467,0.28042447566986084,0.286465048789978,0.5987231731414795,0.6500011682510376,1.2018128927593352e-06,-0.09859205782413483,-0.0638498067855835,-0.07142363488674164,-0.12426643073558807,-0.14200080931186676
dataset/0_36_jpg.rf.cd05f9bdd4797982e8055229d1b843eb.jpg,0,0.6124147772789001,0.2266456037759781,0.36317703127861023,0.45252367854118347,0.5456125140190125,0.6318463087081909,0.26273176074028015,0.5366121530532837,0.43355000019073486,0.43489211797714233,0.4431971311569214,0.4693954885005951,-1.2314371815591585e-06,-0.1475449502468109,-0.19138337671756744,-0.18004602193832397,-0.10123483836650848,-0.07617055624723434
dataset/4_46_jpg.rf.9c624001dce385eb616bea38c5b0994d.jpg,4,0.5014321804046631,0.492400199174881,0.5141452550888062,0.4355267286300659,0.36974820494651794,0.30548369884490967,0.7964861392974854,0.5644823908805847,0.2994385063648224,0.269535094499588,0.30900368094444275,0.3695789575576782,7.309150760193006e-07,-0.040641847997903824,-0.03933105245232582,-0.03649359568953514,-0.051047176122665405,-0.03592105954885483
dataset/0_114_jpg.rf.75cd676f7147eaa0af3beba29a166fe3.jpg,0,0.5460699200630188,0.6497032642364502,0.6291685104370117,0.5623219609260559,0.5004444122314453,0.4422656297683716,0.7024322748184204,0.3790273070335388,0.45985135436058044,0.48076939582824707,0.5104761719703674,0.5422137975692749,-1.1781748980865814e-06,-0.09527929872274399,-0.13611982762813568,-0.12804168462753296,-0.0645735040307045,-0.04694227874279022
dataset/1_34_jpg.rf.115212603c0242018b2d8ae2546b1b65.jpg,1,0.2136835902929306,0.3328733742237091,0.6419382691383362,0.3297525644302368,0.24144454300403595,0.15345799922943115,0.8974089622497559,0.6113243699073792,0.2601843774318695,0.6469408273696899,0.7367108464241028,0.7232292890548706,8.526641295247828e-07,-0.3175308406352997,-0.26716288924217224,-0.2746487855911255,-0.20110763609409332,-0.17742818593978882
dataset/2_168_jpg.rf.231c5e044f5e6cd6b3e5c12bb5837515.jpg,2,0.4252782166004181,0.5009905695915222,0.46681851148605347,0.6189974546432495,0.4979040026664734,0.5128358006477356,0.8740115165710449,0.5861911177635193,0.30264896154403687,0.31435441970825195,0.6910514831542969,0.749779999256134,8.686312185091083e-07,-0.08891581743955612,-0.06967014819383621,-0.1113368347287178,-0.09612827003002167,-0.10431189090013504
dataset/5_90_jpg.rf.de4ec9aa28f66892b8a350bb67848e69.jpg,5,0.408655047416687,0.3949074149131775,0.5978786945343018,0.6936219334602356,0.7349705696105957,0.7761170268058777,0.872260570526123,0.3811757564544678,0.15062075853347778,0.1671791970729828,0.270624577999115,0.4616295099258423,9.699747351987753e-07,-0.2052684873342514,-0.2437617927789688,-0.22130316495895386,-0.202413871884346,-0.18795712292194366
dataset/4_51_jpg.rf.11efa0bf8c0a630729b296685395b1cc.jpg,4,0.24387405812740326,0.3747420608997345,0.3300907611846924,0.4863736927509308,0.5464935302734375,0.6250993609428406,0.9993288516998291,0.8412731289863586,0.12922528386116028,0.14914780855178833,0.2634570896625519,0.4925118386745453,9.891456329569337e-07,-0.2894744575023651,-0.32737207412719727,-0.28846994042396545,-0.26766490936279297,-0.2431349903345108
dataset/3_72_jpg.rf.c929efc80122d1df0174496fa0030f1e.jpg,3,0.641122579574585,0.4709988832473755,0.5858199596405029,0.43371817469596863,0.30478158593177795,0.5173126459121704,0.7513865232467651,0.5048295855522156,0.21020928025245667,0.21235984563827515,0.2820393443107605,0.6213046908378601,1.2262067912161e-06,-0.051072973757982254,-0.06768319010734558,-0.07028475403785706,-0.190440371632576,-0.15190690755844116
dataset/5_67_jpg.rf.d8aaf8c017a9df8a0ef11fcff44a1fde.jpg,5,0.6021325588226318,0.9423587918281555,0.577144205570221,0.43591195344924927,0.313387006521225,0.23617026209831238,0.7683179378509521,0.4107254147529602,0.10184502601623535,0.07415837049484253,0.1728610247373581,0.32973864674568176,9.012248369799636e-07,-0.15560021996498108,-0.15462782979011536,-0.15891356766223907,-0.17229056358337402,-0.17048583924770355
dataset/1_212_jpg.rf.b0e9af877dac91c86b01ae0d1469f1b8.jpg,1,0.6060888767242432,0.5160630941390991,0.5709059238433838,0.5335049033164978,0.587455689907074,0.6655476093292236,0.8905012607574463,0.5196695923805237,0.22863054275512695,0.633043110370636,0.7096500396728516,0.7211433053016663,-4.6043734869272157e-07,-0.11593196541070938,-0.10267500579357147,-0.12892723083496094,-0.09387042373418808,-0.09929592162370682
dataset/3_117_jpg.rf.852e1d06583d0702a85991e409707ef6.jpg,3,0.48189258575439453,0.39626145362854004,0.4644119143486023,0.40159404277801514,0.3263006806373596,0.3800605535507202,0.8296980261802673,0.5853621363639832,0.3142116665840149,0.2922798693180084,0.31993335485458374,0.679806649684906,9.281863526666712e-07,-0.010031118988990784,-0.022999010980129242,-0.012322192080318928,-0.14165210723876953,-0.09004557132720947
dataset/3_108_jpg.rf.99161c5a86f2b866c0b7dcf4fee89215.jpg,3,0.5412804484367371,0.46699774265289307,0.6480523347854614,0.5423459410667419,0.379252552986145,0.4533517062664032,0.9378625154495239,0.6190385818481445,0.2886439859867096,0.2605374753475189,0.3157689571380615,0.7551970481872559,1.1403520829844638e-06,-0.018559236079454422,-0.029540935531258583,-0.022894054651260376,-0.12896376848220825,-0.07869978249073029
dataset/4_33_jpg.rf.62643ac59486ea9499ac2fc37edd07db.jpg,4,0.496825248003006,0.5139691233634949,0.5582208633422852,0.44643402099609375,0.3375551700592041,0.23936791718006134,0.8063247203826904,0.5295097231864929,0.30485808849334717,0.26753050088882446,0.3043590486049652,0.3987235724925995,5.641281859425362e-07,-0.06446562707424164,-0.0329752117395401,-0.02421892061829567,-0.05858764797449112,-0.06589636206626892
dataset/1_199_jpg.rf.d4b425cf88afa27ca0b2c3fdade93cb0.jpg,1,0.4570401608943939,0.49575406312942505,0.5346841216087341,0.48075026273727417,0.5100499391555786,0.5628512501716614,0.8407232761383057,0.5498470664024353,0.24054428935050964,0.641698956489563,0.6989991664886475,0.7225614786148071,-4.024165889404685e-07,-0.15240509808063507,-0.16251899302005768,-0.16235226392745972,-0.1109744980931282,-0.11485786736011505
dataset/1_90_jpg.rf.8c2efb95c31b029ca20f06514f815e58.jpg,1,0.9200003147125244,0.6193898320198059,0.2860403060913086,0.6702309250831604,0.7583151459693909,0.780878484249115,0.4529278576374054,0.5646886229515076,0.5120652914047241,0.5299056768417358,0.5357915163040161,0.5958905816078186,2.2589539128148317e-07,-0.1853727251291275,-0.14132747054100037,-0.14819444715976715,-0.11220584064722061,-0.09343892335891724
dataset/2_5_jpg.rf.4b5b48da53ed4a204fbf45dcc004590b.jpg,2,0.6775607466697693,0.4885379672050476,0.5360033512115479,0.27623486518859863,0.5042650699615479,0.519755482673645,0.873660683631897,0.8413740396499634,0.13897624611854553,0.3054763376712799,0.7748793363571167,0.8548763990402222,1.8152705933971447e-06,-0.3101474642753601,-0.376901239156723,-0.3286207616329193,-0.20305176079273224,-0.18109320104122162
dataset/1_88_jpg.rf.e487cee7338b3c7448c2739fdc14e8bf.jpg,1,0.5596610307693481,0.6336861252784729,0.4761424958705902,0.5666226148605347,0.5983574390411377,0.6236484050750732,0.8133750557899475,0.6345226168632507,0.2812870442867279,0.6210646629333496,0.6387166976928711,0.6678391098976135,-7.232192444917018e-08,-0.11526720970869064,-0.16936472058296204,-0.0884736105799675,-0.05191662907600403,-0.06842844933271408
dataset/0_155_jpg.rf.626612f1f5c4c68b9459dc7ef42d4189.jpg,0,0.4418659806251526,0.5174790620803833,0.5023646354675293,0.43985268473625183,0.3851185739040375,0.3332088589668274,0.5815430879592896,0.15976259112358093,0.30166471004486084,0.3371579349040985,0.37684887647628784,0.40065741539001465,-8.669794056004321e-07,-0.12039879709482193,-0.14833787083625793,-0.1271391659975052,-0.043896500021219254,-0.024090398102998734
dataset/5_150_jpg.rf.48fba3bbee76c85cbeae5f73c3acf80c.jpg,5,0.865999698638916,0.6624126434326172,0.36055487394332886,0.2519921660423279,0.2664099633693695,0.3146359324455261,0.8021185994148254,0.27496063709259033,0.2824805974960327,0.4728473424911499,0.603613555431366,0.8139501810073853,1.0318618706151028e-06,-0.1431041806936264,-0.15502327680587769,-0.14586474001407623,-0.13909143209457397,-0.13056285679340363
dataset/5_41_jpg.rf.fdc4135d077fa010c09641d66988d503.jpg,5,0.5156437754631042,0.4907785654067993,0.3834044635295868,0.25144320726394653,0.21069714426994324,0.1690632402896881,0.8331618309020996,0.3855799734592438,0.1423395872116089,0.17817246913909912,0.2772060036659241,0.47774559259414673,8.623456437817367e-07,-0.1502172350883484,-0.18135040998458862,-0.15411782264709473,-0.14448991417884827,-0.13482755422592163
dataset/2_190_jpg.rf.00f6672d6d5bba0ccea80d40dae81633.jpg,2,0.5938549041748047,0.5347132682800293,0.5829831957817078,0.4327276945114136,0.5390149354934692,0.5145268440246582,0.8666081428527832,0.5681616067886353,0.27142030000686646,0.275839626789093,0.6729068756103516,0.7276122570037842,8.813319141154352e-07,-0.08783277124166489,-0.06995187699794769,-0.09905653446912766,-0.0969076082110405,-0.09530966728925705
dataset/0_62_jpg.rf.90177083170901f42d028a6c2803a80e.jpg,0,0.4590328633785248,0.5033667683601379,0.5129928588867188,0.458490788936615,0.41089147329330444,0.36086633801460266,0.5715591907501221,0.21624672412872314,0.332979679107666,0.3708743751049042,0.4119468331336975,0.43167731165885925,-7.101818937371718e-07,-0.07173480093479156,-0.10690345615148544,-0.09003520756959915,-0.02977094054222107,-0.01366464328020811
dataset/0_165_jpg.rf.3c3f0934ab9afc0aefff4dc49d3caec2.jpg,0,0.5372705459594727,0.4930601716041565,0.49522531032562256,0.5388152003288269,0.587675154209137,0.6403905153274536,0.6336488723754883,0.3196089267730713,0.4226333498954773,0.4531375467777252,0.4861350655555725,0.5066758990287781,-1.094770482268359e-06,-0.08277148008346558,-0.0959906056523323,-0.07079974561929703,-0.03548186272382736,-0.02722686342895031
dataset/2_182_jpg.rf.3f6cd9c662e3d0e3f06740f107a96471.jpg,2,0.24864085018634796,0.4475792646408081,0.38339149951934814,0.6536579132080078,0.43975624442100525,0.4172925353050232,0.8304630517959595,0.8313658833503723,0.15660983324050903,0.31907448172569275,0.7647542953491211,0.8259897232055664,1.1334656164763146e-06,-0.31131812930107117,-0.4089198112487793,-0.33480578660964966,-0.2516915202140808,-0.2270502895116806
dataset/0_60_jpg.rf.e6e82dd727ddde9f5a01f9d411439396.jpg,0,0.47442156076431274,0.7123435735702515,0.6416931748390198,0.5962649583816528,0.5424216389656067,0.4985590875148773,0.5282962322235107,0.7180930972099304,0.6430841684341431,0.6682868003845215,0.6737579703330994,0.6851208806037903,-1.066031472873874e-06,-0.07441133260726929,-0.09123799949884415,-0.06297948956489563,-0.0237579308450222,-0.026444492861628532
dataset/2_200_jpg.rf.f092e19be9c07ad1eb536e01c57a64e3.jpg,2,0.4738895297050476,0.3350074887275696,0.466482549905777,0.2997073233127594,0.3821793794631958,0.3616149127483368,0.8552554845809937,0.5838778614997864,0.33244505524635315,0.34259033203125,0.6645730137825012,0.7136193513870239,1.1835752502520336e-06,-0.06604025512933731,-0.04031439125537872,-0.06057533994317055,-0.09369969367980957,-0.09858927130699158
dataset/4_20_jpg.rf.f0a3f3d59594348d11074092fb9f2508.jpg,4,0.34739041328430176,0.4269128441810608,0.40992552042007446,0.6164822578430176,0.773518443107605,0.857904314994812,1.007997989654541,0.7440180778503418,0.22094941139221191,0.23186931014060974,0.3622148036956787,0.5613150000572205,1.179461492029077e-06,-0.1851302683353424,-0.21540367603302002,-0.22025319933891296,-0.25562813878059387,-0.25402259826660156
dataset/0_137_jpg.rf.e9faafb711312a03adfe9fa9f94c021e.jpg,0,0.5308144688606262,0.628876268863678,0.607132613658905,0.5415967702865601,0.484011173248291,0.42676374316215515,0.730654239654541,0.41475600004196167,0.4902658462524414,0.5149199366569519,0.5437088012695312,0.5717635750770569,-1.185641508527624e-06,-0.08352193981409073,-0.12383022159337997,-0.12045194953680038,-0.06218824163079262,-0.04511047154664993
dataset/1_105_jpg.rf.0ad6da61ec94c686d033335f9d99ecb1.jpg,1,0.5056323409080505,0.44523465633392334,0.4806188642978668,0.465799480676651,0.44632381200790405,0.379098117351532,0.9510951638221741,0.6451990604400635,0.35582199692726135,0.7052443027496338,0.7889482975006104,0.8041781783103943,1.3084597583201685e-07,-0.18524204194545746,-0.15971475839614868,-0.1773502230644226,-0.11985103040933609,-0.10113269835710526
dataset/4_81_jpg.rf.d2b79ed69be08c7fa58640272737e7a7.jpg,4,0.47968918085098267,0.4815041422843933,0.49971261620521545,0.4179554283618927,0.3539811670780182,0.2877533733844757,0.7893420457839966,0.5727980732917786,0.30324217677116394,0.27552708983421326,0.3100930154323578,0.36988282203674316,7.861630706429423e-07,-0.04382215440273285,-0.05150679498910904,-0.047519251704216,-0.06664033234119415,-0.05618046224117279
dataset/4_144_jpg.rf.fc21c9e69fa51a1d62cbb84f42423201.jpg,4,0.5132590532302856,0.5164650678634644,0.51715487241745,0.5915769338607788,0.6517478227615356,0.7067342400550842,0.8030649423599243,0.5612305402755737,0.3004325330257416,0.2698575556278229,0.30804866552352905,0.3690071702003479,9.822566653383547e-07,-0.07202135026454926,-0.05892052873969078,-0.05151451379060745,-0.07103212177753448,-0.07662920653820038
dataset/3_56_jpg.rf.71c510dfe7302dd0e4bb847108bbcd1d.jpg,3,0.4634440839290619,0.37044578790664673,0.4321235120296478,0.36825665831565857,0.29769766330718994,0.35908716917037964,0.8304272890090942,0.5882691740989685,0.32180458307266235,0.3000425100326538,0.323858380317688,0.6843255758285522,8.485322950946284e-07,-0.015239672735333443,-0.03041880391538143,-0.02184758521616459,-0.1539352834224701,-0.10642856359481812
dataset/1_63_jpg.rf.1e0c55321fcb0478818635dd18425769.jpg,1,0.4988504946231842,0.3709808588027954,0.43949273228645325,0.45324310660362244,0.4285794198513031,0.4042988121509552,0.8949983716011047,0.7176234722137451,0.32584625482559204,0.731121301651001,0.7633517384529114,0.7992920875549316,3.2684428674656374e-07,-0.11567289382219315,-0.13918623328208923,-0.12293414771556854,-0.08843155950307846,-0.06635129451751709
dataset/1_42_jpg.rf.ff38da5ddb84d2fbdc51d028d0abb588.jpg,1,0.3837760090827942,0.5283089876174927,0.624531090259552,0.46794450283050537,0.47338834404945374,0.48503297567367554,0.8635586500167847,0.6982554793357849,0.1742817759513855,0.6627886295318604,0.7240990996360779,0.7812131643295288,2.6152028453907405e-07,-0.2612958252429962,-0.3044915795326233,-0.2120063155889511,-0.1322917938232422,-0.15851011872291565
dataset/5_24_jpg.rf.699d315b2ff3b6ff7d96d65b1822d455.jpg,5,0.5435037612915039,0.8281031250953674,0.4935033619403839,0.42749303579330444,0.3639374375343323,0.3072620630264282,0.7200511693954468,0.4635584354400635,0.3071696162223816,0.2832527756690979,0.31920307874679565,0.3752146363258362,7.615889785483887e-07,-0.011157085187733173,0.041263092309236526,0.03558284044265747,0.011568669229745865,0.011975058354437351
dataset/4_54_jpg.rf.a56d047f35ef408e08e671686e2105dd.jpg,4,0.3194909989833832,0.3851690888404846,0.3545646071434021,0.5720697641372681,0.7433903813362122,0.8445602655410767,1.0122225284576416,0.7559491395950317,0.21990948915481567,0.2108900249004364,0.35494351387023926,0.5703830122947693,1.0320314913769835e-06,-0.20561009645462036,-0.22878552973270416,-0.23238253593444824,-0.2711750268936157,-0.2679823040962219
dataset/2_131_jpg.rf.0deb3f388c82220bde0c62eb512a2986.jpg,2,0.27161335945129395,0.47611546516418457,0.530545175075531,0.7339873313903809,0.4718741774559021,0.44193169474601746,0.8247728943824768,0.7732161283493042,0.09910622239112854,0.27206873893737793,0.7201635837554932,0.789642333984375,1.2077422297807061e-06,-0.2752458453178406,-0.3319053053855896,-0.28318876028060913,-0.22340436279773712,-0.23626863956451416
dataset/0_126_jpg.rf.42810f0a6bffdb113267243dabc2c280.jpg,0,0.4668044447898865,0.4036656618118286,0.4027648866176605,0.43881356716156006,0.4804363250732422,0.5202568769454956,0.4508482813835144,0.8378046154975891,0.7044695615768433,0.6673915386199951,0.6196385025978088,0.5811823606491089,-7.230080996123434e-07,-0.07163814455270767,-0.10296808183193207,-0.06610787659883499,-0.03201178461313248,-0.03593361750245094
dataset/1_43_jpg.rf.412d29c376e7788432b1585d284b528a.jpg,1,0.5264918208122253,0.45074257254600525,0.4912452697753906,0.46492210030555725,0.5141891241073608,0.5859965085983276,0.8803592324256897,0.530245840549469,0.2697828412055969,0.6411336660385132,0.7075728178024292,0.7153140306472778,-4.999137672712095e-07,-0.09434825927019119,-0.07202938199043274,-0.10046885907649994,-0.07010921835899353,-0.07871485501527786
dataset/4_87_jpg.rf.1e3ff34967bf6619140ef10e39547a99.jpg,4,0.4131383001804352,0.30661752820014954,0.45701199769973755,0.2890186309814453,0.22549083828926086,0.15490950644016266,0.7619574069976807,0.5304958820343018,0.09725528955459595,0.09226453304290771,0.16812348365783691,0.34919968247413635,8.651284701954864e-07,-0.14673765003681183,-0.19194284081459045,-0.1707877665758133,-0.16238917410373688,-0.14534859359264374
dataset/2_105_jpg.rf.f8a9d590aedbb98ef65cdd252a4edd2d.jpg,2,0.4407193660736084,0.26123151183128357,0.3888130187988281,0.2040238082408905,0.32708820700645447,0.3083716630935669,0.8531005382537842,0.5869626998901367,0.3048517405986786,0.33017706871032715,0.6638799905776978,0.7167180180549622,1.255999450222589e-06,-0.07824397087097168,-0.023852644488215446,-0.02977350354194641,-0.08964194357395172,-0.09168398380279541
dataset/4_68_jpg.rf.e167cdece7550ecdb967fe3d8a6d8f60.jpg,4,0.5772589445114136,0.4402727484703064,0.37239527702331543,0.19512461125850677,0.09309107065200806,0.07320374250411987,0.7979215383529663,0.5704112648963928,0.1667967438697815,0.2160348743200302,0.37814751267433167,0.5750346779823303,9.673819931776961e-07,-0.18024981021881104,-0.1982095092535019,-0.18708424270153046,-0.19200146198272705,-0.18313780426979065
dataset/2_14_jpg.rf.829065e5265e1d222e061d727ac1695a.jpg,2,0.7106310725212097,0.719855785369873,0.5181050300598145,0.5892881751060486,0.717669665813446,0.7646595239639282,0.8684372901916504,0.5726303458213806,0.35739758610725403,0.3347535729408264,0.6548516750335693,0.7116336822509766,1.1292268027318642e-06,-0.08256242424249649,0.004024004563689232,-0.03565327823162079,-0.09859813749790192,-0.1255868375301361
dataset/4_77_jpg.rf.17f365ed41ee0496028bc026f3da62f8.jpg,4,0.5910525321960449,0.5005564093589783,0.5046970248222351,0.4342902600765228,0.40212783217430115,0.3486018180847168,0.7979116439819336,0.5855143666267395,0.1724257469177246,0.1604500114917755,0.2219993621110916,0.356497585773468,7.533298571615887e-07,-0.14193497598171234,-0.1786404848098755,-0.1676144003868103,-0.1561754047870636,-0.13706855475902557
dataset/4_193_jpg.rf.35e1006efb877e2ba4739af4ffa2dcec.jpg,4,0.5069044828414917,0.48094576597213745,0.5145019888877869,0.33231282234191895,0.18216943740844727,0.08487516641616821,0.8287267684936523,0.5659394264221191,0.14207586646080017,0.12854811549186707,0.24067221581935883,0.420208603143692,1.137500703407568e-06,-0.21207116544246674,-0.2336445450782776,-0.2152508646249771,-0.2221434861421585,-0.21223506331443787
dataset/0_83_jpg.rf.41a7438e06147a91276d6b245525ab83.jpg,0,0.3814053237438202,0.4255010187625885,0.4453224539756775,0.37184372544288635,0.30486971139907837,0.2413601130247116,0.7797678709030151,0.3822430372238159,0.47745591402053833,0.5090373754501343,0.5469585657119751,0.5775294303894043,-1.0288428029525676e-06,-0.09877040237188339,-0.15024864673614502,-0.11849526315927505,-0.036991775035858154,-0.008136911317706108
dataset/1_128_jpg.rf.cb594acfb30358161990c8fff202a60c.jpg,1,0.7388949394226074,0.45736852288246155,0.267278790473938,0.5287950038909912,0.5952203869819641,0.563193678855896,0.8658660650253296,0.6423401236534119,0.3474958539009094,0.6740350723266602,0.7594877481460571,0.8060933947563171,4.591417166466272e-07,-0.28267335891723633,-0.21359527111053467,-0.20298901200294495,-0.16953639686107635,-0.16413483023643494
dataset/5_74_jpg.rf.58beb9a71cee027a1a1845bf2ce1dcc7.jpg,5,0.37686342000961304,0.22368496656417847,0.62736576795578,0.7580320239067078,0.8248609900474548,0.8615443110466003,0.846985399723053,0.3562660813331604,0.24805240333080292,0.30086544156074524,0.40704798698425293,0.5552684664726257,8.157506954376004e-07,-0.05153196305036545,-0.008379319682717323,-0.0017384964739903808,-0.041497234255075455,-0.05955466255545616
dataset/4_60_jpg.rf.312a62f616d90894dea6041d5a30159a.jpg,4,0.39734092354774475,0.47052323818206787,0.43640440702438354,0.496314138174057,0.5443143844604492,0.5955792665481567,0.8925303220748901,0.682793915271759,0.26175230741500854,0.24382448196411133,0.3086289167404175,0.4254058003425598,7.636359669049853e-07,-0.1321825385093689,-0.16703958809375763,-0.15411709249019623,-0.14688456058502197,-0.1415271759033203
dataset/3_168_jpg.rf.7c88261c31eab0fb1347bf9f62c3575b.jpg,3,0.5146726369857788,0.4168778657913208,0.5095989108085632,0.4034125804901123,0.2718390226364136,0.42120781540870667,0.8325135111808777,0.5745841264724731,0.2696760892868042,0.2675350308418274,0.3542281985282898,0.6972924470901489,9.175082595902495e-07,0.01840602047741413,0.0016519584460183978,7.456343155354261e-05,-0.10350050777196884,-0.06210186704993248
dataset/1_8_jpg.rf.36950a058d9f8c7a9f9b2e045713c4f8.jpg,1,0.5135388374328613,0.5720567107200623,0.5330101251602173,0.5467706322669983,0.5754677653312683,0.638890266418457,0.8385849595069885,0.48705118894577026,0.25341078639030457,0.5872524380683899,0.6593152284622192,0.6776324510574341,-2.1659953119979036e-07,-0.07219493389129639,-0.03570493683218956,-0.05628952383995056,-0.029378529638051987,-0.025798173621296883
dataset/0_1_jpg.rf.d288bf1f26017eb509b35018fa26fd8e.jpg,0,0.5537256002426147,0.18386588990688324,0.2864944636821747,0.32610583305358887,0.3729865252971649,0.4139924645423889,0.5341885089874268,0.5930444002151489,0.5973553657531738,0.5548245906829834,0.5208407640457153,0.48522332310676575,-1.2358917729216046e-06,-0.1238262951374054,-0.12118029594421387,-0.07601922750473022,-0.04283011704683304,-0.034325700253248215
dataset/1_159_jpg.rf.86aaf681f1f1c8caf7e00db5806bf374.jpg,1,0.9558699131011963,0.6462231874465942,0.3647069036960602,0.7072818875312805,0.7924134135246277,0.8109951615333557,0.5005167126655579,0.5473870038986206,0.5119667649269104,0.5283828973770142,0.5559111833572388,0.6234759092330933,1.0962042296114305e-07,-0.13179710507392883,-0.11396480351686478,-0.1282585710287094,-0.08656122535467148,-0.07440511882305145
dataset/5_192_jpg.rf.f443ef447ede50736529de820751241b.jpg,5,0.544883131980896,0.8871429562568665,0.5685197710990906,0.4302396774291992,0.2984374165534973,0.20471829175949097,0.7630846500396729,0.396928608417511,0.126338928937912,0.09653669595718384,0.18017029762268066,0.304742693901062,9.374969636155583e-07,-0.11803051829338074,-0.08940374851226807,-0.0846233069896698,-0.10952448844909668,-0.11704143136739731
dataset/1_169_jpg.rf.2d2394e6eb9d4737b3af0bcc86491bbf.jpg,1,0.72123122215271,0.5441557168960571,0.20574063062667847,0.5707296133041382,0.5747752785682678,0.5872593522071838,0.7896637320518494,0.8854923248291016,0.49618178606033325,0.8243563771247864,0.8527296781539917,0.8876394629478455,4.889182605438691e-07,-0.3129427134990692,-0.35452860593795776,-0.26168665289878845,-0.1797056645154953,-0.13854537904262543
dataset/0_102_jpg.rf.18c96c72264012f84ce0e8c83e2ba48a.jpg,0,0.6349750757217407,0.4571329951286316,0.5344249606132507,0.4774743318557739,0.44310539960861206,0.4014858901500702,0.8455288410186768,0.445042222738266,0.4544179439544678,0.5044099688529968,0.602500319480896,0.6812618970870972,-6.976195550123521e-07,-0.20842091739177704,-0.189443901181221,-0.12146958708763123,-0.06413584202528,-0.041261862963438034
dataset/0_100_jpg.rf.51bc70f80383bc9965d0d67a2e6fd0bf.jpg,0,0.5832995176315308,0.9222590923309326,0.7898043990135193,0.7045257687568665,0.6288636326789856,0.5607286095619202,0.608159601688385,0.33618417382240295,0.43668994307518005,0.43832480907440186,0.4292595386505127,0.3925667405128479,-1.238336153619457e-06,-0.10329332202672958,-0.1440156251192093,-0.14356818795204163,-0.07704867422580719,-0.05877617374062538
dataset/1_152_jpg.rf.67c7a9f34d37cfc39714b6088ce55f0d.jpg,1,0.39787939190864563,0.4238910377025604,0.16606366634368896,0.37104278802871704,0.41028839349746704,0.4488275647163391,0.6083559989929199,0.42117565870285034,0.026309996843338013,0.44651609659194946,0.4921650290489197,0.5176389217376709,-1.681419803389872e-07,-0.19483327865600586,-0.2943824827671051,-0.21717597544193268,-0.13736924529075623,-0.15816554427146912
dataset/4_56_jpg.rf.02fa37bf377d857df94f576b9b7013cc.jpg,4,0.540461540222168,0.5441137552261353,0.5995761156082153,0.5404123663902283,0.4910825490951538,0.4405624568462372,0.714502215385437,0.5166018009185791,0.1261780858039856,0.08689430356025696,0.12573274970054626,0.2228352576494217,7.610797752022336e-07,-0.1540694236755371,-0.18824076652526855,-0.1752137541770935,-0.1569516509771347,-0.13479045033454895
dataset/4_2_jpg.rf.8036cd25f6de053c9261a475e92fe8c3.jpg,4,0.4781535267829895,0.5109485387802124,0.44832709431648254,0.5916982889175415,0.7548183798789978,0.8628972768783569,0.8919800519943237,0.6252515316009521,0.25266680121421814,0.23499682545661926,0.31509917974472046,0.47013401985168457,5.321102776179032e-07,-0.10830771923065186,-0.1149507388472557,-0.12241248786449432,-0.16209271550178528,-0.164594829082489
dataset/0_22_jpg.rf.ac80ab5da4c2657b9412e2b284145193.jpg,0,0.44305548071861267,0.34978801012039185,0.36666643619537354,0.433651864528656,0.49795296788215637,0.553756594657898,0.7140009999275208,0.38717320561408997,0.459238201379776,0.49160218238830566,0.5193909406661987,0.5460531711578369,-1.541391497994482e-06,-0.12230303138494492,-0.13616321980953217,-0.0969795510172844,-0.03575966879725456,-0.03237809240818024
dataset/1_2_jpg.rf.2b8be4f24b866083927aa460137970d7.jpg,1,0.3312709331512451,0.4121139645576477,0.5133395195007324,0.37834861874580383,0.39863121509552,0.4146890938282013,0.9055196642875671,0.8398005962371826,0.25951218605041504,0.7888110280036926,0.8395346403121948,0.9014220833778381,-1.4590064267849812e-07,-0.2674415111541748,-0.33314019441604614,-0.22772884368896484,-0.1564921885728836,-0.16642709076404572
dataset/1_102_jpg.rf.7fcd0fabf0e187fdbbb1f908c63821f3.jpg,1,0.5958141088485718,0.4793906807899475,0.4319804608821869,0.516901969909668,0.5048521757125854,0.4460243582725525,0.9262291193008423,0.6302922368049622,0.33171674609184265,0.6911360025405884,0.7683322429656982,0.7940804958343506,1.0583403309283312e-07,-0.1991909295320511,-0.1680358201265335,-0.18578755855560303,-0.12730632722377777,-0.11193282157182693
dataset/4_132_jpg.rf.08277b1600936c3b844a3bc8bcd75087.jpg,4,0.6566423177719116,0.6044557690620422,0.4711203873157501,0.5552215576171875,0.6428347826004028,0.7358627915382385,0.8500684499740601,0.5205800533294678,0.274093896150589,0.23076245188713074,0.2690029740333557,0.312688410282135,1.5299614233299508e-06,0.017806649208068848,0.11052929610013962,0.10893353819847107,0.08636090159416199,0.1126759946346283
dataset/1_167_jpg.rf.a26d7ac3eebd5359e452d9bad49c6aa6.jpg,1,0.5327075123786926,0.427710622549057,0.48398125171661377,0.4854038953781128,0.4746460020542145,0.45093804597854614,0.9290927648544312,0.8382853269577026,0.30340492725372314,0.7761543989181519,0.8493684530258179,0.8926316499710083,6.702395012325724e-07,-0.21745452284812927,-0.23964519798755646,-0.20395834743976593,-0.15553370118141174,-0.14253591001033783
dataset/3_42_jpg.rf.042272ba32a8412655e5085ee42d88c6.jpg,3,0.7104745507240295,0.5812516212463379,0.6997788548469543,0.5639498829841614,0.45602327585220337,0.6068128943443298,0.7384405732154846,0.49325793981552124,0.23850880563259125,0.2270040363073349,0.28773951530456543,0.5933060646057129,9.460940191274858e-07,-0.03192465379834175,-0.04088401421904564,-0.04977034404873848,-0.13653981685638428,-0.0874265655875206
dataset/0_59_jpg.rf.142292653a01c39ff5c7e1ac84116470.jpg,0,0.5403010845184326,0.5938697457313538,0.5885711908340454,0.5164045095443726,0.4465555250644684,0.3797963857650757,0.7739728689193726,0.3468460738658905,0.4600256085395813,0.48893865942955017,0.5263478755950928,0.566566526889801,-1.2523784107543179e-06,-0.12677747011184692,-0.17792992293834686,-0.1457006335258484,-0.0493546761572361,-0.01784304343163967
dataset/1_141_jpg.rf.fd9a1a9e52df39961a03832ceb118661.jpg,1,0.5341291427612305,0.5050522685050964,0.4714828431606293,0.5236148238182068,0.4901624321937561,0.4321123957633972,0.8466008901596069,0.5514030456542969,0.23556452989578247,0.6548047065734863,0.7101062536239624,0.7222040891647339,-2.6162823019149073e-08,-0.147196426987648,-0.13601353764533997,-0.15300962328910828,-0.0943104475736618,-0.08741968125104904
dataset/4_5_jpg.rf.3db0adbab5d1f240fb7906d564924529.jpg,4,0.712833821773529,0.578511655330658,0.531507134437561,0.3516041040420532,0.34077244997024536,0.3246617913246155,0.8694811463356018,0.7897881865501404,0.23261985182762146,0.33492588996887207,0.4348633885383606,0.641273558139801,1.2839435612477246e-06,-0.23019146919250488,-0.2894344627857208,-0.2669406533241272,-0.23643049597740173,-0.19761741161346436
dataset/3_154_jpg.rf.c15d184abdff0774b53fbb583f5874b3.jpg,3,0.6212801933288574,0.44460323452949524,0.5575209259986877,0.4041973054409027,0.2745193839073181,0.4880501925945282,0.7624874711036682,0.5059154629707336,0.2125047743320465,0.21794047951698303,0.2875319719314575,0.6213052272796631,1.110690050154517e-06,-0.04635726660490036,-0.06601795554161072,-0.07563349604606628,-0.17795424163341522,-0.13487379252910614
dataset/5_154_jpg.rf.d117935e158e8e34833d2053b56a3d3b.jpg,5,0.45124247670173645,0.835626482963562,0.36509570479393005,0.2588960528373718,0.16387110948562622,0.09168508648872375,0.8824580907821655,0.4824813902378082,0.2574148178100586,0.22635242342948914,0.28720465302467346,0.37239402532577515,8.588137916376581e-07,-0.07751604169607162,-0.048550672829151154,-0.057135771960020065,-0.08188184350728989,-0.08422006666660309
dataset/5_151_jpg.rf.c89b262b8497beee3c7a645501d8f1ee.jpg,5,0.3955240547657013,0.5254033803939819,0.4398050308227539,0.3142877221107483,0.27981704473495483,0.2076200693845749,0.8288942575454712,0.5038862228393555,0.26971882581710815,0.26526308059692383,0.3084647059440613,0.4320414066314697,6.569372885678604e-07,-0.1130061149597168,-0.12625998258590698,-0.12300017476081848,-0.11368025839328766,-0.10243868082761765
dataset/5_111_jpg.rf.0aaddb99f2f6f53494ec0481c9b0d799.jpg,5,0.42832326889038086,0.2642807960510254,0.3266070485115051,0.4252190589904785,0.496754914522171,0.6062023639678955,0.82796311378479,0.4017431139945984,0.07438531517982483,0.034360289573669434,0.09927383065223694,0.25098028779029846,7.194906288532366e-07,-0.19276386499404907,-0.2288656234741211,-0.21717135608196259,-0.20959776639938354,-0.20014072954654694
dataset/5_58_jpg.rf.4988e78c9b87c58fd554f11a22975d69.jpg,5,0.35414499044418335,0.8068432807922363,0.5789402723312378,0.46188095211982727,0.29465818405151367,0.15653753280639648,0.8337838053703308,0.5642448663711548,0.21978461742401123,0.1403423249721527,0.16618949174880981,0.2511436343193054,1.0625362847349606e-06,-0.09263595938682556,-0.05543939396739006,-0.05595269799232483,-0.09520934522151947,-0.10432799160480499
dataset/2_122_jpg.rf.882c01a624ef61a05698893c623a0bb9.jpg,2,0.830748438835144,0.6137211918830872,0.4517851769924164,0.2755143344402313,0.6287512183189392,0.6461476683616638,0.7063772678375244,0.7797232866287231,0.12721982598304749,0.4482860267162323,0.7100109457969666,0.7923063635826111,1.4070684528633137e-06,-0.27896544337272644,-0.3097246289253235,-0.28832027316093445,-0.21302859485149384,-0.18508833646774292
dataset/5_104_jpg.rf.31d82930b0e04b2045c14108a721214d.jpg,5,0.45651233196258545,0.8707475066184998,0.5813753008842468,0.45269185304641724,0.3038829565048218,0.18746742606163025,0.8475192785263062,0.4988313615322113,0.19394072890281677,0.13433682918548584,0.18712002038955688,0.2943289875984192,9.808019285628689e-07,-0.09013385325670242,-0.05537034943699837,-0.05815844237804413,-0.09357668459415436,-0.10054972022771835
dataset/1_72_jpg.rf.d636360042ef4ce4c0cc7547fd42bf66.jpg,1,0.48666635155677795,0.4018336832523346,0.5155200958251953,0.46773144602775574,0.4239749312400818,0.39318445324897766,0.9007939100265503,0.6965648531913757,0.32831889390945435,0.7089473605155945,0.724743127822876,0.7455939650535583,2.2317657055737072e-07,-0.13510219752788544,-0.14805868268013,-0.1196339949965477,-0.07912372797727585,-0.060382962226867676
dataset/1_28_jpg.rf.40e9c5f58ca0453a5b582635d0a9b872.jpg,1,0.464809775352478,0.4755938947200775,0.4645717442035675,0.45533400774002075,0.49563533067703247,0.5557554364204407,0.8096791505813599,0.5126028656959534,0.2687690258026123,0.6105965375900269,0.6644083261489868,0.6767900586128235,-3.259897596308292e-07,-0.11001620441675186,-0.11074145138263702,-0.11408374458551407,-0.06981223821640015,-0.07512171566486359
dataset/4_79_jpg.rf.a1d892c39b710106d87848f67a49f4f6.jpg,4,0.47882798314094543,0.48181700706481934,0.495326966047287,0.4154684841632843,0.35189834237098694,0.2882225513458252,0.7910517454147339,0.5715961456298828,0.30159708857536316,0.27321088314056396,0.30833879113197327,0.3653150796890259,7.750846862109029e-07,-0.041806258261203766,-0.04578268155455589,-0.04166215658187866,-0.06235993653535843,-0.05382391810417175
dataset/2_172_jpg.rf.f4368f801d6fcd48593930a7d94f0856.jpg,2,0.2525166869163513,0.40140581130981445,0.19621405005455017,0.46452614665031433,0.3717682659626007,0.368490606546402,0.9179152250289917,0.6868632435798645,0.06982919573783875,0.12802201509475708,0.6452382802963257,0.7621233463287354,8.570494287596375e-07,-0.235881045460701,-0.3032914102077484,-0.2518880069255829,-0.1992478221654892,-0.2122124582529068
dataset/5_87_jpg.rf.1f6bad7b676477df02e75bb2c2530ac2.jpg,5,0.363854318857193,0.07901892066001892,0.43586206436157227,0.5017434358596802,0.5425740480422974,0.5865651965141296,0.6831172704696655,0.4338005781173706,0.3124939501285553,0.2951028347015381,0.3191671073436737,0.36651450395584106,4.5518785896092595e-07,0.03506643697619438,0.10910505801439285,0.10479987412691116,0.07448512315750122,0.0551222525537014
dataset/0_174_jpg.rf.cfde94b4d3c61b7d7746f3a9bf7e8e5b.jpg,0,0.5478643178939819,0.6049123406410217,0.5990948677062988,0.526150643825531,0.4567570388317108,0.39134758710861206,0.7790035009384155,0.35428452491760254,0.46910494565963745,0.4967355728149414,0.5346061587333679,0.5716967582702637,-1.2191450196041842e-06,-0.12239658832550049,-0.1660211682319641,-0.14100567996501923,-0.04748533293604851,-0.01928824558854103
dataset/1_198_jpg.rf.7ed219e4c6353378b8864acd676f2801.jpg,1,0.2609679698944092,0.3906151056289673,0.6708509922027588,0.3728276193141937,0.2951505184173584,0.21373945474624634,0.9047021269798279,0.6206938028335571,0.2635641396045685,0.6681015491485596,0.7447909712791443,0.7272735834121704,7.38987409931724e-07,-0.3193962574005127,-0.2755005359649658,-0.2775130271911621,-0.1932191699743271,-0.16762016713619232
dataset/2_146_jpg.rf.15ae577c6b1ecb7bc6b2105c5fe46349.jpg,2,0.536336362361908,0.3766643702983856,0.5099830627441406,0.33215007185935974,0.4356817901134491,0.4090544879436493,0.8328908681869507,0.5456141829490662,0.2693876028060913,0.28096526861190796,0.6294544339179993,0.6817283034324646,1.5424919865836273e-06,-0.11490324139595032,-0.01794084720313549,-0.016006972640752792,-0.09533438831567764,-0.11785569787025452
dataset/5_101_jpg.rf.098b76c3c660fd89a66027dd553bc098.jpg,5,0.5925098061561584,0.662603497505188,0.5160106420516968,0.44257646799087524,0.4012144207954407,0.3654366433620453,0.816409707069397,0.32998254895210266,0.06881192326545715,0.04184544086456299,0.10484197735786438,0.24177773296833038,6.551592832693132e-07,-0.14895720779895782,-0.17927518486976624,-0.16608433425426483,-0.15473859012126923,-0.13927380740642548
dataset/1_74_jpg.rf.ffa4eebfa77384b876743c25d1dca7a1.jpg,1,0.4074056148529053,0.5252614617347717,0.5717616081237793,0.4743363559246063,0.4917609691619873,0.5612162351608276,0.9137824773788452,0.6359639763832092,0.3308546245098114,0.6833491325378418,0.765893816947937,0.7897253036499023,3.48638877767371e-08,-0.22426064312458038,-0.19740626215934753,-0.22083766758441925,-0.15626424551010132,-0.14408664405345917
dataset/0_24_jpg.rf.715d358139c464aa5e28af47af677f36.jpg,0,0.4402899444103241,0.3166882395744324,0.38097840547561646,0.3472747802734375,0.31336545944213867,0.2778005599975586,0.5604763627052307,0.2974909245967865,0.3775677978992462,0.4176347255706787,0.4636015295982361,0.5039007663726807,-8.165114877556334e-07,-0.09119686484336853,-0.13127204775810242,-0.12042217701673508,-0.0649152398109436,-0.04798085615038872
dataset/2_76_jpg.rf.de1ae195d894c03aa51bc55855104557.jpg,2,0.4706118702888489,0.4828755259513855,0.41597458720207214,0.5084596276283264,0.488036572933197,0.5140968561172485,0.8119823336601257,0.5737178921699524,0.436032772064209,0.41085952520370483,0.6611993908882141,0.6979281902313232,3.6934412150912976e-07,0.021998539566993713,0.061072371900081635,0.027353087440133095,-0.004456586204469204,-0.009103477001190186
dataset/5_183_jpg.rf.5b739aa62de20df05b39915678065895.jpg,5,0.592313289642334,0.401305615901947,0.38182157278060913,0.5655797123908997,0.6269642114639282,0.7414363622665405,0.9351131916046143,0.49665898084640503,0.14990860223770142,0.09467697143554688,0.14198851585388184,0.2852594256401062,8.75956459367444e-07,-0.23308248817920685,-0.2869877815246582,-0.26837608218193054,-0.25405153632164,-0.23873795568943024
dataset/2_167_jpg.rf.bbf08655f2bc4a4dec17220d8a915fbd.jpg,2,0.4627867639064789,0.6304889917373657,0.4919514060020447,0.6731320023536682,0.5738457441329956,0.5887529850006104,0.8302123546600342,0.5435960292816162,0.2703947424888611,0.2757852077484131,0.6345856189727783,0.6905404925346375,1.524442041045404e-06,-0.13128134608268738,-0.04503801837563515,-0.05876079201698303,-0.13621902465820312,-0.1686292290687561
dataset/4_13_jpg.rf.2a0aaa8c99845eae48a3afc4be9a4ebc.jpg,4,0.5809827446937561,0.5210265517234802,0.6248863935470581,0.4589301645755768,0.33778661489486694,0.22489747405052185,0.9630934000015259,0.6164515018463135,0.2586069405078888,0.2620128095149994,0.33851999044418335,0.4640483856201172,9.410129564457748e-07,-0.04665444418787956,0.01988060772418976,0.04989638179540634,-0.0031677407678216696,-0.026011651381850243
dataset/2_37_jpg.rf.f0905d703dd527acd6cfc6c9f16d423a.jpg,2,0.7131556272506714,0.7159491777420044,0.5065100789070129,0.5826676487922668,0.7178290486335754,0.765728235244751,0.8680431842803955,0.5691178441047668,0.3564233183860779,0.33379387855529785,0.6597162485122681,0.7139552235603333,1.3086385024507763e-06,-0.08647122234106064,0.01775522343814373,-0.019458521157503128,-0.09934012591838837,-0.13299502432346344
dataset/0_125_jpg.rf.e281d91dbf0b13d9d61ca9a296c4ff87.jpg,0,0.4254436492919922,0.8027505278587341,0.6340846419334412,0.5500074028968811,0.47112029790878296,0.41095009446144104,0.5205894112586975,0.263347327709198,0.3608609437942505,0.354713499546051,0.3287689983844757,0.27420860528945923,-1.4660161014035111e-06,-0.14201948046684265,-0.18708793818950653,-0.14946666359901428,-0.07924636453390121,-0.054339662194252014
dataset/5_126_jpg.rf.00b75548c2043c8aa722aa3c9be15b2f.jpg,5,0.5041182041168213,0.7816857099533081,0.4304364025592804,0.2965856194496155,0.18870088458061218,0.13077789545059204,0.8101573586463928,0.46090734004974365,0.21119379997253418,0.21084389090538025,0.3138933777809143,0.45010045170783997,1.0061820603368687e-06,-0.1562330275774002,-0.13529706001281738,-0.13337242603302002,-0.14279484748840332,-0.13977116346359253
dataset/2_194_jpg.rf.4aaaa05f7f018eda6bf079a8c1a0c566.jpg,2,0.7412232160568237,0.6026002764701843,0.81480872631073,0.5315227508544922,0.6435949802398682,0.6249551177024841,0.9239053726196289,0.6945303678512573,0.08292025327682495,0.1397896707057953,0.6391452550888062,0.7520508170127869,1.509161279500404e-06,-0.2162458598613739,-0.2754356563091278,-0.261283278465271,-0.18572726845741272,-0.18080002069473267
dataset/5_61_jpg.rf.27d5c1818c9875999dbc56fdb7b5baaa.jpg,5,0.4980224370956421,0.7901502847671509,0.4427701532840729,0.36943575739860535,0.3019464612007141,0.24815140664577484,0.7175439596176147,0.4514724612236023,0.28784388303756714,0.2627635598182678,0.30214065313339233,0.36363285779953003,6.756882271474751e-07,-0.04087960347533226,-0.008688737638294697,-0.009164322167634964,-0.023868247866630554,-0.01948254555463791
dataset/2_15_jpg.rf.7299989f0e25cc4f943e09dd652fd3ca.jpg,2,0.49129733443260193,0.6586664915084839,0.5176432132720947,0.7061028480529785,0.6006438732147217,0.6144922375679016,0.8197968006134033,0.5312818288803101,0.2530248165130615,0.25882264971733093,0.6134750247001648,0.6703220009803772,1.1928435696972883e-06,-0.0929061621427536,-0.05822230875492096,-0.08728805929422379,-0.10431750863790512,-0.12171366065740585
dataset/3_7_jpg.rf.4f597b64bec3fde7c888f83822066919.jpg,3,0.6221262216567993,0.33158496022224426,0.1636519581079483,0.052139997482299805,0.018959909677505493,0.4691768288612366,0.8396309614181519,0.6764829158782959,0.34941786527633667,0.46459829807281494,0.6352956891059875,0.7979447841644287,7.255273999362544e-07,-0.06835545599460602,-0.08310075849294662,-0.0949026569724083,-0.1859060525894165,-0.13476379215717316
dataset/1_206_jpg.rf.974ad39eed1e9a8407dc10e03f7f17eb.jpg,1,0.9034606218338013,0.6238119602203369,0.2862616181373596,0.6693232655525208,0.7561225295066833,0.7850055694580078,0.38496696949005127,0.5413682460784912,0.5654551386833191,0.5085837244987488,0.48996591567993164,0.544104814529419,3.872025331475015e-07,-0.2023082822561264,-0.15800386667251587,-0.157643124461174,-0.12371569871902466,-0.10793855041265488
dataset/5_123_jpg.rf.78826e1fab85c5f5e80f4de933cd2648.jpg,5,0.529067873954773,0.6256765127182007,0.29410088062286377,0.1679384410381317,0.0985923707485199,0.09425660967826843,0.7799631357192993,0.3475039005279541,0.28726261854171753,0.33760571479797363,0.45939183235168457,0.5865346193313599,5.58231647573848e-07,-0.053943462669849396,-0.04220812767744064,-0.052373338490724564,-0.0755322203040123,-0.07637894153594971
dataset/5_169_jpg.rf.f1d2189c317805cb0189a70a584ed776.jpg,5,0.3691064119338989,0.8475090265274048,0.6017758846282959,0.5417645573616028,0.4462605118751526,0.35832029581069946,0.7037074565887451,0.529181718826294,0.24829363822937012,0.1937755048274994,0.20202913880348206,0.23282501101493835,1.0587807537376648e-06,-0.027868185192346573,0.005707309115678072,-0.010903984308242798,-0.03892726078629494,-0.033776141703128815
dataset/1_185_jpg.rf.88137834115bb333d2c1da4d92ab3ae0.jpg,1,0.6670600771903992,0.5714852213859558,0.3098779320716858,0.5687971711158752,0.6560322642326355,0.7362353205680847,0.9102640151977539,0.6173343658447266,0.2653837502002716,0.6349857449531555,0.7449296712875366,0.7368721961975098,1.180442481540922e-07,-0.28160521388053894,-0.30194714665412903,-0.3006395995616913,-0.2154426872730255,-0.20227739214897156
dataset/0_73_jpg.rf.dc2af3bf50dd297c7f08930c55ca93ef.jpg,0,0.3996369242668152,0.07075977325439453,0.19582784175872803,0.284271776676178,0.36384057998657227,0.43349865078926086,0.6094732284545898,0.33073535561561584,0.43502238392829895,0.4311167001724243,0.4270179867744446,0.3911787271499634,-2.1780815586680546e-06,-0.10854153335094452,-0.17585232853889465,-0.1380818486213684,-0.06365799903869629,-0.06520574539899826
dataset/1_158_jpg.rf.38c9ce7e18c0ec15a4ec87b59a1fbcd1.jpg,1,0.6555893421173096,0.5111848711967468,0.4007839858531952,0.5343795418739319,0.5619154572486877,0.5049830079078674,0.8910496830940247,0.6157804727554321,0.3203490376472473,0.6553022265434265,0.7557592391967773,0.7866337895393372,6.546442250510154e-07,-0.28521808981895447,-0.23375356197357178,-0.24552278220653534,-0.18357466161251068,-0.15791694819927216
dataset/2_87_jpg.rf.51e692cd81772cf8b9273ca0d6d26a77.jpg,2,0.06383064389228821,0.15875621140003204,0.5705828666687012,0.5754706859588623,0.18308281898498535,0.12193991243839264,0.38444116711616516,0.4582073390483856,0.21957683563232422,0.44231826066970825,0.4706559479236603,0.45164602994918823,1.5884949107203283e-06,-0.31829699873924255,-0.35596147179603577,-0.3333584666252136,-0.2640431225299835,-0.2663315236568451
dataset/2_102_jpg.rf.9086c9ef46d0c56f53148333fd0215af.jpg,2,0.5768157243728638,0.5084706544876099,0.5494877696037292,0.3993339538574219,0.5144385695457458,0.4973245859146118,0.8711819648742676,0.5819636583328247,0.28818657994270325,0.2989693582057953,0.6790958642959595,0.7393596768379211,8.87866519860836e-07,-0.07630238682031631,-0.055579278618097305,-0.0842895656824112,-0.09059716761112213,-0.09586401283740997
dataset/1_1_jpg.rf.711231402895a41446b38f6019b072d4.jpg,1,0.954753577709198,0.6481516361236572,0.36084437370300293,0.6983035206794739,0.7906137704849243,0.8082608580589294,0.4954661726951599,0.551450252532959,0.5171328783035278,0.5343016982078552,0.5559493899345398,0.6223316788673401,1.1281794343176443e-07,-0.13316406309604645,-0.11620503664016724,-0.13232772052288055,-0.08928395062685013,-0.07493513822555542
dataset/4_135_jpg.rf.435d888339f0f02ecf4c7d6c4db5363d.jpg,4,0.4835694432258606,0.4466739892959595,0.545322835445404,0.38828182220458984,0.3373410105705261,0.24782584607601166,0.8537933826446533,0.6577352285385132,0.1201384961605072,0.10068246722221375,0.18200349807739258,0.3367191553115845,1.0957123777188826e-06,-0.1537788212299347,-0.18630467355251312,-0.18056561052799225,-0.17167867720127106,-0.14674346148967743
dataset/5_97_jpg.rf.65dbf5253daf0fdd59197c1e16d356e8.jpg,5,0.5215240120887756,0.3951369524002075,0.5082342028617859,0.5734092593193054,0.6231439113616943,0.6666046380996704,0.8768011331558228,0.42009487748146057,0.15168246626853943,0.11469587683677673,0.17507731914520264,0.2931181788444519,8.606476740169455e-07,-0.15269328653812408,-0.18115673959255219,-0.1642763465642929,-0.14869138598442078,-0.14231693744659424
dataset/4_19_jpg.rf.c7cb667df90f49c623b35933c0ab016e.jpg,4,0.5391330718994141,0.4813234806060791,0.598686695098877,0.5378488302230835,0.4674812853336334,0.4044032096862793,0.8622906804084778,0.6505316495895386,0.20941263437271118,0.17626690864562988,0.22045636177062988,0.3491777777671814,8.723073960936745e-07,-0.15567749738693237,-0.2048068344593048,-0.1923414021730423,-0.18725399672985077,-0.16624101996421814
dataset/4_115_jpg.rf.25f168b53266568729fe96666becdd23.jpg,4,0.513313353061676,0.4996778666973114,0.5458763837814331,0.3827187120914459,0.2363400161266327,0.13472667336463928,0.8325608968734741,0.5663003921508789,0.19088205695152283,0.16448768973350525,0.25356990098953247,0.4012037515640259,9.783933592188987e-07,-0.17067137360572815,-0.18110567331314087,-0.16484253108501434,-0.179801806807518,-0.17403320968151093
dataset/0_139_jpg.rf.cc3de8b4c9936f11512a421c57c4d45d.jpg,0,0.3985164165496826,0.7717998623847961,0.64238041639328,0.5451739430427551,0.4451262056827545,0.36409756541252136,0.2595691680908203,0.5303976535797119,0.43046724796295166,0.43994784355163574,0.4385591745376587,0.46932151913642883,-2.2160468233778374e-06,-0.17836984992027283,-0.2105560600757599,-0.15126489102840424,-0.0773385688662529,-0.06709636002779007
dataset/3_162_jpg.rf.b2db96d40464e9670080697432ff856e.jpg,3,0.6838058829307556,0.546409010887146,0.6488794088363647,0.5170474052429199,0.40009605884552,0.5753989219665527,0.8699336051940918,0.6387015581130981,0.3757217526435852,0.37172937393188477,0.4299125671386719,0.7442372441291809,1.0808341812662547e-06,-0.026607269421219826,-0.04378875344991684,-0.04701222851872444,-0.15039801597595215,-0.10714395344257355
dataset/4_72_jpg.rf.6ba64008b2de3910507b6f4508704ca7.jpg,4,0.5455507040023804,0.4401024281978607,0.4622907042503357,0.3888360261917114,0.345174103975296,0.32001256942749023,0.822167158126831,0.6907945871353149,0.21923205256462097,0.1956227421760559,0.2572721838951111,0.37950852513313293,9.057342253981915e-07,-0.19603462517261505,-0.24729855358600616,-0.23559468984603882,-0.2134031057357788,-0.18575572967529297
dataset/3_32_jpg.rf.e2209d56fd8d009338f70342566150a1.jpg,3,0.5030311942100525,0.714396595954895,0.6098722219467163,0.7728289365768433,0.8995026350021362,0.6528080701828003,0.690828800201416,0.4502221345901489,0.14214566349983215,0.15478019416332245,0.2268403023481369,0.552007794380188,6.368492222463829e-07,-0.029136786237359047,-0.03669944405555725,-0.04793918877840042,-0.165708526968956,-0.14054295420646667
dataset/3_94_jpg.rf.e1287c2ce6267db70fe9d5c4b7ec9af1.jpg,3,0.5226024985313416,0.36702626943588257,0.4673326313495636,0.3347284495830536,0.21029356122016907,0.40223291516304016,0.8818833827972412,0.6623033285140991,0.3851075768470764,0.3872084319591522,0.4510723650455475,0.7660142183303833,1.0233660532321665e-06,-0.02445627748966217,-0.04421098530292511,-0.04923845827579498,-0.16482828557491302,-0.12422750890254974
dataset/0_6_jpg.rf.09938b3b341c36d81054c64cd057eb5b.jpg,0,0.5928636789321899,0.9431990385055542,0.803166925907135,0.7181762456893921,0.6393136978149414,0.5724297165870667,0.6114765405654907,0.3296901285648346,0.4334951341152191,0.4342276453971863,0.4254297614097595,0.3886910080909729,-1.3062207244729507e-06,-0.10842994600534439,-0.15609866380691528,-0.15469977259635925,-0.08181344717741013,-0.06050592288374901
dataset/2_7_jpg.rf.66b99dabf943ebe14860509932b05c93.jpg,2,0.1689390242099762,0.37326520681381226,0.5841954946517944,0.7289813756942749,0.38300275802612305,0.3551698327064514,0.8343575596809387,0.9084733724594116,0.26239824295043945,0.528589129447937,0.8511463403701782,0.8923543095588684,1.7118215964728734e-06,-0.3862626552581787,-0.41132238507270813,-0.34455224871635437,-0.2732104957103729,-0.2677318751811981
dataset/4_3_jpg.rf.4bd4f359b3a4d03279cbc5c724bf6e9a.jpg,4,0.5399872064590454,0.4473320245742798,0.5236165523529053,0.35647475719451904,0.2077445536851883,0.11345809698104858,0.889098584651947,0.5832461714744568,0.17027437686920166,0.1629861295223236,0.26397156715393066,0.4270899295806885,1.016436840473034e-06,-0.09799237549304962,-0.09461946040391922,-0.08978218585252762,-0.12462427467107773,-0.12333246320486069
dataset/0_147_jpg.rf.e927101aae56f10a5f790fe965f7e5c4.jpg,0,0.6331601142883301,0.4517245590686798,0.5029462575912476,0.569552481174469,0.6382306218147278,0.6951789855957031,0.8747793436050415,0.481702983379364,0.5964478850364685,0.6051927804946899,0.6379218697547913,0.652320146560669,-1.8500290934753139e-06,-0.06555777788162231,-0.0912315621972084,-0.06243971735239029,-0.02473093941807747,-0.03374877944588661
dataset/5_63_jpg.rf.0bd1396bfd46f9436b5e03b0b7023ae6.jpg,5,0.587161123752594,0.9389941096305847,0.5978685617446899,0.4468873143196106,0.31202760338783264,0.19357597827911377,0.7221874594688416,0.4179650545120239,0.2066495418548584,0.1919097602367401,0.2523203194141388,0.35624805092811584,9.496232564742968e-07,-0.08918341249227524,-0.024067707359790802,-0.021231025457382202,-0.06372233480215073,-0.08775068074464798
dataset/1_163_jpg.rf.aa7a603900457e4556fbdb145bd5c519.jpg,1,0.45890331268310547,0.4620482921600342,0.4478881061077118,0.46624261140823364,0.4309564530849457,0.37439173460006714,0.8274922370910645,0.5076236724853516,0.34991759061813354,0.6210950613021851,0.6727009415626526,0.678595781326294,-5.885552312179243e-08,-0.05432017520070076,-0.026532942429184914,-0.04886249825358391,-0.028616199269890785,-0.021355662494897842
dataset/1_16_jpg.rf.7bf7150006b2e13753a1627c32d337f1.jpg,1,0.9379031658172607,0.642903745174408,0.3489905297756195,0.690624475479126,0.7789966464042664,0.8004593253135681,0.48763328790664673,0.5581611394882202,0.5364856123924255,0.5364390015602112,0.5544182658195496,0.6153742074966431,1.7938974394837714e-07,-0.13843050599098206,-0.12244195491075516,-0.13775117695331573,-0.09381013363599777,-0.08043134212493896
dataset/2_101_jpg.rf.7950a12cfc3aff8f72c2963b751a3533.jpg,2,0.4444822072982788,0.4832516312599182,0.6773730516433716,0.5569646954536438,0.4591875374317169,0.3958006799221039,0.8938878774642944,0.5161845684051514,0.23886337876319885,0.1836852729320526,0.6336018443107605,0.6735726594924927,1.3736380424234085e-06,-0.05426384508609772,-0.04180610552430153,-0.08773701637983322,-0.08477949351072311,-0.08516933768987656
dataset/4_42_jpg.rf.d6afb5d40477621257b16841b0b71778.jpg,4,0.576943576335907,0.6653537750244141,0.49157166481018066,0.6545974016189575,0.7121294140815735,0.8097327947616577,0.8611707091331482,0.6307629942893982,0.16445380449295044,0.1398812234401703,0.20545601844787598,0.3663802742958069,6.022692105034366e-07,-0.1299649029970169,-0.17589794099330902,-0.16425761580467224,-0.1698625683784485,-0.16007475554943085
dataset/1_58_jpg.rf.9d1150a6b3ee02136511a687e60d88f6.jpg,1,0.38129913806915283,0.45444586873054504,0.6599022150039673,0.44904693961143494,0.3828493356704712,0.29635486006736755,0.9249117970466614,0.6185973286628723,0.2590556740760803,0.6715753078460693,0.7570098638534546,0.7501549124717712,6.642524112976389e-07,-0.31679239869117737,-0.2844100892543793,-0.28641587495803833,-0.1908073127269745,-0.1546458750963211
dataset/0_81_jpg.rf.adab9541e794440053367f1bafcdbfa1.jpg,0,0.38242822885513306,0.7456315159797668,0.5870878100395203,0.5062496066093445,0.428014874458313,0.36740002036094666,0.5423872470855713,0.2984156310558319,0.3894217610359192,0.3845447897911072,0.36595645546913147,0.31212955713272095,-1.2030641300952993e-06,-0.14695113897323608,-0.1869385838508606,-0.14111512899398804,-0.07411055266857147,-0.046813003718853
dataset/5_71_jpg.rf.f0a733924bc2c1f5847b4412c1c51364.jpg,5,0.5481349229812622,0.828182578086853,0.5087223052978516,0.4432298541069031,0.3666480779647827,0.3120247721672058,0.7568460702896118,0.4926146864891052,0.3425120711326599,0.3205915689468384,0.3559993803501129,0.4124229848384857,6.453123546634743e-07,-0.07303255051374435,-0.049213580787181854,-0.04564667493104935,-0.054419975727796555,-0.04864910617470741
dataset/2_138_jpg.rf.d2b93992114ba3e41284b48e8ca92855.jpg,2,0.5531308054924011,0.6155859231948853,0.3798602819442749,0.599640429019928,0.5934997200965881,0.6151307821273804,0.9142736196517944,0.6765623092651367,0.27342501282691956,0.26459917426109314,0.6729421019554138,0.7226932048797607,7.582034413644578e-07,-0.1939454972743988,-0.22046935558319092,-0.1647251844406128,-0.12582749128341675,-0.1304914802312851
dataset/1_84_jpg.rf.1a8d900a4b04786788e1f8a3d068c322.jpg,1,0.4588586688041687,0.5701599717140198,0.5389599800109863,0.5126215815544128,0.5343981981277466,0.5723954439163208,0.82070392370224,0.4873563349246979,0.24675242602825165,0.6111727356910706,0.663844883441925,0.6820017099380493,1.501404085502145e-07,-0.13106580078601837,-0.09296489506959915,-0.0826139748096466,-0.0309092178940773,-0.009915743954479694
dataset/4_101_jpg.rf.3d1431fb6c11b833efd9f268e2341ad6.jpg,4,0.5170233249664307,0.48467400670051575,0.34605300426483154,0.48527762293815613,0.6743855476379395,0.8185114860534668,0.9525138735771179,0.6953586935997009,0.3502926230430603,0.28109145164489746,0.3305051624774933,0.4706052243709564,4.649922971111664e-07,-0.11595092713832855,-0.13327349722385406,-0.14479182660579681,-0.1839902102947235,-0.18492859601974487
dataset/0_14_jpg.rf.15cc9a454345df317a70720387d426bd.jpg,0,0.45603635907173157,0.40001726150512695,0.3940884470939636,0.46181628108024597,0.538022518157959,0.6047710180282593,0.7776103019714355,0.3595757782459259,0.4680129587650299,0.4918237328529358,0.5359349250793457,0.5801409482955933,-1.663852003730426e-06,-0.15880000591278076,-0.14268448948860168,-0.10987738519906998,-0.04918510466814041,-0.0404115691781044
dataset/0_144_jpg.rf.f233b61d64264aad4be9d61e771cb890.jpg,0,0.4732891023159027,0.28125500679016113,0.3516055643558502,0.3296359181404114,0.3236849904060364,0.3119981586933136,0.4770602881908417,0.7079397439956665,0.64268559217453,0.5956472158432007,0.5446362495422363,0.5024869441986084,-1.4292082823885721e-06,-0.08745808899402618,-0.1040620431303978,-0.07108470052480698,-0.031256403774023056,-0.032363906502723694
dataset/1_133_jpg.rf.92920525298fd4e58633251a09af1cf8.jpg,1,0.49238085746765137,0.44224679470062256,0.43181779980659485,0.4734243154525757,0.44173359870910645,0.38762977719306946,0.8541268110275269,0.5238078236579895,0.2492806613445282,0.6311226487159729,0.689294695854187,0.7069320678710938,-1.0715777420955419e-07,-0.10729699581861496,-0.09233294427394867,-0.10033924132585526,-0.05213180184364319,-0.04391966387629509
dataset/2_17_jpg.rf.5d44506bdc0cfa23eac6a3c6446a1ec4.jpg,2,0.3973557949066162,0.4607125222682953,0.40867945551872253,0.5647038221359253,0.45875126123428345,0.4807353615760803,0.8631926774978638,0.5651190876960754,0.26251691579818726,0.269191712141037,0.6714595556259155,0.7266066670417786,8.095976795630122e-07,-0.1072164997458458,-0.09578553587198257,-0.13134711980819702,-0.11341729015111923,-0.1208438128232956
dataset/0_133_jpg.rf.7105f49eac69e17e3bca8dcd98df1a5a.jpg,0,0.380082905292511,0.5764049291610718,0.514248251914978,0.44534069299697876,0.384771466255188,0.31962117552757263,0.8956835865974426,0.4532822370529175,0.5632314085960388,0.6051181554794312,0.6316419243812561,0.6431599855422974,-1.0160144938708981e-06,-0.008704409003257751,-0.054484955966472626,-0.07772775739431381,-0.05470775067806244,-0.05598093196749687
dataset/5_30_jpg.rf.b4b88d71ee1a90d30de50bbcb5e39c85.jpg,5,0.65019690990448,0.159380704164505,0.5871233940124512,0.6787254810333252,0.7636552453041077,0.8447263240814209,0.8299271464347839,0.4963548183441162,0.23338331282138824,0.1969292163848877,0.23384934663772583,0.30317044258117676,1.101131829273072e-06,-0.08835819363594055,-0.017812229692935944,-0.012009803205728531,-0.028629468753933907,-0.03591302037239075
dataset/3_106_jpg.rf.d7a12a1c424878054b77ffd22126fabb.jpg,3,0.5040584206581116,0.34110093116760254,0.44308939576148987,0.310322642326355,0.18431781232357025,0.38073864579200745,0.8612208366394043,0.6351847648620605,0.3559991717338562,0.35803329944610596,0.41986310482025146,0.7337071895599365,1.0155572454095818e-06,-0.02055269107222557,-0.03791015222668648,-0.048035863786935806,-0.15635338425636292,-0.11082668602466583
dataset/1_47_jpg.rf.6bba81d05754f31da5ca738e20b465cd.jpg,1,0.152199387550354,0.5027133822441101,0.8310621976852417,0.4051491320133209,0.3441862463951111,0.325885534286499,0.5295467376708984,0.5430054664611816,0.5219764113426208,0.5306658148765564,0.477751225233078,0.4023831784725189,2.767512512491521e-07,-0.17647024989128113,-0.1518383026123047,-0.16290630400180817,-0.10258292406797409,-0.09647868573665619
dataset/3_181_jpg.rf.0484c7a42e1c7bd5471cd94f364adc33.jpg,3,0.3730446994304657,0.4772900640964508,0.3744271993637085,0.4998444616794586,0.613423764705658,0.4874470829963684,0.9589766263961792,0.6565960049629211,0.3479243814945221,0.34368160367012024,0.4193524718284607,0.7955927848815918,4.4450729319578386e-07,-0.01633800007402897,-0.0013503306545317173,-0.019092129543423653,-0.11122037470340729,-0.0939997062087059
dataset/3_5_jpg.rf.ca7f02b4be54417ac264a0336d7a61c3.jpg,3,0.5546969771385193,0.4599344730377197,0.5500394105911255,0.42906269431114197,0.31414976716041565,0.44550037384033203,0.9120102524757385,0.6170603632926941,0.30146434903144836,0.2986598014831543,0.37201255559921265,0.7534745335578918,9.562861578160664e-07,-0.00804975163191557,-0.019858242943882942,-0.01726681925356388,-0.11084446310997009,-0.06683076918125153
dataset/2_107_jpg.rf.86af17045f795534d3908b0f4071eec3.jpg,2,0.17548242211341858,0.38222652673721313,0.4985714256763458,0.7290773391723633,0.3880162537097931,0.3493562340736389,0.8275599479675293,0.9335917830467224,0.20354875922203064,0.5424838066101074,0.8609740138053894,0.9311749935150146,1.334376065642573e-06,-0.29819735884666443,-0.3617289662361145,-0.294879287481308,-0.23245421051979065,-0.22771264612674713
dataset/3_75_jpg.rf.d79faf948921a0d77643bf5d4cfe3268.jpg,3,0.4865272045135498,0.6636428236961365,0.5646434426307678,0.7081313133239746,0.8241281509399414,0.6281087398529053,0.8626587390899658,0.6394656300544739,0.35306233167648315,0.35892021656036377,0.4267975091934204,0.7338186502456665,5.579563548963051e-07,-0.0019511317368596792,-0.0053673116490244865,-0.01608302630484104,-0.13268135488033295,-0.11254081130027771
dataset/2_160_jpg.rf.4ddb54543c39b0676dea7939fe238bae.jpg,2,0.4560820758342743,0.6274929046630859,0.4894644618034363,0.6688106656074524,0.5603308081626892,0.5835939645767212,0.8324282765388489,0.5447221398353577,0.2745926082134247,0.27865153551101685,0.6413655281066895,0.6917356252670288,1.701503151707584e-06,-0.15180210769176483,-0.02836153283715248,-0.0410812571644783,-0.12403050810098648,-0.14910119771957397
dataset/0_151_jpg.rf.fee02ae6b11e27b04f004129cdaad0b1.jpg,0,0.6376470327377319,0.7976964116096497,0.7401741147041321,0.6800892949104309,0.6234580874443054,0.572264552116394,0.7015684843063354,0.42682981491088867,0.5131113529205322,0.5125595331192017,0.5235790014266968,0.5319926738739014,-1.0261290981361526e-06,-0.08610637485980988,-0.1069294735789299,-0.10095146298408508,-0.04807157441973686,-0.03512011468410492
dataset/2_189_jpg.rf.85aec97d78359792154c7db857b329cb.jpg,2,0.4339686334133148,0.44764789938926697,0.6257433891296387,0.5029638409614563,0.4331457316875458,0.37092092633247375,0.8943108916282654,0.5159773230552673,0.22985002398490906,0.17680701613426208,0.6347359418869019,0.6814224720001221,1.42329497521132e-06,-0.06721843779087067,-0.04868730157613754,-0.0952819213271141,-0.07020840793848038,-0.07944647967815399
dataset/3_140_jpg.rf.40a8145d49fd23379fcf6bc59181f38e.jpg,3,0.5392871499061584,0.3839879035949707,0.5006633996963501,0.3639257550239563,0.23980389535427094,0.42728883028030396,0.7394199371337891,0.512712836265564,0.24748986959457397,0.24746032059192657,0.3083568215370178,0.6115182638168335,1.064679736373364e-06,-0.02599516697227955,-0.0549996979534626,-0.06193031743168831,-0.16555766761302948,-0.12793156504631042
dataset/1_204_jpg.rf.18026b47a58a00854cfccc8daf75ea78.jpg,1,0.511480450630188,0.6399745345115662,0.5419883131980896,0.5692158937454224,0.5915579795837402,0.6168478727340698,0.8368311524391174,0.589482307434082,0.23733657598495483,0.6195701360702515,0.6734840273857117,0.7162395119667053,-7.496200105094886e-09,-0.11544721573591232,-0.17688311636447906,-0.10933604836463928,-0.06253496557474136,-0.06953199952840805
dataset/5_26_jpg.rf.80888c93ee8008196422727fd6fd19b8.jpg,5,0.5838272571563721,0.936644434928894,0.5975743532180786,0.4470440745353699,0.311988890171051,0.199204683303833,0.7246620059013367,0.42236703634262085,0.20963628590106964,0.1953195035457611,0.2529878616333008,0.358833372592926,9.380786991641799e-07,-0.08580011874437332,-0.02940789796411991,-0.028872882947325706,-0.06684848666191101,-0.08409945666790009
dataset/2_177_jpg.rf.d9177809409893a52c2c7e94722042d9.jpg,2,0.4825815260410309,0.4804241359233856,0.6317002773284912,0.5026710629463196,0.46356770396232605,0.4056102931499481,0.9107332229614258,0.5445101857185364,0.25311407446861267,0.20903649926185608,0.6566663980484009,0.7116783857345581,1.3569070915764314e-06,-0.07797150313854218,-0.06470689922571182,-0.09046153724193573,-0.09800419956445694,-0.10123330354690552
dataset/0_171_jpg.rf.2bc588691893896cdea4be9a90447d03.jpg,0,0.4643462002277374,0.5091981291770935,0.4700070023536682,0.5025927424430847,0.5351448655128479,0.5707090497016907,0.4496518671512604,0.7229393124580383,0.6463620662689209,0.605457067489624,0.571494460105896,0.5575476288795471,-5.372108944357024e-07,-0.04140281677246094,-0.053389087319374084,-0.03826216980814934,0.004432584624737501,0.04763023927807808
dataset/3_6_jpg.rf.bb3aee316d6a53667708591edcf0406b.jpg,3,0.6216173768043518,0.48132088780403137,0.5832598209381104,0.44991081953048706,0.3273199796676636,0.5042882561683655,0.8796671628952026,0.6663563251495361,0.38931432366371155,0.38540056347846985,0.4444376826286316,0.7612610459327698,1.0754023378467537e-06,-0.02624565176665783,-0.04333819821476936,-0.050822313874959946,-0.1643570512533188,-0.12571831047534943
dataset/5_189_jpg.rf.7401cfb6ffc99d6aa8eb576ce78ebb2e.jpg,5,0.5349015593528748,0.7633330821990967,0.5293993949890137,0.44108790159225464,0.35105425119400024,0.2857198715209961,0.7284547090530396,0.44765663146972656,0.28559160232543945,0.27233362197875977,0.3297703266143799,0.42004960775375366,6.558020686497912e-07,-0.05504603311419487,-0.027915960177779198,-0.032185591757297516,-0.05331279709935188,-0.055116765201091766
dataset/1_170_jpg.rf.54202fbab4cc80317df5cf465d75dde1.jpg,1,0.53660649061203,0.5020965933799744,0.4666520357131958,0.5214993953704834,0.4970870018005371,0.4445361793041229,0.8325541019439697,0.5295111536979675,0.24807867407798767,0.6362762451171875,0.6962165236473083,0.7157342433929443,3.9652480410268254e-08,-0.13621343672275543,-0.121719129383564,-0.14527414739131927,-0.09093145281076431,-0.08135583251714706
dataset/1_142_jpg.rf.69cd63d49efc15b8e905441a13cb6623.jpg,1,0.5293604731559753,0.49452927708625793,0.45722144842147827,0.5157268643379211,0.48641473054885864,0.42900845408439636,0.863531231880188,0.5689912438392639,0.269961953163147,0.6726049184799194,0.7293914556503296,0.7463074922561646,-7.742719532188858e-08,-0.1356898546218872,-0.12106426805257797,-0.13729318976402283,-0.08621596544981003,-0.07830115407705307
dataset/4_150_jpg.rf.498a897289040c86f1c20e714d8d7263.jpg,4,0.464661180973053,0.580485999584198,0.6981887221336365,0.8376952409744263,0.8572217226028442,0.8533896207809448,0.8326081037521362,0.7371278405189514,0.25953155755996704,0.3639739453792572,0.46665269136428833,0.6504082083702087,9.459727721150557e-07,-0.18378037214279175,-0.2114323526620865,-0.19531382620334625,-0.18912699818611145,-0.17462071776390076
dataset/0_167_jpg.rf.e407f5d47f338264783f4fdc808929ec.jpg,0,0.2222580909729004,0.7161493301391602,0.5136048197746277,0.44023066759109497,0.3663231134414673,0.3109877109527588,0.6573039293289185,0.5047487020492554,0.5486785769462585,0.5313553214073181,0.4931841492652893,0.4309954047203064,-1.165017010862357e-06,-0.23842957615852356,-0.2604023814201355,-0.1885218322277069,-0.10668305307626724,-0.07645899802446365
dataset/3_134_jpg.rf.309397fc425c55189ce6392879ccbbf1.jpg,3,0.46065789461135864,0.37051326036453247,0.4285753667354584,0.3665657639503479,0.2960112690925598,0.35804635286331177,0.8287118673324585,0.591620147228241,0.3227374851703644,0.30123084783554077,0.3259624242782593,0.6864198446273804,9.230704449691984e-07,-0.011987220495939255,-0.018208777531981468,-0.006759718060493469,-0.14495666325092316,-0.10202186554670334
dataset/3_64_jpg.rf.61b8ec4fe9e88619748d4c0b67171181.jpg,3,0.354734867811203,0.5198168754577637,0.4142080545425415,0.6550920009613037,0.7133111357688904,0.5224387049674988,0.9243104457855225,0.9246475696563721,0.2239297330379486,0.2708898186683655,0.37968090176582336,0.9464250802993774,1.4154771861285553e-06,-0.4251156747341156,-0.5302311778068542,-0.4860164225101471,-0.4641820788383484,-0.35232841968536377
dataset/4_39_jpg.rf.cd20a7c05008f29b8d47db41e612113f.jpg,4,0.4564118981361389,0.5061671137809753,0.272367000579834,0.4324210286140442,0.5015577077865601,0.6149936318397522,0.8719577789306641,0.6288811564445496,0.21425747871398926,0.15468573570251465,0.20537245273590088,0.34968864917755127,7.519601581407187e-07,-0.14381428062915802,-0.20839810371398926,-0.18283919990062714,-0.18120665848255157,-0.18009087443351746
dataset/4_49_jpg.rf.f1e2e71e5b7c74d832daf463d824ce2d.jpg,4,0.45879366993904114,0.5656360983848572,0.5072253942489624,0.594997227191925,0.6603400707244873,0.7178658843040466,0.8550213575363159,0.6335245370864868,0.12455296516418457,0.11959189176559448,0.2100675404071808,0.3633807599544525,8.383706244785571e-07,-0.14719465374946594,-0.18712495267391205,-0.17779822647571564,-0.17580409348011017,-0.1673315316438675
dataset/4_80_jpg.rf.ee16cfa761f732fcdbc7eacd8eadf52f.jpg,4,0.5334364175796509,0.4352390766143799,0.5007628798484802,0.4009246528148651,0.3391442894935608,0.2848511040210724,0.8616145849227905,0.6284769773483276,0.12375915050506592,0.12271270155906677,0.2098342776298523,0.35856711864471436,8.789363619143842e-07,-0.13901039958000183,-0.1767088919878006,-0.16712650656700134,-0.16272491216659546,-0.1436578929424286
dataset/2_155_jpg.rf.37c9f9ba30a57671544f05fa94b4eb18.jpg,2,0.5873793363571167,0.4707183837890625,0.6145515441894531,0.4478404223918915,0.5160579085350037,0.49097344279289246,0.8486722707748413,0.5663893818855286,0.3220634460449219,0.32320964336395264,0.6573120355606079,0.6983502507209778,1.2585553577082464e-06,-0.07857999205589294,-0.05927326902747154,-0.07312633097171783,-0.10122965276241302,-0.1078074499964714
dataset/4_59_jpg.rf.116b3c285193ed022976c58256881ec7.jpg,4,0.399517297744751,0.5448957085609436,0.62492835521698,0.7487293481826782,0.7707579731941223,0.7769479155540466,0.689348578453064,0.5667440891265869,0.08452442288398743,0.15120115876197815,0.2580573558807373,0.4409884214401245,6.272911150517757e-07,-0.11238814145326614,-0.14805589616298676,-0.14010770618915558,-0.14466452598571777,-0.13856273889541626
dataset/1_139_jpg.rf.32ef88820e5bfb1e3a7c7028a17477ee.jpg,1,0.499268114566803,0.5575825572013855,0.5249419808387756,0.5236203670501709,0.5560688376426697,0.6287440657615662,0.9532022476196289,0.6525179147720337,0.358035147190094,0.7066977024078369,0.7912093997001648,0.8028892874717712,-2.3102970203581208e-07,-0.1824440360069275,-0.16312062740325928,-0.1792502999305725,-0.11873456835746765,-0.11202684044837952
dataset/5_11_jpg.rf.bb92f4ff483ccae6144228842631af4a.jpg,5,0.5332854390144348,0.8617011308670044,0.5116931200027466,0.359203964471817,0.22985361516475677,0.12204927206039429,0.7567507028579712,0.4373511075973511,0.24463672935962677,0.2359534353017807,0.3004978895187378,0.4099322557449341,8.380332587876183e-07,-0.09205469489097595,-0.050786323845386505,-0.04393336921930313,-0.07411408424377441,-0.08628802001476288
dataset/4_194_jpg.rf.285a88ef39c6a4513e1e39cf52434dab.jpg,4,0.5900253653526306,0.5383154153823853,0.6841465830802917,0.4965790808200836,0.2984722852706909,0.17411509156227112,0.9600526094436646,0.7539832592010498,0.3597100079059601,0.3269845247268677,0.4046475887298584,0.5371151566505432,1.428607220077538e-06,-0.1777561604976654,-0.19793187081813812,-0.1824711561203003,-0.20167268812656403,-0.18242357671260834
dataset/2_149_jpg.rf.0aa9ed529a963e1ba4b78c231659bc7f.jpg,2,0.36715108156204224,0.47264692187309265,0.32645148038864136,0.5005229115486145,0.43263107538223267,0.45710501074790955,0.8381558656692505,0.5703402161598206,0.32258713245391846,0.31365203857421875,0.6541857123374939,0.697333574295044,1.0800305290104006e-06,-0.07121897488832474,-0.047613415867090225,-0.0934874638915062,-0.11048644781112671,-0.1208898052573204
dataset/0_49_jpg.rf.adca06f5c305d1b777f3ccd661725bf3.jpg,0,0.3635171055793762,0.21655163168907166,0.2971828281879425,0.2792355418205261,0.2699181139469147,0.24547289311885834,0.7058652639389038,0.48365846276283264,0.5365141034126282,0.5835907459259033,0.6362062692642212,0.6836627125740051,-6.381793582477258e-07,-0.03214235603809357,-0.06378185003995895,-0.06278175115585327,-0.03917800262570381,-0.03104415163397789
dataset/0_45_jpg.rf.90b586357a4921ce95bf6ce8fa0ca82c.jpg,0,0.37745869159698486,0.4152286648750305,0.42847955226898193,0.35749614238739014,0.2908328175544739,0.22833198308944702,0.8384222984313965,0.43602022528648376,0.532509982585907,0.566193699836731,0.6059895157814026,0.63187575340271,-9.386700412505888e-07,-0.1043863594532013,-0.14852207899093628,-0.11674859374761581,-0.03018820658326149,0.00045275548473000526
dataset/5_35_jpg.rf.89a78da2a5b1cd01f3f87a8e21ecc8b3.jpg,5,0.6163745522499084,0.7763503193855286,0.3752920627593994,0.2378503382205963,0.17472362518310547,0.1373654007911682,0.8483797311782837,0.35890713334083557,0.2546437680721283,0.29543793201446533,0.40960654616355896,0.5436771512031555,6.227168114492088e-07,-0.08133522421121597,-0.04332449287176132,-0.048679906874895096,-0.07064871490001678,-0.07822151482105255
dataset/0_3_jpg.rf.a83cf4e8a7b2a50f4a288505100c1c4f.jpg,0,0.5270469784736633,0.7177032232284546,0.6432417035102844,0.6698049902915955,0.6761212348937988,0.6876223683357239,0.5275688767433167,0.28819161653518677,0.35656675696372986,0.40274208784103394,0.4543627202510834,0.49718379974365234,-1.4123004348221002e-06,-0.09120235592126846,-0.11089533567428589,-0.07358434796333313,-0.02644670009613037,-0.029739901423454285
dataset/3_52_jpg.rf.a87ae2b9a62165570fe2a8ca9cd585ec.jpg,3,0.749276340007782,0.6191591620445251,0.7489491105079651,0.6107314825057983,0.4903602600097656,0.6522866487503052,0.7787450551986694,0.537899374961853,0.27851560711860657,0.26897501945495605,0.3296351432800293,0.639934778213501,1.0062270803246065e-06,-0.030787181109189987,-0.046252407133579254,-0.054444145411252975,-0.14723776280879974,-0.10233134031295776
dataset/1_98_jpg.rf.e58017aa64bccb090121a3329fffdc57.jpg,1,0.9350209832191467,0.6411886811256409,0.3447893559932709,0.6865389943122864,0.775989294052124,0.7991394996643066,0.46682459115982056,0.5539309978485107,0.5513081550598145,0.5306800007820129,0.5435708165168762,0.6018673777580261,1.3598209136489459e-07,-0.1304784119129181,-0.11768591403961182,-0.13394300639629364,-0.09179644286632538,-0.07865167409181595
dataset/0_107_jpg.rf.80aa2a5a5d069650a121ab65d8f4470c.jpg,0,0.3460423946380615,0.5222542881965637,0.4661131799221039,0.40590906143188477,0.3437110483646393,0.28731203079223633,0.6298425197601318,0.3600864112377167,0.4395866096019745,0.4364164471626282,0.4404996633529663,0.44664955139160156,-1.0481302297193906e-06,-0.07770784944295883,-0.10751742869615555,-0.11024744063615799,-0.05745343491435051,-0.045096106827259064
dataset/0_90_jpg.rf.0545b4b2fbd7555e07cc4586d5e70e62.jpg,0,0.5499671101570129,0.6506607532501221,0.6315004229545593,0.5647252798080444,0.5024194717407227,0.4428356885910034,0.7075206637382507,0.3838510513305664,0.4646454453468323,0.4852973520755768,0.5153535604476929,0.5468398332595825,-1.2250648069311865e-06,-0.0908852219581604,-0.1377551108598709,-0.12777931988239288,-0.06595411896705627,-0.04867766797542572
dataset/3_115_jpg.rf.83116ad34ce5a1f04104ba4997dd3827.jpg,3,0.37045833468437195,0.25749102234840393,0.37051913142204285,0.30372846126556396,0.2117309272289276,0.2652547359466553,0.8358172178268433,0.5938409566879272,0.31418710947036743,0.2960696816444397,0.3299309313297272,0.6928361654281616,9.011503152578371e-07,-0.008796936832368374,-0.028986694291234016,-0.02520652860403061,-0.15016834437847137,-0.09467615187168121
dataset/4_183_jpg.rf.523795f2396a5cde76286d735252fd0c.jpg,4,0.46088719367980957,0.554839551448822,0.481512188911438,0.6365418434143066,0.7912588119506836,0.887761116027832,0.8926489353179932,0.5781145095825195,0.16823112964630127,0.1720370054244995,0.2698855400085449,0.43308332562446594,6.646224619544228e-07,-0.08857162296772003,-0.08358922600746155,-0.08262050896883011,-0.1251242458820343,-0.12809468805789948
dataset/1_23_jpg.rf.930ec330d1ca6985045d1b0bce3d1121.jpg,1,0.4993951916694641,0.44833314418792725,0.4068223237991333,0.46909299492836,0.4565199315547943,0.412921279668808,0.8580677509307861,0.5458709001541138,0.4158957004547119,0.6324220895767212,0.7048578262329102,0.734149158000946,-7.957310543815765e-08,-0.05279345437884331,-0.01507920864969492,-0.03936953470110893,-0.0299240630120039,-0.02487148717045784
dataset/4_105_jpg.rf.3090f8856596f75880921d3b6e535add.jpg,4,0.5087109208106995,0.48406994342803955,0.3766217827796936,0.5085248351097107,0.6864022612571716,0.8261422514915466,0.9404707551002502,0.6690651178359985,0.3008265793323517,0.2569809556007385,0.31229865550994873,0.4521057605743408,4.961831905347935e-07,-0.10841946303844452,-0.11712223291397095,-0.12499343603849411,-0.16476762294769287,-0.16639083623886108
dataset/4_198_jpg.rf.51d96d0b5ce8f5223d3f33982577fd96.jpg,4,0.44562506675720215,0.407784640789032,0.35635846853256226,0.4975087642669678,0.6400720477104187,0.7386659383773804,0.8375577926635742,0.5376701354980469,0.2306937575340271,0.20543473958969116,0.2600865662097931,0.3761039674282074,5.165560992281826e-07,-0.10718543082475662,-0.10651727765798569,-0.1062983050942421,-0.1339990347623825,-0.13249224424362183
dataset/3_50_jpg.rf.43218fa6c4e73f8b01caa6545cf19d0d.jpg,3,0.6296989917755127,0.3911788761615753,0.3166804611682892,0.2117442935705185,0.1407833695411682,0.49410122632980347,0.9384435415267944,0.7248386740684509,0.4306475520133972,0.5071340799331665,0.651696503162384,0.8553742170333862,7.127730441425228e-07,0.029663583263754845,0.013235527090728283,0.0015200484776869416,-0.11542602628469467,-0.08899576961994171
dataset/1_201_jpg.rf.da2b5cefe8db62b2079719695b991cca.jpg,1,0.8891063332557678,0.6326825618743896,0.30278417468070984,0.6658173203468323,0.7584393620491028,0.7987868785858154,0.30979910492897034,0.5362403988838196,0.6412391066551208,0.495164692401886,0.4522978365421295,0.49249565601348877,2.1259484128677286e-07,-0.16231854259967804,-0.14292645454406738,-0.15286295115947723,-0.1212974488735199,-0.10885094106197357
dataset/3_84_jpg.rf.215e8b696f0dca576d360018879c1d9b.jpg,3,0.5903010964393616,0.5084627270698547,0.5977022051811218,0.4574589729309082,0.3412294387817383,0.5171898007392883,0.8200905323028564,0.5313048362731934,0.1712934672832489,0.16007962822914124,0.25340619683265686,0.6684979796409607,9.251610890714801e-07,-0.06709452718496323,-0.07829207181930542,-0.0949959084391594,-0.17290879786014557,-0.13051122426986694
dataset/5_7_jpg.rf.0e5f882fdd1acefe869c57afe19a80c8.jpg,5,0.4816938638687134,0.19297125935554504,0.527414083480835,0.5951274633407593,0.6623955965042114,0.7129411697387695,0.714980959892273,0.4615993797779083,0.3014647364616394,0.2747458219528198,0.31542831659317017,0.3697049021720886,5.068386599305086e-07,0.04680078849196434,0.10154280811548233,0.0852169319987297,0.049152713268995285,0.03241676837205887
dataset/2_126_jpg.rf.733acf8876a2a81056b8ca7f84204c03.jpg,2,0.6142162084579468,0.7248640656471252,0.6120339035987854,0.6822773218154907,0.6711909174919128,0.695408046245575,0.8607681393623352,0.5818811655044556,0.3407193422317505,0.3286215662956238,0.6577507257461548,0.7140422463417053,1.208636263072549e-06,-0.07904750853776932,-0.014601435512304306,-0.04770730808377266,-0.09422588348388672,-0.10647454857826233
dataset/3_174_jpg.rf.a864b2fed87575e50c5f35913b8c5d86.jpg,3,0.5903230905532837,0.5068681240081787,0.7847227454185486,0.5372825264930725,0.4355357885360718,0.4773833155632019,0.7827907800674438,0.7090791463851929,0.1120401918888092,0.04254838824272156,0.1448134183883667,0.7372443675994873,2.297505943715805e-06,-0.4873209595680237,-0.6512320637702942,-0.6281564831733704,-0.5508493185043335,-0.40972909331321716
dataset/1_194_jpg.rf.e99b3708ccbb6a823536a453696801e7.jpg,1,0.4580237865447998,0.504473090171814,0.5349133610725403,0.483629047870636,0.508275032043457,0.5582760572433472,0.8263752460479736,0.5335770845413208,0.2520889639854431,0.629530668258667,0.6902340054512024,0.7147747278213501,-3.117452536116616e-07,-0.13342073559761047,-0.14178672432899475,-0.14104297757148743,-0.09342028200626373,-0.09607285261154175
dataset/1_166_jpg.rf.818467aa26e2f9330889585a4812760c.jpg,1,0.7555631399154663,0.45914727449417114,0.1938936412334442,0.513396680355072,0.6146337985992432,0.5885592103004456,0.8406208157539368,0.6426347494125366,0.39965277910232544,0.6610096096992493,0.7479469776153564,0.8001616597175598,6.274080419643724e-07,-0.3316284120082855,-0.25056520104408264,-0.22674743831157684,-0.19004343450069427,-0.18210621178150177
dataset/1_193_jpg.rf.2776bd048f7c99140af0886b5742ed95.jpg,1,0.4899187684059143,0.4477313160896301,0.40099409222602844,0.4693427085876465,0.43663346767425537,0.38204219937324524,0.9120644330978394,0.6332076787948608,0.3522692322731018,0.7327197790145874,0.7865169644355774,0.8036039471626282,-1.67011151575025e-08,-0.14325547218322754,-0.13358891010284424,-0.13954928517341614,-0.08519449084997177,-0.07346799969673157
dataset/5_167_jpg.rf.04f5d8b8c7d953a9080715839eeda830.jpg,5,0.3376602828502655,0.3057367205619812,0.5929281711578369,0.7643946409225464,0.7813045978546143,0.783194363117218,0.7936235666275024,0.34380990266799927,0.16003113985061646,0.2894202768802643,0.4108099937438965,0.6498198509216309,1.0200690212514019e-06,-0.20613935589790344,-0.21003611385822296,-0.1937541514635086,-0.18816184997558594,-0.17432093620300293
dataset/1_134_jpg.rf.fd2c2a6a8c4d14114423e7c3e9b2a7f9.jpg,1,0.7137321829795837,0.49477270245552063,0.30232328176498413,0.5664843916893005,0.5833627581596375,0.5388810038566589,0.8699380159378052,0.61903977394104,0.33472636342048645,0.6741287112236023,0.7496080994606018,0.7983120679855347,5.018573006054794e-07,-0.29767847061157227,-0.22727327048778534,-0.20971451699733734,-0.15927788615226746,-0.1586565226316452
dataset/5_4_jpg.rf.5cca2dd122a5160572d441d9fbf92433.jpg,5,0.7577528357505798,0.6906015276908875,0.5064791440963745,0.42647671699523926,0.4035201072692871,0.392652690410614,0.7589667439460754,0.28894829750061035,0.08101058006286621,0.09637719392776489,0.18578442931175232,0.34471404552459717,9.206228810398898e-07,-0.18463686108589172,-0.2060651332139969,-0.17924126982688904,-0.15505285561084747,-0.13344278931617737
dataset/3_142_jpg.rf.d8124d5ee06bdb71e853cb964b4534a0.jpg,3,0.46928656101226807,0.38371574878692627,0.44378209114074707,0.3799874782562256,0.3048749566078186,0.3703612685203552,0.8276736736297607,0.592077374458313,0.32073837518692017,0.29940274357795715,0.3229878544807434,0.6859031319618225,9.352286838293367e-07,-0.011152311228215694,-0.016787666827440262,-0.004414624534547329,-0.15046288073062897,-0.1088872179389
dataset/3_180_jpg.rf.fceca6f658a3c2673ea739f43bf6ff80.jpg,3,0.8540307283401489,0.6934271454811096,0.555081844329834,0.4464978575706482,0.40481993556022644,0.6674496531486511,0.8959099054336548,0.9391394853591919,0.2593933045864105,0.284330278635025,0.4859468638896942,0.9337693452835083,1.8956842495754245e-06,-0.4042533338069916,-0.4711083173751831,-0.42696884274482727,-0.40592721104621887,-0.3002890348434448
dataset/2_108_jpg.rf.bd4d87517ee5aefd8140f6f72f2230a6.jpg,2,0.5106676816940308,0.6042702794075012,0.4285946488380432,0.6070080995559692,0.5913106799125671,0.6028857231140137,0.9269115924835205,0.6954036951065063,0.3234703242778778,0.33488553762435913,0.6763957738876343,0.752320408821106,7.817350251571042e-07,-0.14900852739810944,-0.1791791170835495,-0.15566964447498322,-0.13996227085590363,-0.14660492539405823
